#	15597
Bits   Query         start end Target      start end   idels introns
207.34 GRMZM2G157313  126  784 3:56793555..56791681    7 1875    2    0
//
>3:56793555..56791681.pep
AQPGVLAVHRDEARRLHTTHTPAFLRLDQASGXPRRARRGXSDVVVGVLDTGIYPIGRGS
FLPSSNLGAPPKSFRGGCVSAGAFNASAYCNAKLVGAKFYYKGYEEGLGRAMDEAEESKS
PLDTEGHGSHTASTAAGSPVAGASLFDYARGQAVGMAPGARIAAYKICWANGCYDSDILA
AFDEAVYDGVDVISLSVGAGSLAPPFFRDSIAIGAFGAMKKGIVVSASAGNSGPGEYTAT
NIAPWILTVGASTVDREFPADVLLGDGKVYGGVSLYAGEPLGSRKLPVVYAADCGSAYCY
RGSLDESKVAGKIVICDRGGNARVEKGAAVKLAGGIGMILANTEDSGEELIADAHLVPAT
MVGQTFGDKIKQYVKSDPSPTATIAFRGTVIAGSPSAPRVAAFSSRGPNYRAREILKPDV
IAPGVNILAAWTGESAPTDLAIDPRRVEFNIISGTSMSCPHVSGLAALLRQAHPDWSPAA
VKSALMTTAYNEDNSGETIKDLATGVESTPFVRGAGHVDPNNALDPGLVYDADADDYVGF
LCALGYSPSLISVFTRDGSVADCSKKPARSGDLNYPTFAAVFGSDNDTVTYHRVVRNVGS
NANAVYEARFVSPAGVDVTVTPS
//
#	6641
Bits   Query         start end Target      start end   idels introns
101.36 GRMZM2G097170    1  104 1:22868935..22868533    4  394    0    1
//
>1:22868935..22868533.pep
SDSDASPNPPPAQEESSQEDPSPARSSSSPSTAPTAAAPPPPGAREVAAAMLAVERDAAA
IAESYASLFASLRIALSNVTSTSAENMDCLSEVVGRLQES
//
#	8496
Bits   Query         start end Target      start end   idels introns
697.37 Sb01g033690     1  581 4:32591766..32589618    1 2143    2    2
//
Making a R in phase 2 intron
>4:32591766..32589618.pep
MDLAGELRLGALLALPALQRLDLRGNAFYGNLSHSASSSCALVEVDISSNAFNATVPPAF
LASCGSLQTLNLSRNSLTGGGFPFAPSLASLDLSRNRLADAGLLNYSFAGCHGLRYLNLS
ANLFTGRLPEQLASCSAVTTLDVSWNLMSGALPAVLMATAPANLTYLSIAGNNFTGDVSG
YDFGRRLALAGNEFAGPIPGELSQLCGRIVELDLSNNGLVGALPASFAKCNSLEVLDLGG
NQLSGDFVATVISTISSLRMLRLSFNNITGANPLPVLAAGCPLLEKXTLPKLVDLVVWAN
GLSGKIPDILCSNGTTLETLVISYNNFTGIIPPSITRCVNLIWVSLSGNRLTGSVPPGFA
KLQKLAILQLNKNLLSGRVPAELGSCNNLIWLDLNSNSFTGTIPSELAGQAELVPGGIAS
GKQFAFLRNEAGNICPGAGVLFEFFGIRPERLAEFPAVHLCPSTRIYTGTMDYTFSKNGS
MIFLDLSYNGLTGAIPGSLGNLMYLQVLNLGHNELSGTIPEAFSSLKSIGALDLSNNQLS
GGIPSGLGGLNFLADFDVSNNNLTGSIPSSGQLTTFPASRYXTITLLFVAFLCHP
//
#	1060
Bits   Query         start end Target      start end   idels introns
115.89 GRMZM2G468615   65  170 3:14297199..14297515   18  317    0    0
//
>3:14297199..14297515.pep
RAKRACMCSPTTHPGSFRCALHRGCSSSPGTAAAGGLHQDARRSAMANSLVRIAAVEGGD
HVRRALAALVRPSSHHQRRGTSFRALPSRLSAMSAAAAVA
//
#	2809
Bits   Query         start end Target      start end   idels introns
113.17 GRMZM2G465053   32  201 3:9118447..9118983   10  537    0    0
//
>3:9118447..9118983.pep
AQPVDKTLSSASDLLKLLPTGTVLAFQALAPSLSNHGVCHGAINRYLLLALIGGCAFSCV
LLSFTDSLVGRDGRLYYGAATFRGFYPFNYSGTRAERDAVFKDLSRFRLTPMDFVHAVFS
AVVFLAVAFADAGVLGCLFPDAGMDLRELLVNLPLAAGFLASMVFMIFPTTRKSIG
//
#	3576
Bits   Query         start end Target      start end   idels introns
596.81 GRMZM2G417496   25  331 4:2985881..2986867    1  987    0    1
//
>4:2985881..2986867.pep
VFDCCFSTETMDQFKYKNYLDGIVLQLREQFADSPLMVLNFRDEGKSLVSGLFSLYRITV
KDYPCQYLGCPLLPLDIIIHFLRLSERWLMLEGKQNILLMHCERGGWPVLAFMLAGLLLY
RKQYNGEQRTLDMVYKQAPKELLQMLTTLNPQSSHIRYLQYICRMDYELGTQPIPFTMDC
VILRGVPNFDGVGGCRPIVRVYGQDILTADKGRNVLATPFKAKKHVRRYRQADNIPVKLN
VGSCVQGDVVLECLHVDDGLENERLMFRVMFNTFFIQSHILQLNFEDIDVSWDADHRFAK
NFKAE
//
#	4612
Bits   Query         start end Target      start end   idels introns
141.21 Sb06g001570     6  172 1:560458..559700    1  756    0    2
//
Making a I in phase 2 intron
>1:560458..559700.pep
RGAVPLVRTASTAAALKVGDALRSHGPRRRFTEADVAAYAAVSGDRNPVHLDDAFARGEA
GFLRGRVVHGMLVASLFPALIASHFPGAVYARQSLRFAAPVHVGDEVVAEVQALQIKATG
ARHIVKFATKCFTDAGDGETLAIDGEAMAFLPTLQVS
//
#	11328
Bits   Query         start end Target      start end   idels introns
41.34 GRMZM2G075253   47  128 1:52275134..52274840    1  289    3    0
//
>1:52275134..52274840.pep
GFNVETVEYKNISFTVWDVGGQDKVXDRMLLKYVVVLHFSTIVHCKXYLCIFLNLCPXHY
FFVCPIWSKQIRPLWRHYFQNTQGLIFVVDSNDRD
//
#	4606
Bits   Query         start end Target      start end   idels introns
143.60 Sb05g000310    46  130 5:21719513..21718582    1  255    0    0
//
>5:21719513..21718582.pep
GSSERKARPQKEKALNCPRCNSTNTKFCYYNNYSLQQPRYFCKTCRRYWTEGGSLRNVPV
GGGSRKNKRSSSSSSANAASGVSAS
//
#	14666
Bits   Query         start end Target      start end   idels introns
112.73 Sb04g030930   205  304 3:8007309..8008403  555  933    0    1
//
Making a R in phase 2 intron
>3:8007309..8008403.pep
RKNQQKKVVCHVAADGVSSDVWAWRKYGQKPIKGSPYPRGYYRCSSSKGCPARKQVERSR
ADPNTFILTFTGEHNHAAPTHRNSLAGTSRN
//
#	7504
Bits   Query         start end Target      start end   idels introns
317.98 GRMZM2G023655   35  264 1:66849696..66849034    1  663    0    0
//
>1:66849696..66849034.pep
TFVNRCTGTVWPGILSNAGTARIEPTGFTLPPGAARAVPFPSGWSGRLWARTGCAQDAAG
RFACATGDCGTGSLECAGRDGATPATLAEFTLDGGGHNDFYDVSLVDGYNLPILVEPAGS
SSSGTTCAAAGCAADLNMRCPAELRAVGGAACRSACDAFGKPEYCCSGAFANPNTCRPTA
YSQAFKSACPRSYSYAFDDPTSTFTCAGGRDYTITFCPVAT
//
#	8201
Bits   Query         start end Target      start end   idels introns
39.33 Sb10g012150   104  234 4:38168629..38168141  115  486    0    0
//
>4:38168629..38168141.pep
YRSVAHAIGRIARDEGVRSLWRGSSLTVNRAMIVTASQLATYDQAKEAILARRGPAGDGL
ATHVAASFTAGLVAAAASSPVDVVKTRVMNMKVQPGAPPPYAGALDCAIKTVRSEGALAL
YKGF
//
#	11401
Bits   Query         start end Target      start end   idels introns
396.95 GRMZM2G119766   36  335 1:48748877..48749872   79  996    0    0
//
>1:48748877..48749872.pep
IGVSKKFEGSSDFVKLEYHMGPVLAADITVHPIWYGAWPATQKRTIRAFLRSLSPEAQSA
AAIPSPSVAAWWRTVRLYADQTDANVSAVVNLGQEKSDTRMSRGASLTRLDIQRVIHDAV
TARTKPLPVDSSGGLYLVLTSPEVHVETFCGQVCGFHYFTFPSIVGYTLPYAWVGNSAAR
CPEICAYPFAIPSYVANGRKPEMAPNGDVGVDGMVSVIAHELAEAASNPLANAWYAGGDP
SFPTEIADLCEGIYGTGGGGAYTGQLLTDGRSGAAYNVNGVRGRRFLVQWVWDPYRSYCS
GPNALD
//
#	2127
Bits   Query         start end Target      start end   idels introns
197.02 GRMZM2G068699   29  326 1:60909009..60908128    1  882    0    0
//
>1:60909009..60908128.pep
YKKTCPKVEAIVRDEVKKFVYKNAGIGAGLIRLFFHDCFVEGCDGSVLLDPTPANPQPEK
LSPPNFPSLRGFDVIDAAKDAVEKACPGVVSCADIVAFAGRDAAYFLSRLTVKIDMPAGR
LDGRVSSSTAALNDLPPPFANLSQLIANFAAKGLSAEDMVVLSGAHTIGVSHCSAFVSDR
LAVPSDINTGFANILRKQCPANPNPANDPTVNQDLVTANALDNQYYKNVLAHKVLFLSDA
ALLASPATTQMVRDNANIPGQWEDKFKKAMVKMSAIGVKTGNQGEIRKSCRVVN
//
#	10444
Bits   Query         start end Target      start end   idels introns
71.33 Sb04g031690    37  142 1:73546007..73546333   16  327    0    0
//
>1:73546007..73546333.pep
VDSVEVEVEMEKVTVTGYVDRHRVLKEVRRAGKKAEFWPNPDQPLRFTTAKDYFRDEESF
RQSYNYYRHGYNGDKHGHLPEPQRGSDPVSNMFNDDDVNACSIM
//
#	9897
Bits   Query         start end Target      start end   idels introns
92.20 AC218973.3_FG003   11  123 2:41863847..41864200    1  333    0    0
//
>2:41863847..41864200.pep
ACSACKHQRRRCAPGCLLAPYFPAENPGSFRNSHRLFGIKNILKFLTRAPPEKRDDCMRS
MLYEADQRASNPALGAYGAVLSLQQEYIRVRNELAVLEKQLEQYRNAAEAA
//
#	4204
Bits   Query         start end Target      start end   idels introns
57.04 Sb10g001780     1   33 1:48373165..48373272    1   99    0    0
//
>1:48373165..48373272.pep
MGFLITTIIFFLAGFVASCLALICCNRGPSTNL
//
#	8090
Bits   Query         start end Target      start end   idels introns
131.63 GRMZM2G032124    1  136 2:8303769..8303270    4  500    1    1
//
Making a A in phase 2 intron
>2:8303769..8303270.pep
KSPCGVQERGGGHPPLLGWCSLPGTGLKEGHLQGRHASAYGEEPPVQVLQACTVAHCXAS
SSGDNEREGEASGMISEEELVLPFTEFLEKQRLPPKIRAVVLYAIAMADHDQDVAEPCEK
LLTTRDGIKTIALYSSSIGR
//
#	12571
Bits   Query         start end Target      start end   idels introns
49.71 Sb0011s003010   26  159 1:3003524..3002700    1  408    0    0
//
>1:3003524..3002700.pep
DAKWLIRNHLLALADAFPSLRLRAAQPQFTTHNDAGRLLLQAIGTIPILHAGASYNLPAV
VWLPERYPRCPPLVFLSPTRGMVVKPHHPLVVDHRRSGSGLIAVDAPCLRSWVFPSSNLL
DLVRSLARLFGLDPPL
//
#	10139
Bits   Query         start end Target      start end   idels introns
242.40 GRMZM2G027378   12  148 4:1574204..1574792    1  589    0    2
//
>4:1574204..1574792.pep
VAVPRNFRLLEELERGEKGIGDGTVSYGMDDADDIYMRSWTGTIIGPHNTVHEGRIYQLK
LFCDKDYPDRPPTVRFHSRINMTCVNPETGLVDQRKFGLLSNWRREYTMENILIQLKKEM
AASHNRKLVQPPEGTFY
//
