#	3742
Bits   Query         start end Target      start end   idels introns
260.73 BRADI1G44700    1  280 6:7220866..7222991    1 2123    0    6
//
Making a S in phase 1 intron
Making a A in phase 1 intron
Making a V in phase 1 intron
>6:7220866..7222991.pep
MSLCCFSSSTAAAAAARRFLLPHLFLGRRRHRHRHDQVRYTILHHPRTHTTAAPPAAAAS
TTRLSPSQQRQVSLYVDALLDWNQRMNLTAVTDEGEVMTRHVADSLAVLPPLERAYRGDL
GGMRLVDVGSGAGLPGLILAVARPSWKFTLLESMQKRCLFLEHAVEVMGLSNVDVVCDRA
ENVGQSPDFREAFDVAVARAVAELKVLAEYCLPLVRIDGLFIAAKGHNPHEEIKNAKSAV
HKLGASMLEICDVESMGPHGQRTAVVYIKECITPKKYPRHPGTPKM
//
#	1624
Bits   Query         start end Target      start end   idels introns
64.83 BRADI3G43030    8   65 5:7534382..7534200    1  177    0    0
//
>5:7534382..7534200.pep
EQVFRRYDANGDGKISAEELASVLRALGAPLGPGEVRRMMDEMDSDRDGFVDLSEFAAF
//
#	5078
Bits   Query         start end Target      start end   idels introns
98.41 BRADI1G09637   55  189 1:15958337..15957933    1  405    0    0
//
>1:15958337..15957933.pep
DYLSPQNAARSAVGVGPMSWSTKLQGFAEDYARQRKGDCRLQHSGGPYGENIFWGSAGAD
WTAADAVRSWVDEKKYYNYASNSCAAGKVCGHYTQVVWRDSTNVGCARVRCDANRGIFII
CNYEPRGNIVGRRPY
//
#	14191
Bits   Query         start end Target      start end   idels introns
42.96 BRADI5G20997  194  240 1:25745745..25746519  635  775    0    0
//
>1:25745745..25746519.pep
RMSYIQHMKNSRFCLCPMGYEVNSPRIVEALYYECVPVIIADNFVLP
//
#	578
Bits   Query         start end Target      start end   idels introns
1514.76 BRADI2G28435    1 1106 5:16694683..16713877    1 19195    1   25
//
Making a G in phase 1 intron
Making a R in phase 2 intron
Making a G in phase 1 intron
Making a D in phase 1 intron
Making a K in phase 2 intron
>5:16694683..16713877.pep
GEVASIPLPYAVSSIWPLPSGLLLQKSTDGGHMVLSSTSLLKSRDLIRPNKEFGLNYNVS
SQVNTLETVSKADGAIFSSHLILKHPLEEPQALDKCRESPPDDWPAPAYVLVGRDDLAMA
RMGSGRRENGFWNNDNLTSISVPYMLHLQPVTVLTTALDVPPSEILNSEDTDSVYRSVED
GMEHIFTSTTQLRYGRDLRLNEVRRLLCSARPVAIQTPNNPSVSDQDLQQALVFPKLVLA
GRLPAQQNATVNLDLSTRSVSEFKSWAEFHNGVAAGLRLAPFQEKMLRTWIQYNRPSEPN
FTHAGLLLAFGLHEHLRVLTMTDAYRYLSQEHDITRLGLLLGLAASNRGTMHPAISKMLY
FHVPSRHPSSTPELELPTLLQSAAVMGIGLLYEGSAHALTMKILLGEIGRRSGGDNVLER
EGYAVAAGSALGLVALGRGSNAFGFMDTFLDRLFEYIGSKEVYHEKHLNAAIAADEQSGN
TGQMMEGAQINVDVTAPGAIIALALIFLKAESEEIAARLSVPNSHFDLQYVRPDFVMLRI
VARNLILWNRIQPTKDWVESQVPSFVNFGVSNTSQEAMDSDELDSEALFQAYVNIVTGAC
IALGLKYAGSRNSDAQELLYAYAVHFLNEIKHISIQTASILPKGLLQHVDRGTLELCLHL
IVLSLSLVMAGSGHLQTFRLLRYLRGRSSAEGQVNYGLQMAVSLAIGFLFLGGGTHTFST
SNSAVAALLITLYPRLPTGPNDNRCHLQAFRHLYVIATEPRWIQTVDVDTGLPVYCPLEV
TVAETEYYDETNYCEVTPCLLPERSVLKNIRVCGPRYWSQVITLTPEDKPWWKSGDRTDP
FNGGVLYIKRKVGSCSYSDDPIGCQSLLSRAMHEVCDTPSTSCSNQANSATRSSLRVDQL
VSTFSANPSLIAFAKLCCQSWKDRXKRNGSFEEFCSQILYECMSKDRPALLQVYISFYTI
IETMWEHLKIGHFPFSDSLFLSSLKVASAYNEALIDGRITTGGIIQSTFLESLMKRIEYI
FAELPNLHDSFINYLNKGKWPDAQNEAVLLSWYLQWYSIPPPHIVSSAIEKVKPRTRTSL
SMLPLLRLLLPTTHLVGLMEIEKLHM
#	3191
Bits   Query         start end Target      start end   idels introns
429.13 BRADI1G75700   26  252 3:2227378..2226686   13  693    0    0
//
>3:2227378..2226686.pep
PVSSADLYALVYKGCSNQSFPGGAVPPTVAALSSSLSDQSASAKFYKTSSSSSASSTSVF
GLFQCRGDLSGSDCAACVSRAMSSWSEVCGASVAARVQLTGCLALYEISGFPQVSGTQML
FKTCGTGGGGGTDFEMRRDTAFAQMEASVGGGNGGFYATSYQQVYAMAQCEGDLSSGDCG
QCVTQAVQHVEVECGGAPSGQVYLEKCYISYSYYPHGIPHGGGIGGQ
//
#	12784
Bits   Query         start end Target      start end   idels introns
163.60 BRADI2G48770   26  107 1:30363858..30363519    1  340    0    1
//
Making a W in phase 2 intron
>1:30363858..30363519.pep
YASMRAIESPSTLDDQQWLTYWVLYSLITLFELSCWKVLQWFPLWPYMKLLFCCWLVLPI
FNGAAYIYETHVRRYFKIGQYV
//
#	2364
Bits   Query         start end Target      start end   idels introns
152.51 BRADI5G02520   48  455 3:5111351..5112750   78 1400    0    0
//
>3:5111351..5112750.pep
SGAQKFMKKDLNISDAKVEVLAGIINIYSLVGSLAAGRTSDWIGRRYTMVLASVIFFAGA
LIMGLAPSYAIVMLGRFVAGVGVGYALMIAPVYTAEVAPTSARGLLTSFPEVFINAGVLL
GYVSNFAFYRLPLHIGWRVMFLVGAVPPAFLAVGVLAMPESPRWLVMQGRIGDARRVLEK
TSDSPAEAEERLADIKNAVGIPEGISDEDEVVAVVHKSRGSHGEGVWRDLLLRPTPAVRR
ILIACLGLQFFQQASGIDAVVLYSPRVFDNAGLHSDSDSIGASVAVGASKTLFILVATFL
LDRVGRRPLLLTSAGGMVISLVTLASALHMIEHRPEGQATALVGLSIAMVLVFVASFSIG
MGPIAWVYSSEIFPLRLRAQGCALGTAMNRVVSGAVSMSFISLYKAITFAGSFYLYAGIA
AAGWVFMFFFLPETQGRSLED
//
#	15807
Bits   Query         start end Target      start end   idels introns
2301.68 BRADI1G18510  166 1789 7:28260751..28270163   19 9413    0   15
//
Making a G in phase 1 intron
Making a S in phase 1 intron
Making a R in phase 2 intron
Making a S in phase 2 intron
>7:28260751..28270163.pep
IDYNLYGMGYVHVTDFKFRPPLPDDFHPKSSLHSKVHPDNVAIRKPTIWISSTVPHSLIL
ASSATSHCMEGTNWNVTNRHSSLMLEADSRIEGILNEKYKMYTSLSQATADSKIVRSLLS
IWEELEHLRLLEEAKPVDMGRPLRDSVLRSFLHGIKYETALSMLCPKEEVSYHRVPTMEE
SEKLEECLKSLNDIIGTITFSQNDYCSIIDSDISAGTQQENQITNVLCLEPSEEGNTQCP
VSSSAAQRTSSQLFEEHEKLVDAEALGLLSWLASSQAAEEPTTDDELVNEAILSPLFSKK
SIAVALESAQLDFDGASQQECQDILDSIGPVIGEEQPNDQMSYRSSVRLGESSSLSNSIP
QIDGSSDENKEVPQEDGKYKIDRKRAGLPSYSSPQSSSKASKRGGNELLWGSLPLSIKKR
SDLNADGHSGGAMPTEKVLSASFMSGTGKNSHANPDNTERGSSSPTGEHDPLCDSVRDLM
RRRRRSFRSEQSEVGNSGDAAYIVRKENEIVNSERLELHDISSDLSNSEMYYSGSEYLQM
TFARKPPMKNEVLCLEGSSAGSELPQSSKLGFADIPPFFNQTAEENKQNESFQRMGSSWD
TLGVPTHFQNDGSALYLLTHAFSPPSTVAVGQWLTQQSCSVSKVSVDQEGANNSTLSPYM
GGPALMDDSPASKMALEHSITTFPDDTVMIEPDLSNQEIKNLADWHDFSQISGGDEKDKL
TPLSQIGFCDPASIGGGQQLTIISIEVVITESRGELRPDPRFDAINAVSLAVEDDADNTI
EVHVLIRGNNDSSHRRRNLDGVSGCDVNVFPGERELLNHLINAICSIDPDIIVGWEIQLG
SLGFLAERAAHLGIGLLKRISRTPPHQMKHPPMNPVDESSQELPGASSADDVIDDASENN
WSHAHASGIHVDGRIILNLWRLMRAEVKLNNYSLEAVANEVLRRKVPLVPTKILNRWFAT
GSGRGRYRCIEYVNKRSSLNLEILNQLDLVNRTSELARVFGIDFFSVLSRGSQFRVESML
LRLVHTQNYLAISPGNQQVASQPAMECLPLVMEPESAFYSDPVVVLDFQSLYPSMIIAYN
LCYSTCLGKVFPSKSSVLGVSSYSADPQKIADLKNQLLLTPNGVLYVQPEVRKGVLPRLL
EEILSTRIMVKKAMKKLSASQKVLQRIFNARQLALKLIANVTYGYTAAGFSGRMPCAEIA
DSIVQCGRRTLETAISFVNQHPLWKARVVYGDTDSMFVLLKGRSREEAFRIGKEIASSIT
AMNPDPVTLKFEKVYHPCFLLTKKRYVGYSYESPEQKEPIFDAKGIETVRRDTCPAVAKI
LEQSIRIMFEEQDLAKVRSYLERQWTRILSGKISIQDFVFAKEVRLGTYSARASSLPPAA
IVATKAILSDPRAEPRYGERVPYVVIHGEPGARLVDMVIDPYGLLEVGSPYRLNALYYIT
KQIIPALQRVFGLVGADLNKWFNEMPRPIRETLAKRQSASGHGSFSRLGLNKKGVGKGSR
IDTYYMSSHCIICGEIIQGSDTFCNNCLRNEAVVGTIVAGRTSKLEREIQHLAAICGHCG
GADWIVESGIKCISLACPVFFERRKIQRELRGVSESAIEAGYYPFCCPELF
#	826
Bits   Query         start end Target      start end   idels introns
96.32 BRADI3G60350    5   77 12:3708976..3709445    1  225    0    0
//
>12:3708976..3709445.pep
PQGSSGGGEKKVVAPTTPAAAGAAATTTLAKRPSKDRHTKVDGRGRRIRMPALCAARVFQ
LTRELGHKSDGETIE
//
#	6239
Bits   Query         start end Target      start end   idels introns
774.33 BRADI1G35640    1  431 6:25237075..25235777    1 1299    0    0
//
>6:25237075..25235777.pep
MGSVGLARMLRSLCVAGDLARAVGLLWRSTVCPGEGTYALLLQECVNRRDARMGKRIHAR
MVSVGFGGGVYIVTKLLIFYVKIGELGVARKVFDGMPQRSVVAWNAMISGCARGGAEARA
VEMFGSMRAEGMRPDQFTFASVLCACARLAALEHGRRVHGVMVKSRVGGGNVFVDSALVD
MYLKCSSPEEARRAFAAAPARNVTMWTAVISGHGQHGRAAEALALFDRMTRVDGLRPNDV
TFLAVLSACAHAGLVGEGLRHLSSMSSGYGLTPRGEHYAAAVDMLARVGRLGDAYELVKN
LPDCQEHSVVWGALLGAGRKHGDVRLVELAARRFFRLQPGNAGKYVVLANAYAAREMWGS
VAGAHEAMRSLGIKKDPAWSAVEVRGKRHTFLAGDSYHDERSAIYAACNALAAAVAEQSV
PPVMDGDDASHCS
//
#	11050
Bits   Query         start end Target      start end   idels introns
1923.00 BRADI4G31060    1 1422 9:16084193..16092592    1 8400    0    7
//
Making a R in phase 2 intron
Making a S in phase 2 intron
>9:16084193..16092592.pep
MLPRPACAPPPRLLPAAAAATFPLILRRRQRRRHHRHRPRPCPTLRASLSDLLASIPSSL
ALVGPAAAAAVAAVASSFSSSSSSSYVRNGLPPPSSSPPEPDSGYAAACGDAAGDWILFT
SPTPFNRCVLLRCPSVSFEDGGVLLDGVNERLLTEERHYVNLSRGSIPAARGGDGGAGDI
FYQRVCIPAEDGGVIALDWPDNLDLGKEHGLDSTVFIVPGTPEGSMERGIKVFVLDALKN
GYFPIVMNPRGCGGSPLTTPRLFTAADSDDIGTAIRFINNKRPWTTLMGVGWGYGANMLT
KYLVEVGESTPLTAAVCVDNPFDLQEATRSFPHHIALDRKLTTGLVDILRANKELFQGKD
KDFNVQKALSSDCLRDFDGAISMVSHGFSTVDDFYAESSTRLSISYVKIPVLFIQSDDGT
VPLLSVPRSSISENPFTSLLLCSCVHSTVFTFERYAVLWCQNLALEWLSAVEFALLKGRH
PLIKDVDITINPSKGLAFVEPQANDRKAPNNNNFRQQSQFILYNSMPHGINGLLLDSAKQ
HSVSNEKENGQIKDNGDMDRARKDVNEEESEETPEDDEKGHALQSASLVMNMLDATMPGT
LDDDQKKKVLVAVEQGETLVKALEEAVPEDVRGKLTTSVTEILQSKRGNFSLDALKRLGW
TNGRPNTKTAVQEKIKDSDHESGLKDAKMHDQNKSASAIGDVDQKDGNLTSNDNSSGEGI
ESSQGKPSQTSGPVGAVTEMGTEQIQPNRSEKSTPGINESSEDHQHKTDQGTETAPKQVS
DDLSPSEKKNSDDQSPGEKKVSDDQSTANLNGAPRERVQSADATAESPQVHVVEKDGDAV
RASEDKATHNVTDQSMQVSKTEEPKPPPVNVTQALDALTGFDDSTQMAVNSVFGVIENMI
DQFEKQHESENGDKSDGSTDEASVNKTESQVTGDMNNESSGKSINPSSYQPENSISGKGD
SIMSEDRMIGEINSNLSIISSAKEKIGNYERNIIENYVDADVAKQGSGLPDYLLNIAVNS
YLKAQYAMYLHEFLSTQLQLKPPDSNSATDLFLDPHEGKWKIADQMDSEHDYNSKSDKDG
NYTKNIGISGSSRDQFRTENVIDTPYLVLSHYPVSRDKKSNELKQTVATKLPDIALRETL
TSFIRDELENALKIEVGRKVGITNTEQLERNLAHDVERLAAQVSRAVVLDCELYSAACVE
RNPTTVKFGTTHGENVIEAVSNAIQQSHDLRNILPVGVIVGVILASLRNYFHVDISKHDK
HTKTIVKSGVLSEDPDFKNSYLKKEESTDDASSKTEETTNNASLQKEEKANDSSKNAENA
DNPIEKTVAPKGQEIRRSEGQGMMVGAVTAALGASAFVAHHQQKKVEKHDNMDSTRPDET
AQEKSQNNLVTSLAEKAMSVASPVVPTKGDGEVDQESRLVAILAELGQKGGALRFVGKIA
LLWGGIRGAMSLTDRLISFLRISERPLFQR
#	13233
Bits   Query         start end Target      start end   idels introns
74.38 BRADI2G58500  127  479 6:2709539..2710771  106 1149    2    0
//
>6:2709539..2710771.pep
LSDASLPSARRFLSSMLRHGVAPNVYTYNILVRALCARGRLEEAVGVVGDMRGAGCAPNA
VTYNTLVAAFCRAGELDGAERVVSLMREEGNAKPNLVTFNSMVNGLCKAGRMEGARKVFD
EMVREGLAPXGQLQHLVKWLLQGGLXLHESLAVFSEMTQRGLVPDVVTFTSLIHATCKAG
NLEQAVALVAQMRERGLRMNEVTFTALIDGFCKKGFLDDALLAVEEMRKCGIQPSVVCYN
ALINGYCKLGRMDLARELIREMEAKRVKPDVVTYSTIISGYCKVGNLDSAFQLNQKMLKK
GVLPDAITYSSLIRGLCEEKRLNDACELFENMLQLGVQPDEFTYTTLI
//
#	13796
Bits   Query         start end Target      start end   idels introns
145.21 BRADI1G01014   56  147 3:36104252..36104760    1  509    0    2
//
Making a L in phase 1 intron
>3:36104252..36104760.pep
RSVSIVYTMIGDVCLYIVGKDEYDELALAEVIFAITSAVKDVCGKPPTERLFLDKYGRIC
LCLDEIVWKGLLENTEKDRVRRLIRLKPPVEP
//
#	12301
Bits   Query         start end Target      start end   idels introns
264.48 BRADI2G46050   57  367 6:7157760..7156864    1  897    2    0
//
>6:7157760..7156864.pep
MSADYYSKTCPRADRIIADVLAQKQISNPTTAAGVLRLFFHDCFVGGCDASVLVASTAAA
RSERDADVNLSLPGDAFDALARAKAALEVECPGVVSCADLLAVAARDLVTMTGGPYYPLR
LGRKDGLSSSPSAPDAEIPHANLTVSRLVAVFAAKGFTVQDLVALSGAHTLGFSHCKEFA
ARIYGGGGGGADPTMNPALAKRLQEACXTTGGAXTIAAFNDVMTPGRFDNMYFVNLRRGL
GLLATDQELYGDARTRPHVERYAANETAFFADFARAARRLSHHGVKNGANGEVRRRCDA
//
#	11561
Bits   Query         start end Target      start end   idels introns
224.09 BRADI1G28580  131  309 7:15925283..15925947    1  656    0    1
//
>7:15925283..15925947.pep
VSSTVVLQLTELTLALALLQYSTKKDHKLWAFFQGKLYPQHSWVKETVLGLIFLMTVVSL
TTVVADRLIGLEDTYDPMLREILSDSPTSRLLCVFLYCVIAPLSEETIYRGFLLTALSSS
MKWKDAVIVSSLMFSIAHFSINNSFQLFVIGCITGLAYSRTGTLAAPLTIHSLYNAAIL
//
#	215
Bits   Query         start end Target      start end   idels introns
837.73 BRADI1G16730   18  506 7:29464493..29465899    1 1407    0    0
//
>7:29464493..29465899.pep
LLTRALLLAVAALALRLIYAAFLAGMALYPPLPAAAVLGSKTYLHSAVATPDAWRTRDWR
KAVDYHATLLAPHLADGILSPTSRAVCLGAVQEALAMRELGVSTAVAVARKRSPPLAVAG
NDRRLPFQDSSVDFVFAARALDSSKRPADLAAESARILKPDGHLVVLTTSAADAFSLRAL
QALLPSLRLLRSRQIKGPDDSTLRELVFQKIQDSTDDPVNKCTIGDHKLQLLTHAEPLIQ
EEPRKPWITLKRNIKNIKYLPTLADISFKRNYVYVDVGARSYGSSIGSWFRKHYPKQNHT
FQVFAIEADPAFHSEYAAKKAVTLLPYAAWVKNETLNFEINADPGKEDEAKANGRGMGRI
RPMAGKKMSGEVRSVPAFDFAEWLKRTVSEQDYVVMKMDVEGTEFDLIPRLFDTGAICLI
DELFLECHYNRWQKCCPGERSPKYQNTYDECLELFSSLRESGVLVHQWW
//
#	13093
Bits   Query         start end Target      start end   idels introns
245.59 BRADI3G33722   60  301 3:15563424..15562343  157 1061    0    2
//
Making a E in phase 1 intron
>3:15563424..15562343.pep
PFVPGRKRALLVGVSYKGSSYELEGTVNDVDCMRRLLGESFGFPADSILVLTEELGEGDP
SRSPTRANLLAAMRWLVEGCDAGDSLVFHFSGHGVQKLDVNGDEVDGYNEALCPVDFERS
GKILDDEINETIVRPLVAGAKLHAIVDTCHSGTILDLPFLCRLSRTGYWQWENHCRRPEL
AKGTSGGLAISISGCSDDQKSADSSQAAAAAAIGAMTYSFIRAVESEPGTTYGRLLAAMR
ATIR
//
#	4661
Bits   Query         start end Target      start end   idels introns
1008.91 BRADI1G24560    2  854 2:31123360..31116719    2 6642    2   20
//
Making a S in phase 2 intron
Making a G in phase 1 intron
Making a A in phase 1 intron
Making a S in phase 1 intron
Making a E in phase 2 intron
>2:31123360..31116719.pep
RXDSVKVVVNIRPLITPELLLGCTDCVTVTPGEPQVQIGPHVFTYDHVFGSTGSPSSLIF
EQCVHPLIDSLFRGYNATVLAYGQTGSGKTYTMGTNYTGEANCGGIIPQVMETIFKKADA
LKDGTEFLIRVSFIEIFKEEVFDLLDASHAALRLDSGSVAKATAPARVPIQIRETGNGGI
TLAGVTEAEVKTKEEMASFLARGSSSRATGSTNMNSQSSRSHAIFTISMDQKKTSSASDK
LSNDDYDILSSKFHLVDLAGIHINRGLLALGNVISALGDEKKRKEGAFVPYRDSKLTRLL
QDSLGGNSKTAMIACISPADSNAEETINTLKYANRARNIQNKAVINRDPVTAEMQKLRSQ
LEQLQTELLFSRSGSAALEELQLLQQKVSLLELKNSELNHELKERELSYEQLAQSALAAQ
LEKDQLMLKIESARNGKSWDDIENTDTDQQDVEVMKRYILKIQQLESELTRQKFSSTCKN
DLHDRFAMDKDLLLDDLGSGCEVGTPDASSEADEEKERDHSSMQDKLDKELQELDKRLQQ
KEAEMKEFAKSDTSVLKQHYEKKLNEMEQEKKALQKEIEELRHALTNITSSTDESAQKLK
ENYLQKLNTLESQLKKKQEAQQQLIRQKQRSDEAAKRLQEDIHRIKSQKVQLQQKIKQES
EQFRSWKAAREKEVLQLKKEGRRNEYEMHKLLALNQRQKMVLQRKTEEAAMATKRLKESL
EAKKSTRDTYGNKLKTSTNXFPIQITALMRAIDDELEVTVRAYELRSHYERQMQERAAIS
KEIAKLKECPQAMSPSARSSRISALENMLSSSSSAMVSMASQLSEAEERERAFNGKGRWN
HVRSLPDAKNTMNYLFQLASSSR
//
#	1263
Bits   Query         start end Target      start end   idels introns
95.83 BRADI1G62007  120  179 4:32992771..32992592    1  180    0    0
//
>4:32992771..32992592.pep
WYLKHYCAAHVSWDKTGGAQLSSVPRPGSLPRLPSGGILIQRPVGWSYYQNAVTSSCKLV
//
#	2916
Bits   Query         start end Target      start end   idels introns
62.04 BRADI2G54990    1   55 11:17159746..17159910    1  165    0    0
//
>11:17159746..17159910.pep
MADWGPVFIGLVLFILLSPGLLFQIPGKGRIVEFGNFQTSGLSILVHSIIYFALI
//
#	12012
Bits   Query         start end Target      start end   idels introns
987.92 BRADI1G31130  169 1396 2:6069713..6075565  393 5853    6   15
//
Making a L in phase 1 intron
Making a G in phase 1 intron
Making a E in phase 1 intron
Making a N in phase 1 intron
Making a Q in phase 2 intron
Making a I in phase 2 intron
>2:6069713..6075565.pep
RMSLLLGPPGSGKTSLLLALAGKLDSTLKVSGRVTYNGHDMDEFVPQRTSAYIGQHDLHI
GEMTVRETLAFSARCQGVGTLYKKCSNCCSLVQTGHLRGXQESVVTDYILKVSTTHYRKI
EKKRRNIHDXLIKLLLQILGLEICADTMVGDAMIRGISGGQKKRVTTGEMLVGPAKALFM
DEISTGLDSSTTYQIVNSLRQSVHILGGTALIALLQPAPETYDLFDDIVLLSEGQIVYQG
PRENILEFFEAMGFKCPERKGVADFLQEVTSRKDQHQYWCRRDEPYRYISVNDFSEAFKE
FHVGRNLGSELRVPFDRTRNHPAALTTSRYGISKMELTKACFSREWLLMKRNSFVYIFKI
LQLIILGSIGMTVFLRTKMHRRSVEDGAIFLGAMFLGLVTHLFNGFAELAMSIAKLPIFY
KQRDLLFYPSWAYALPTWVLKIPISFLECAVWICMTYYVMGFDPNIERFFRHYVLLVLIS
QMASGLFRLLAALGREMVVADTFGSFAQLILLVLGGFLISRENIKKWWIWGYWSSPLMYA
QNAIAVNEFLGHSWNKVMQCLLHQLKPDNLNSQNSPSDXSLFSTFLCIMALNKICHFVVS
XNKXQMQEEERLQELTPGRXGMVLPFTPLSITFDNIRYSVDMPQEMKDKGVTEDRLLLLK
GVSGAFRPGVLTALMGVSGAGKTTLMDVLAGRKTGGYIEGDISISGYPKKQETFARIAGY
CEQNDIHSPHVTVYESLLYSAWLRLPSEVDSEARKMFVEEVMELVELTSLRGALVGLPGV
NGLSTEQRKRLTIAVELVANPSIIFMDEPTSGLDARAAAIVMRTVRNTVDTGRTVVCTIH
QPSIDIFEAFDELFLMKRGGEEIYVGPLGHNSCHLINYFEGIQGVRKIKDGYNPATWMLE
VTTLAQEDILGINFAEVYRNSDLYQRNKTLISELSTPPPGSTDLHFPTQFSQPFFTQCMA
CLWKQHKSYWRNPSYTATRIFFTTVIALIFGTIFLNLGKKINKRLDLFNSLGSMYAAVLF
IGIQNGQTVQPIVDVERTVFYREKAAGMYSALPYAFAQVLIEIPHIFLQTVVYGLIVYSL
IGFDWTVEKFFWYMFFMFFTFMYFTFYGMMAVAMTPNSDIAAIVSTAFYCIWNIFAGFLI
PRPRIPIWWRWYSWACPVAWTLYGLVASQYGDITNSTLEDGEVVQDYIRRYFGFRHDYLG
YVATAVVGFAALFAFVFAFSIKVFNFQRR
#	7551
Bits   Query         start end Target      start end   idels introns
215.43 BRADI3G27210   58  253 8:2182927..2182049    1  879    0    2
//
Making a P in phase 2 intron
>8:2182927..2182049.pep
YYSMYGHVAKLAEEIEKGASSVEGVEVKLWQVVPETLSDDVLTKMGAPSKKDVPIITPAE
LAEADGVIFGFPTRFGMMAAQFKAFMDATGGLWRTQQLAGKPAGIFYSTGSQGGGQETTP
LTAITQLVHHGMIFVPVGYTFGAGMFEMEQVKGGSPYGSGTFAGDGSRVATELELQQAFH
QGKYFAGIAKKL
//
#	14753
Bits   Query         start end Target      start end   idels introns
91.05 BRADI3G34370    1   79 10:22867254..22866940    1  315    2    0
//
>10:22867254..22866940.pep
MSSPARSTVSAASAGAISASDDVADSIDALYRKDEAMAGKPSRKPXAFPLLLSFWILNRL
CLWLLPRXELKSEVMEALQKEVRSLDDDSWMFAAPRSRINLVSMSG
//
#	1001
Bits   Query         start end Target      start end   idels introns
217.55 BRADI1G15920   58  213 3:18206268..18207558    1 1291    0    3
//
Making a X in phase 2 intron
Making a R in phase 2 intron
>3:18206268..18207558.pep
HNILERNYRPMLYVPSRYRALGVRSFALPVSLQEIPLVKSTSVALTRXSCDTLLANPATA
LVVPAIGIIVFALWGFLPLMRDIRNRFDHGGNWKKSPTYLISTSYLQPLLLWTGATLICR
ALDPVVLPSAASQAVKTRLVTFVRSLSTVLAIAYILT
//
#	2783
Bits   Query         start end Target      start end   idels introns
236.75 BRADI3G13720   26  256 1:9525223..9525897    4  675    0    0
//
>1:9525223..9525897.pep
SGWSSGSATFYGGSDASGTMGGACGYGNLYSAGYGTSTAALSTALFNNGQSCGACFEVRC
GGGGSCLAGTVAVTATNLCPPNYALAGDAGGWCNPPRPHFDMAEPAFTRIAQARAGVVPV
QYRRVACAKQGGIRFTITGHSYFNLVLVTNVGGAGDVTAVSVKGSRSGWQAMSHNWGANW
QNGANLDGQPLSFRVTASDGRTVTSDNVAPSGWSFGQTFSGGQF
//
#	3843
Bits   Query         start end Target      start end   idels introns
39.05 BRADI5G07850  546  612 8:27879445..27879178   56  268    0    0
//
>8:27879445..27879178.pep
PPPPSPRSRWPWPRPPPPTPPRPRTSSPPSPSTTSSSPARRPSSAPPAASPSRPSSPPPT
PPPPPRPASNG
//
#	8285
Bits   Query         start end Target      start end   idels introns
97.92 BRADI1G54970  141  202 7:4722693..4723162    1  470    0    1
//
>7:4722693..4723162.pep
PYGFDIGNSERGNVLKGLDLGVEGMKVGGQRLIIVPPELAYGKKGVQEIPPNATIEVDCH
LL
//
#	11382
Bits   Query         start end Target      start end   idels introns
257.69 BRADI1G50490   25  195 6:839627..840261    7  635    0    1
//
Making a A in phase 1 intron
>6:839627..840261.pep
TVAALLAETLGCSFIEADDYHSQANKAKMSKGIPLTDGDRIPWLEALRDAVRERLDHGED
VAVSCSALQQKYREILREGDCSFRSGSGSYSSCRVKFVCLEASAEVIADRIRRRSMEGEH
FMPASLLQSQLDLLQIDEAEGITVVDATVRPNAIVHDTIARFREQLASTV
//
#	8901
Bits   Query         start end Target      start end   idels introns
124.97 BRADI3G34440    1  179 10:22808224..22807670    1  534    3    0
//
>10:22808224..22807670.pep
MSPTSPRLPLPATNTAPPFKVHRGSRLIHKQPPAAASSSSSSNSSTSSASXDDDDEEQXM
PPPPPQXHRPPSRQQHKQQQQQPVIIYTHSPKVIRTSPRDFMSIVQRLTGLDSARTAASH
SHHDSSSSSSSADSCTNTSHHHAHAPPPPSSHSHSYVVVDPPPPPLPTTHHFIPPEI
//
#	2057
Bits   Query         start end Target      start end   idels introns
519.24 BRADI1G29500    1  339 6:31092123..31089445    1 2679    0    7
//
Making a G in phase 1 intron
Making a R in phase 2 intron
Making a K in phase 2 intron
>6:31092123..31089445.pep
AVGPLVLPRTPLARADQPPSLSEWERVLLPIDPGVVLLDIAFVPDDPSHGFLLGTRQTIL
ETKNGGNTWFPRSIPSAEDEDFNYRFNSVSFMGKEGWIIGKPAILLHTSDAGDSWERIPL
SAQLPGNMVYIKATGEQSAEMVTDEGAIYVTSNRGYNWKAAVQETVSATLNRTVSSGISG
ASYYTGTFNTVNRSPDGRYVAVSSRGNFYLTWEPGQPFWQPHNRAVARRIQNMGWRADGG
LWLLVRGGGLFLSKGSGITEDFEEASVQSRGFGILDVGYRSKDEAWAAGGSGVLLKTTNG
GKTWVRDKAADNIAANLYSVKFLGDNKGYVLGNDGVLLRYVG
//
#	9754
Bits   Query         start end Target      start end   idels introns
1221.03 BRADI5G12890    1  873 4:23192613..23187402    1 5212    0   13
//
Making a E in phase 1 intron
Making a A in phase 1 intron
Making a E in phase 1 intron
Making a S in phase 2 intron
Making a G in phase 1 intron
>4:23192613..23187402.pep
MEAAAAESLPERPSEEEFCVALRNGLVLCNVLNHVNPGAVPKVVENPIVAVQSSDVAAQS
AIQYFENMRNFLVAVSEMNLLTFEASDIEKGGSSMKVVDCILCLKAYHEWKLSGGIGIWR
YGGIVKIASSSKRLPSYSSRGGGSADLNQQMLEFVHLLSEVSLEESRVGESQHSLFQQFV
LRVVRAFLQEWGEAEGLPLDDMVLETILEQACKEFTILLASHRNQVRSLLRKMMKDENGA
HSKQELIEVISKSMKETSECFLTSLRLPCGRRKQLDDGGGLEHQQEELEKLKVSFNEMKL
QVESTRSQWEEDLRRLESYFEAHNHNAYHKLLEENRKLYNQVQDLKAEVFADTQPLIRSV
MDGYNVCIFAYGQTGSGKTYTMSGPDITTEETWGVNYRSLNDLFAISQNRADTTTYDVKV
QMIEIYNEQVRDLLMVDEIRNSSHVNGLNIPDANLVPVKCAQDVLDLMRVGHRNRAVGST
ALNERSSRSHSVLTVHVQGKEIASGSTLRGCLHLVDLAGSERVDKSEAAGERLNEAKHIN
KSLSALGDVIAALAQKSSHVPYRNSKLTQVLQDALGGQAKTLMFVHMNPEADAFGETMST
LKFAERVATVELGAAHANKEVGQVKDLKEEISKLKLALDDKEREASKLRDIANRVASEKR
NARTRSPLTTTLSSKPEAGQDSSVDTCTSEIRSSSSGKQRRFRSPLSVRELDEKSPVINR
ELYLSAKFKTPSPPVRSSLSAERVGIAKSVERSENIDCTPVSRIEVPPKVQHSSSRKTPS
SVLTAQSLRKFRDSEENRSAKPSVRESMTKTRLDSATKPPQKEEQTANKNTGTRVRSEAK
IPRNISDIENEFANSEPTFHSNRKAWK
//
#	6691
Bits   Query         start end Target      start end   idels introns
350.96 BRADI3G46950    1  217 2:22327795..22328430    1  636    0    0
//
>2:22327795..22328430.pep
MKFRSDSSGGDEPRAPAAGDGGGGGDEPAKRQRTDPSSSSSQGEASSSSQPPPQQQQEEQ
PPEDAGEGEQPRVPDLGEDLVFEVLRRAEARTLAAAACVSRGWRQLAEDERLWEAACVRE
WANLGFSERQLRAVVLSLGGFRRLHAVYIRPLQWRGAGVPRQQGRRQPPVRLGRDQVQLS
LSLFSIGFFQNMPCPKKDKGNDSDKNGGGQCG
//
#	15240
Bits   Query         start end Target      start end   idels introns
784.40 BRADI4G29260    1  487 9:12549095..12547452    1 1644    3    1
//
Making a X in phase 1 intron
>9:12549095..12547452.pep
MRSAARPLAALXAPRRVRSSSXLGRLFCASPQTGFGGGDPGPADADTDAGVDVDARLVGS
LCRVLSDFRGPRHDLPAALRGFAPRLTPRDAAAVLRRCRHLPLPSLRFFLFAGELPGFSH
HPDSLLVLANSLAGARLFPLLRSLLSDLPPSALSRGLFPLLFRAYSRARLPEDAIRAFSS
MAGFGFPPTIADFHSLLFALSRNGLVEYGERFFRESTAQFDVSAKAYTILISGWAVVKKP
ENARSLFDEMVKRGVELDVHVYNALIDALCRGGDITSAQEQLSNMQKSHGLVPNAATYGP
FLHAACASKDVRAALRVLDRMHTHALTPNVFTYNAVIRLLCDLGEINEAYNILDEITTQG
EKPXXRFDTAIEVWDGMEKRGFHPGAATYAVMIHGLASKKGRAEDACSYFVRMVDEGIPP
YQATCEVLRDRLLMLGLRDQLGVLTDRMRRSTSYTIQEMSTIMCRSKRAEETKSLRNGHE
FSGRDLDENGWKGKWKPGD
//
#	8971
Bits   Query         start end Target      start end   idels introns
695.28 BRADI5G08970    1  403 4:19959380..19960647    1 1268    1    0
//
>4:19959380..19960647.pep
MRPWERRGVGAEGGESVGREDTDTNTNTTASSANASTSSSTAASGSSGARRNGAAAAAGE
GWGRSSLSTATINLSQEYTLAIHTSSYHEIWAKIHVDGGDGQREGGVSGGGGGEEDEEDE
DRCTLAGVLQPEDAVVERALGDAPDTELTRLAADYLRSTHHASLLCLSLRRALRRARALY
GPITDLLALIPHAPPLAAPHRDCAFDAFLLFDQMPNPFPAPAAGFQGMHRSFVGLKNHLD
LRLLRARRRRRLVRCATRGSGICLIACATGAAIAGLVLATHAITVLLAAAPACAASRGSC
CPATASMKRLQQHMDRLDAAARGAYVLNNDVDTIERLVGRLHATVESDKLLVRLGLERGR
GEHHTIEEVVRQLRKNHPSLLRQLADLEEHICLYFAAVNRARLLLVNHLSAQSDXQTEFP
LS
//
#	5848
Bits   Query         start end Target      start end   idels introns
1065.68 BRADI5G18697    1 1066 4:28405921..28392118    1 13804    0   24
//
Making a G in phase 1 intron
Making a E in phase 1 intron
Making a S in phase 2 intron
Making a V in phase 1 intron
Making a A in phase 1 intron
Making a G in phase 1 intron
Making a D in phase 1 intron
>4:28405921..28392118.pep
MDSAALLEVYRRDRRALLGFILSSAGGRAVDLSRVDLDAVSADYALGCVASGVQFDASEA
TRRYFDERRYPIMMGSPSVNSYFLLSRPERSGSPPNKAAPDIVPQAPAEENPTPIREHVD
FFRAAINILGTDNGTKDVSLADIYPKQVNKMDILSLGLPKLSTELSDDDIRETAYEVLLA
SLFVSGKILFSEEKKEKKPKFLKGLRSKTEVSNPSPQPENHYSQLLDLIRANVLEELLLF
PGSREYGMSETLRIVLSKIRDTEARANLRDWVVSVPDGPVEVLTIIERYNAKLCEAPKKF
NLKGETYHWIQSYHLNFRLYEKLLCIVFDILEDGQLVEEADEILETVKLTWTILGITQKL
HDTLFAWVLFKKHTCLQTQKLRLHNDAKEIELYTNSFVCSAEACGGNMALSLVDSAILKI
NKWCFRQLENYHSYFNKVDNSIFEGMLNLVVISETSRTDDDDDDEKAMLIGTPLDATQES
KLIHILVVRSIQAAYKHALISSDCQSKAEFKHPLIILANELKLVAEKECTIFSPTLCKRY
PEAGRVALVLLHLLYGQQLELFLERMDNSESLKEILAATNNFELCVAKKLYLMNEGAVGS
LLSKYLKPYMISQFSSPLILQWLHVQHENVLEWTKRTIEIEDWEPLSAHERHATSVVEVF
RIVEETIEQFFNSSLPLDTVHLRSLLIGITSSLQVYLHHMENQQVPRATLLPSAPVLTRY
AESVNPFAKRKLIVPTVPEEKVANKLNNLTVPKLCAKLNTLQFIRDQLDNIEEGIKQSWV
SVQSAVGLLDYLSCIASGRTLPKNLSSEESIDELFTIFDDVRRTAVSTTDRILNFIGTRA
VFWDMRDSLLFSLYRASVESARMEMFIPTIDQVLDQVCDLIVDALRDQVVLRVFQACMEG
LIWILLDGGPSRAFLETDVDLMHQDLAMIKDLFIAEGQGLPLDLVEKEARLTHQILDLFV
LKADTIIDMLINVSDQLPHHLELTTTRRRHVHDAHTLLRVLCHKKDKTASTFLKIQYHLP
RSSDYDDISTKNAPSKAPMFSDMLKSTSFNWSETGQQSFRVMKKKLQDTWQ
#	9280
Bits   Query         start end Target      start end   idels introns
354.84 BRADI2G12817    1  237 1:14803221..14802002    1 1220    0    1
//
>1:14803221..14802002.pep
MDIAANALLAAGASPAMVHSLREVPEFTPRCDAVCVNVGTLSEGWLPSMRAAASAGRPWV
LDPVAAAASEFRMEACLSLLALRPAVVRGNASEILALASRSLAASSSSSTTTFKGADSTH
DSGDALQDAKALARSTGAVIAVSGAVDYVTDGERVVGVSNGVAMMQKITATGCAATALIA
AFLAVVEEPSDAMAAAACALAVFGLAGEIGMESGAKGPASLRMHLIDALYCLDVQTVTSR
VKISL
//
#	9498
Bits   Query         start end Target      start end   idels introns
447.78 BRADI4G07861  169  485 12:14908547..14906287    1 2261    0    8
//
Making a A in phase 1 intron
Making a G in phase 1 intron
Making a E in phase 1 intron
Making a G in phase 1 intron
>12:14908547..14906287.pep
LEMLCGPDGELPEKLRNLEPRLIEHVSNEIMDKDPNVRWDDIAGLEHAKKCVTEMVIWPL
LRPDIFHGCRSPGRGLLLFGPPGTGKTMIGKAIAGEAKATFFYISASSLTSKWIGEGEKL
VRALFGVACCRQPAVIFVDEIDSLLSQRKSDGEHESSRRLKTQFLIEMEGFDSGNDQILL
IGATNRPQELDEAARRRLTKRLYIPLPSSEARAWIIRNLLEKDGLFKLTEEETNIVCKLT
EGYSGSDMKNLVKDASMGPLREALQQGVGITKLNKEDMRPVMLKDFETALQEVRPSVSSS
ELGTYEEWNRQFGSLA
//
#	13596
Bits   Query         start end Target      start end   idels introns
198.12 BRADI2G52130   10  118 1:33447459..33447806   13  339    0    0
//
>1:33447459..33447806.pep
GGGGGGWSDQCDVVARAFVEYYYQTFDTNRAALAALYGQTSMLSFEGHMVAGAEEIGRKL
LGLPFEQCRHAVCTVDCQPTPSFPGGILVFVSGNLQLAGEEHQLRFSQV
//
#	8521
Bits   Query         start end Target      start end   idels introns
580.49 BRADI4G00280   75  644 7:3774763..3778528    1 3766    0   14
//
Making a H in phase 2 intron
Making a T in phase 2 intron
Making a G in phase 2 intron
Making a A in phase 1 intron
Making a R in phase 2 intron
Making a R in phase 2 intron
Making a G in phase 1 intron
>7:3774763..3778528.pep
IQVGNSPEYITDRKLGKGGFGQVYVGRRVSGGTNRTGPDAYEVALKLEHRNSKGCNYGAP
YEWQVYHNLNGCYGIPAVHYKGRQGDYYILVMDMLGPSLWDVWNSLGQTMSPHMGACIAV
EAISILEKLHSKGFVHGDVKPENFLLGQPGSPDEKKLYLIDLGLASKWRESSGQHVDYDQ
RPDIFRGTIRYASVHAHLGRTGSRRDDLESLAYTLIFLIRGRLPWQGYQGDTKSFLVCKK
KMATSPEMLSCFCPPPFKQFLEVVTNMKFDEEPNYAKLISLFDSLIEVPASRPIRIDGAL
KVGQKRGRNHEEDEQPKKKVRLGSPAAQWISVYNARRAMKQRYHYNVADNRLQQHIEKGN
EDGLYISCVASSANLWALIMDAGTGFLSQVHELSPVFLHKDWIMDQWEKNFYITAIAGSA
NGSSLVVMSKGTPYSQQSYKVSESFPFKWINKKWKEGFHVTSMATAGNRWGVVMSRNSGY
SEQVVELDFLYPSEGIHRRWETGYRITSIAATNDQAAFILSIPKRKPVDETQETLRTSAF
PSNHVKDKWAKNLYIASICFGRTV
//
#	11109
Bits   Query         start end Target      start end   idels introns
103.97 BRADI1G21780  156  208 7:24991204..24991362    1  159    0    0
//
>7:24991204..24991362.pep
GPKGFALSSYSTEVSTIEPFLIDEKRANAKYVVFWVYKRLAGQGILPVWKEEE
//
#	8644
Bits   Query         start end Target      start end   idels introns
1765.05 BRADI2G46130    1 1054 1:27353067..27356796    1 3718    0    2
//
>1:27353067..27356796.pep
MPPTRPKRRRGGSARSRGRKKQKRLDAIHDVAPVSAPPAGAAVVVGGGGESEDSDAEGPR
RSTRVRRAPALLDTSPLPSPRRKRARGGGGGGVAGSSGGSSRRRSRGRARGEAGVAREIG
EEEEEEEDDEAGNVVWRSRLRDRVKGKAKLDKRVRSLWFDEDYEVELKEEEEVVVEEEEE
DEEEGDEEEEEEQVRTLVVDLREGAEEETMGEGSGSLPMRGREVMDREINLTIDLNVEEH
EAVEGVNVVEEEDGEKGGEADEEKGDAIGPGNDLHEGKHEEVGDEEGLHEKERTEELGSA
VLEGRNGDELPCNENNAEDGTGSSHEHEHLLVQNEQTVEESNLCVEQQMELDGSSPSEQL
KEVQQDVQTGGASNVVLPEEAPKEGVRKFPVSEEKQGTMEIKEGRRCGLCGGGTDGRPPK
VALHDTVDSDNEAYEGALPSEDPNYDMWDGFGDDPGWLGRLLGPIHDQFGIARVWVHQNC
AVWSPEVYFAGLGCLKNVRAALCRGRLLKCSRCGRPGATIGCRVDRCPKTYHLPCSRAEA
CIFDHRMFLIACNDHRHYFQPQGDKYVELLRKMKIKKMKADIRKVSHDAWRKDIEAEEKW
LENCGEDEEFLKREGKRLNRDLSRIAPVYIGGTSENEKAYCGWESVAGLSNVIQSMKEVV
ILPLLYPEFFSSLGLTPPRGVLLHGHPGTGKTLVVRALIGACSQGNRRIAYFARKGADCL
GKYVGDAERQLRLLFQVAERCQPSIIFFDEIDGLAPSRSRRQDQTHNSVVATLLSLLDGL
KSRGSVIVIGATNRPDAIDPALRRPGRFDREIYFPLPTFEDRSAILSLHTKKWPSPISGA
FLSVIASQTVGYAGADLQSICTQAAINALKRTCPLKEILLSAEKGFEHGRLPLPSILVEE
RDWLAALAAAPPPCSQREAGIAANDLVSSPLVSYLVPCLLKPLLHLFISLYLDERIWLPS
SLLKAFASIKQVIFSSMEKNNVPHTFWSSYLPSLIQQKGIAKRIASILSGYGLIAYQLGN
HDSVLNHNEQHEKFDAHRLNSTGSHPKGGLAHKLSGFRALAAGAPRSGQQHLIRCLLHGF
VGHTVIHKLDLATMAQEGNGDILSGLTQILRK
#	8865
Bits   Query         start end Target      start end   idels introns
636.85 BRADI1G15770    1  444 9:816637..821749    1 5113    0    4
//
Making a G in phase 1 intron
Making a G in phase 1 intron
Making a G in phase 1 intron
>9:816637..821749.pep
MEQLVGVHHHHSSSSSLSPRTPSPTHPLPHLLRLPSSSNRLRPPDHPHSSHPVSKLLRVT
PPFFLVLLAAVYLLASFTIFSSPAASLRPTKNRPKLLLPMPAPSPPPPDLFELHGGRIRA
WITNVGATVTSLLVPDNNGVLGDVVLGFDSLDPYQNGTSPYFGCIVGRVANRIKDGKFTL
NDKQYSLAINNPPNTLHGGFKGFDKIIWEVAEYVKGENPSITFKYYSKDGEEGFPGDVSV
TARYSILASTTLKLEMEAIPLNKATPISLAQHTYWNLAGHNSGDVLAHTVQILGSQITPV
DETSIPTGEMMPVSGSPFNFLTETTIGSRIDQVPGGYDHNFVIDCGEVKSGLCHVAKVTD
PSSSRVLDIWADAPGVQFYTGNFLNGIVGKGGAVYGKHAGLCLETQGFPNAVNQPNFPSV
VVQPGEKYSHTMLFEFSTK
//
#	15637
Bits   Query         start end Target      start end   idels introns
1829.79 BRADI1G29247    2 1675 6:31196701..31185582    2 11120    1   27
//
Making a W in phase 2 intron
Making a G in phase 1 intron
Making a F in phase 1 intron
Making a I in phase 2 intron
Making a L in phase 2 intron
Making a N in phase 2 intron
Making a R in phase 2 intron
Making a G in phase 2 intron
>6:31196701..31185582.pep
LSPRPEXLTPAMGISAAARGSGVGSSVPEAPVFRPTEEEFGDPLAYVARIRPLAEPYGIC
RIVPPPSWSPPPALDVCTLSFPTKRQPIHRLLARLAPADPDTFLLDYRRFLHRHRGRKKP
KPKLPALSDGRPLDLCRLFHAVKRFGGYDGACAGKRWADVLRLVDDKAPRHAFSVSEHVI
AQLYYEHLYQYEHFTNRLPSQSHDDQPPVSASSANISIRRQKKRLRKTSNTMGHCGGSTS
AKTAASAPKQKRRKVDATATVVNEAMDQVCEQCNSGLHGEVMLLCDRCDKGWHLYCLSPP
LESVPPGNWYCSECMNSDRNCFGFVHRRKTCQVETFRKFEERVRKRWFGHKNPSRVQVEK
QFWEIVEGKVGELEVMYGSDLDTSIYGSGFPRLCDPVPSSVDPVMWHKYCSSPWNLNNFP
NLPGSVLQTVRDNIAGVMVPWLYIGMLFSSFCWHVEDHCFYSINYLHWGEPKCWYGVPGA
EANAFEKVMRNALPDLFDAQPDLLFHLVTMLSPSILQANGVPVYSVIQEPGNFVITFPRS
FHGGFNFGLNCAEAVNFAPADWLPHGGIGAELYRLYRKAPVLSHEELLYVVAKNGVDNES
LPYLQGEIERLFVKEKKCREELWITGIVKSNLMPPKNNPNFIGSEEDPTCIICRQYLYLS
AVSCNCRLSSYVCLEHWKHLCECSPEKHRLLYRHTLAELGDLVCEVSKANLPRENVKQNS
LLHSDVFLPTRKDKDQYMSYTQLAEDWLSKADHILHMPFLDTAYATALEDAEQFLWGDHN
MDSVRNMSAKLIEGRKWASSVRKCLSQIDGFLHCKENCSEKVNYVEIKELAAVRCKPCYE
PSLAQLQVYVDKGEIMINEINNALSSRSKVDYLETLYSRALEFPVELTETSALSCEISSA
KSWLKKACDCLEQNKRGIVDIDFLNELKSEMVCLRVLVPEINLVSELWKEAEAWRIRCRS
YLQDPPSLKELESFLLVVDGANFSIPELNILMQRYSGACSWVNHANNIVGKLLERNDYDN
IVEELTGILKDGESLGVKGMLFEEFSVVEEELKKSFCRKQASEALATQTSMEVVKEVLKE
ASILTIEEEQPFVDLSHNLKAAITWEEKASFILEHSAALPEFENHILCSENIHVILPSEL
DMKAEVATAKLWMDKCQAYLRPRSDKPASGGFLNVDDLKDLIGQPASMKVILDTSAINSV
LNNVIEWEHNSLSLIHSSRSLLDSNVIDSTIDPLKRKLEELQDKINAEIEKGLSLGFEFK
VVHELKDSFFTLGWILNALSFCGVTPLLQDAEKLIQQAVNLPASLSDCSLAELLVRGSSW
LRKALMFLPGSEMSETSRLLNVENILAEYKASISKFKLIYLIFHALVGDQVFSFNCIIFC
LSQEIAVPYPMMIAKLEDAINKHNSWAEQCNAFFMFPDHQSWDGLLSLRDSGQSVAFDCT
EMDKVVAEIKKIEEWLTHCHCTLFPDGNNSDSLLSALLKIRGSMDNACMLYSDCNQKGLC
AICSCDVGDHITPRCMICQARYHSSCVEPLPASTQVTREWTCPFCFHLESGDPLQNRLQE
KISKGNRPALPALIGLRSFAKGFYSGIEELDLLEEIAEKAHKFKSYLMQILHDADSYHGE
DLSVMHRSLLIALKATSAAGLYDHQISCRIESMLSRYSWKKRIHILLCGGKKIPIQQVLM
LDNE
#	8182
Bits   Query         start end Target      start end   idels introns
74.74 BRADI3G29610   38   75 10:18516359..18516472    1  114    0    0
//
>10:18516359..18516472.pep
QVPGLLKIRYIGQTTVGSAAIFGLFLGAGSLIHCGKSY
//
#	3104
Bits   Query         start end Target      start end   idels introns
92.38 BRADI2G20440   37  111 7:4573947..4573633    1  306    0    1
//
>7:4573947..4573633.pep
VIIDFTASWCGPCRFIAPVFAEYAKKFPGAVFLKVDVDELKEVAEKYNVEAMPTFLFIKD
GAEADKVVGARKDDL
//
#	15260
Bits   Query         start end Target      start end   idels introns
308.45 BRADI2G14670   30  313 5:29220855..29219706    1 1150    0    2
//
Making a E in phase 1 intron
Making a S in phase 1 intron
>5:29220855..29219706.pep
QNRFREHNRLIHYREFILPRSSLKQEAYKHLVHDMDEHCSHHSSCLQPSTRKRDVKKLVQ
EHSPCQPSTLQADAYTTGLSMKEIERRRKIGAANKGKVPWTKGRKLSKEHKELIKRRTTE
ALRDPKVMSCKKPSHDTSSKDKIGAALRKIWERRMVAVKARQEVLRIWSNSIAEAAKYGD
YCQDKLDWDSYDRIKSEMISMFLWNKERERIMKKLEKAEAKIVAKKLQAAERSKLQTRGI
KKLQHQKLVLRKSDAQPTRVVVSTRPKLKERLTK
//
#	2700
Bits   Query         start end Target      start end   idels introns
106.23 BRADI3G21740    1   77 8:16870332..16870568    1  237    0    0
//
>8:16870332..16870568.pep
MATPQARAPPLLRAPPRACPAAQLATRRRLVRLPVAASAGVGGGGGPELRTCKNCKKHYD
PAANHPSACRHHTAHFGGE
//
#	5021
Bits   Query         start end Target      start end   idels introns
219.44 BRADI1G76380    1  193 3:1747357..1745205    1 2153    0    5
//
Making a R in phase 1 intron
Making a S in phase 2 intron
Making a V in phase 1 intron
>3:1747357..1745205.pep
MAAAPSRCLLVTGPPGVGKTTLVTRVFETLRESHPHLNIRGFYTREVRESGERVGFEVVT
LDGRTGPLASSKVSSRESVRWPTVGRYKVDIASLESLALPELQVKDDTDLFIIDEVGKME
LFSSAFFPAVMRVIESNIPVLATIPVPRLGRDIPGVARLRNHPGAVIYTLNTGNRDAMRE
GVYNHLSSLLQKR
//
#	2056
Bits   Query         start end Target      start end   idels introns
9257.84 BRADI5G26017    1 4754 4:34283847..34302785    1 18939    2   12
//
Making a G in phase 2 intron
Making a R in phase 2 intron
Making a G in phase 1 intron
Making a G in phase 1 intron
Making a R in phase 2 intron
Making a E in phase 1 intron
#	14448
Bits   Query         start end Target      start end   idels introns
35.62 BRADI1G08320   34   60 5:493555..493814    1   81    0    0
//
>5:493555..493814.pep
NTIQVYNVSKFLEDHPGGDDVLLSSTG
//
#	5038
Bits   Query         start end Target      start end   idels introns
114.03 BRADI5G04590   37  241 3:3647956..3649018    1 1042    0    1
//
Making a M in phase 1 intron
>3:3647956..3649018.pep
PGVKGSGFEGVVYTAEPLDACSPLTSKAEKGPPSPFALIIRGGCTFDEKVKNAQDAGFKA
AIVYDNENSGVLISMAGSSGGIHIYAVFISKASGEVLKKFSGHTDVEVWILPAFENSAWS
IMAISFISLLAMSAVLATCFFVRRHHIRRDRPRIPEAREFHGMSSQLVKAMPSLIFTKVQ
EDNCTSSMCAICLEDYNVGEKLRVLPCRH
//
#	15090
Bits   Query         start end Target      start end   idels introns
200.91 BRADI2G00986    1  154 1:594858..595570    1  697    0    2
//
Making a R in phase 2 intron
>1:594858..595570.pep
MESQRVVVVVEDVGAARAALQWAVRNFIRAGDCITLLHVCPPARSRRRRRSLRLGGFQLA
LAFRELCNGIAEAKVEIVVREGEVGETVVATVNQLAATTLVVGLHDKSFLYRSTNPYERM
RRVGCRVLGIRQHATARDGSFNAELTQIETINL
//
#	4395
Bits   Query         start end Target      start end   idels introns
100.57 BRADI3G60220    1   47 8:9068206..9068349    1  141    0    0
//
>8:9068206..9068349.pep
MGRAPCCDKATVKKGPWSPEEDAMLKNYIEEHGTGGNWIALPHKIGS
//
#	9871
Bits   Query         start end Target      start end   idels introns
668.32 BRADI4G45010   27  555 6:8763311..8758310    1 4897    3   11
//
Making a G in phase 1 intron
Making a G in phase 1 intron
>6:8763311..8758310.pep
RLRHRGPDWSGIHCYQDCYLAHQRLAIVDPTSGDQPLYNEDKSVVVTVNGEIYNHEELKA
NLKSHKFQTASDCEVIAHLYEEYGEEFVDMLDGMFAFVLLDTRDKSFIAARDAIGICPLY
MGWGLDGSVWFSSEMKALSDDCERFISFPPGHLYSSKTGGLRRWYNPPWFSESIPSTPYN
PLLLRQSFEKXAIIKRLMTDVPFGVLLSGGLDSSLVASVVSRHLAEAKVAAQWGNKLHTF
CIGLKGSPDLRAAKEVADYLGTVHHELHFTVQEGIDALEEVIYHVETYDVTTIRASTPMF
LMSRKIKSLGVKMVLSGEGSDEIFGGYLYFHKAPNKKEFHEETCRKIKALHLYDCLRANK
STSAWGVEARVPFLDKNFINVAMDIDPEWKMIKRDLGRIEKWVLRNAFDDEEKPYLPKHI
LYRQKEQFSDGVGYSWIDGLKDHANEHVSDSMMMNASFVYPENTPVTKEAYYYRTIFEKF
FPKAWKILSTFAVLILCXSYALANXTFGFMQNAARLTVPGGPSVACSTAKAVEWDAAWSK
NLDPSGRAALGVHDAAYE
//
#	2157
Bits   Query         start end Target      start end   idels introns
277.00 BRADI5G26467    1  358 7:7785855..7787107    4 1005    0    0
//
>7:7785855..7787107.pep
AVLPVLLTILLPSAAAIGVNYGTKGDNLPPPATVAKFLANRTRIDRVKLFDTNPDIVKAF
AGTGITVMVTAGNGDIPTLGTKDGAAAWVAANIAPYYPATDISLVAVGNEIINTADNALI
GGLVPAMRTLRAALVAAGFRRIRVSTPHSLGILSVSSPPSASRFLDVLDRTFFAPMLEFL
RKTKSPFVVNPYPYFGYNGDTIPYALARRPNPGVLDPGTGITYTSMLEAQLDSVFSAMKK
LGFEDVDITVGETGWPTKAEPGQAGVSVAEAAEYNRYLIGEASSGSGTPLMPKRTFETYI
FALFNENLKPGPIAERNFGLFKPDLTPMYDVGLM
//
#	395
Bits   Query         start end Target      start end   idels introns
415.36 BRADI1G54830   88  735 3:22701558..22703829  167 2272    0    0
//
>3:22701558..22703829.pep
KMLYAYDTVLHGFSARLTAREARDMAAMDGVLAVNPEARYELHTTRTPEFLGIAGNDGLF
PQSGTAGDVVVGVLDTGVWPESRSYDDAGLGEVPSWWKGECMAGTGFNSSACNRKLVGAR
FFNRGYEAAMGPMDTTRESRSPRDDDGHGTHTSSTAAGAAVSGASLLGFASGTARGMAPR
ARVAVYKVCWLGGCFSSDILAGMDAAVADGCGVLSLSLGGGAADYARDSVAIGAFAAMEQ
NVLVSCSAGNAGPGTSTLSNVAPWITTVGAGTLDRDFPAYVSLGNGKNYTGVSLYAGKAL
PSTPLPIVYAANASNSTAGNLCMPGTLTPEKVAGKIVVCDRGVSARVQKGFVVRDAGGAG
MVLSNTATNGEELVADAHLLPAAGVGAKEGAAIKAYVASDPSPTATIVVAGTQVDVRPSP
VVAAFSSRGPNMLTPEILKPDIIAPGVNILAAWTGKAGPTGIAADTRRVAFNIISGTSMS
CPHVSGLAALLRSAHPEWSPAAVRSALMTTAYSTYAGAGDANPLLDAATGAPATPFDYGA
GHVDPASAVDPGLVYDLGTADYVDFLCALNYTSTMIAAVARSKSYGCTEGKAYSVYNLNY
PSFAVAYSTASSQAAESSGAAATTVTHRRTLTNVGAAGTYKVSAAAMPGVAVAVEPTELA
FTSAGEKKSYTVSFTAKSQPSGTAGFGRLVWSDGKHSVASPM
//
#	13009
Bits   Query         start end Target      start end   idels introns
350.80 BRADI2G35120   34  251 5:3211337..3213805    1 2469    0    3
//
Making a P in phase 1 intron
>5:3211337..3213805.pep
LAELKKSLRAVFSQFGKILDVLAFKTLKHKGQAWVVFEDVASATEALKSMQDFPFHNKPM
RIQYAKTKSDIIAKADGTFVPRERRKRNDEKPEKKQKREQHHDVSQVGLGVNAYPGVYGA
PPLSQLPFAGAQKVMMPEIIVPNNILFVQNLPHETTPMMLQMLFCQYPGFKEVRMVEAKP
GIAFVEYGDEGQATAAMNHLQGFKITKDNQMLISYAKK
//
#	2765
Bits   Query         start end Target      start end   idels introns
263.43 BRADI1G15070   17  233 3:22341816..22339871    1 1946    0    6
//
Making a T in phase 2 intron
Making a R in phase 2 intron
>3:22341816..22339871.pep
MASNAGKKLIQIDVSSDTVCPWCFVGKKNLEKAMEQNKDKFDFEVRWHPFFLNPNAPKEG
IKKSDYYRMKFGPIQFEHATARMTEIFRGLGMEYDMSGLTGNTMDSHRLITLAGHQGYDK
QSALVEELFQSYFCHGKFIGDRQVLLDAARKVGIEGAEELLQDSNKGVDEVKEELNKYSS
GISGVPHFVINGKFQLSGGQPPNAFTRAFDVAAKDG
//
#	15063
Bits   Query         start end Target      start end   idels introns
114.71 BRADI4G26830  148  345 11:257590..256123    1  815    0    2
//
>11:257590..256123.pep
SALSPPPPRPPGAPPPPPPPGKPGGPPPPPPPPGSLPRNLAGGDKVHRAPEVVEFYQSLM
KREAKKDTTSLGSTTSSAFDVRSNMIGEIENRSTFLLAVKADVETQGDFVESLANEVRAA
SFVNIDDVVAFVNWLDEELSFLVDERAVLKHFDWPESKTDALREAAFEYQDLLKLEHKVS
SFTDDPKLACEEALKKMYSLLEK
//
#	6264
Bits   Query         start end Target      start end   idels introns
48.88 BRADI5G00970   55  300 8:3984739..3985642    7  901    1    1
//
Making a L in phase 2 intron
>8:3984739..3985642.pep
LDLVLTLQRLGLDSYYKTELDDLLYSIYNSDFDDKDLNLVSLRFYLLRKNGYDVSSGKSF
IGKIKNRLLKDSDKLILYFIKLCRYISMFXKDKEGSFAADEVRSLLGLYNAAHVRTRGDK
VLDGAIAFTKSHLEAKLEHLKSPLKEEVSSALETPLFRRVRILETRNYIPIYEKISGRNE
TILEFAKLNFNLLQFLYCEELKKITLWWKELNIQSNLSFIRDRIVEMHFWMTGVCPEFNY
SLSRIILIKMMAYITIIDDIFDTHGT
//
#	16346
Bits   Query         start end Target      start end   idels introns
83.85 BRADI5G21510  243  315 7:2595491..2595255   10  231    0    0
//
>7:2595491..2595255.pep
WCVARPGVSQEDLQNALDWACGQGGADCTPLQPGGRCYQPDTLLSHASYAFNIFYQQNGN
SDIACNFGGAGTII
//
#	8729
Bits   Query         start end Target      start end   idels introns
112.89 BRADI2G16810    1   86 5:27816090..27816580    1  377    0    1
//
Making a E in phase 2 intron
>5:27816090..27816580.pep
MASLVAVQPVAVKGLAGSSISGRKLAVRPSPRALCRTTRRYIRGVREPRAAVVAKYGEKS
VYFDLEDIGNTTGQWDLYGSDAPSPYNPLQ
//
#	8198
Bits   Query         start end Target      start end   idels introns
419.15 BRADI2G40046  110  428 1:7355314..7351551    1 3456    0    8
//
Making a S in phase 2 intron
Making a N in phase 2 intron
Making a W in phase 2 intron
>1:7355314..7351551.pep
CITGSTSAGLHQILPWLYYHKVIGVSHFFLFVEGEAAKPAVTSVLESIRGVKIIYRTKEL
KEKQDRSRIWNETWLAGFFYKPCNYELFVKQSLNMEMAIIMARDAGMDWIIHLDTDELIH
PAGAREYSLRRLLLDVPDNVDMVIFPNYESSIERDDIKDPFTEVSMFKKNYDHLPKDTYF
GLYKEATRGNPNYFLTYGNGKSAARVQEHLRPNGAHRWHNYMKTPNEIKLEEAAILHYTY
TKFSDLTSRRDRCGCKPTKEDVKRCFILEFDRLAFIIASTATEEEMRNWFREHVLWNDKD
TNLKLLRKGVLTRIYAPMA
//
#	2139
Bits   Query         start end Target      start end   idels introns
83.90 BRADI1G38715   44   88 6:19731953..19732108   22  156    0    0
//
>6:19731953..19732108.pep
SGEIKNYRFRSDVPSPPSYTAVGGPASLLPKRKPLSEEEIEAIMV
//
#	8295
Bits   Query         start end Target      start end   idels introns
737.19 BRADI4G30490    1  763 9:15220638..15213995    1 6644    0   19
//
Making a D in phase 1 intron
Making a G in phase 1 intron
Making a S in phase 1 intron
Making a G in phase 2 intron
>9:15220638..15213995.pep
MERIHVAVRARPLTAEDAGSSPWRVSGNAIALSTQPSIRFEFDRIFGEECRTADVYGART
KHIVDSAVRGFNGTVFAYGQTNSGKTYTMRGSGNEPGIIPLAVHDLFRTIEEHLDREFLL
RMSYMEIYNEEINDLLVPEHRKLQIHESIERGIYVAGLREEIVTCPEQVLEFMSFGESHR
HIGETNMNVYSSRSHTIFRMVIESREKVDESEAGESCDAVRVSVLNLVDLAGSERAAKTG
AEGVRLKEGSHINKSLMTLGTVIKKLSEGIEGQGGHVPYRDSKLTRILQPALGGNANTAI
ICNITLAQVHADETKSSLQFASRALRVTNCACVNEILTDAALLKRQRKEIEELRAKLRSE
LEKERISLELEEEKKAKEQRDKRLIEQAKKIENLSSLVLNSERDDRTTVSSKNKRRLTWC
PGLLSRQFDGQVLESVQEDPPSSTVRHGRNMEMPLHFEELIQESCESSIKHYTDAYSSGS
LSCEDDSLPDSHALLHVTSRRKPNTMKKSDQEQLMGLASERIIPQELNDWKYTTQSQENI
KACVNGLSARESEAILVIKQLEDQQIKLLELEKSSFQNNLDDVLELATQQKASFHEKYEE
LQQNALVAQEQAKIANEKLSKQVLSYSLPEAAYEFLTGIFVETESIAVQMDQSTRSVDNA
LSFIEELFQNLFMMAKNFTEAKQFVCGDITQFSSVIRDYENISNCLREKLSKLEMEKDCN
IQNELEKDSILSELLTLQKEVVYLSSSSLMKEKESIRKELDRTKTKLKET
//
#	13126
Bits   Query         start end Target      start end   idels introns
65.67 BRADI4G14990  102  149 11:21757355..21757507    1  144    0    0
//
>11:21757355..21757507.pep
AGLKNEKDGYESLIDAALAISRIFSLDKQSEIVTQALERALPSYILTM
//
#	11169
Bits   Query         start end Target      start end   idels introns
43.61 BRADI1G28930  207  284 6:6243760..6243341    1  420    0    2
//
Making a G in phase 1 intron
>6:6243760..6243341.pep
IVGDRKGAVFGGLVEAPLQPLIKKKYQGTNNCFVFTNIAGRPVIYRPTGANNYFTFCSTD
YLAMGGGGHFALYLDGDL
//
#	8418
Bits   Query         start end Target      start end   idels introns
993.58 BRADI2G02976    1  590 1:2393857..2390474    1 3384    0    7
//
Making a A in phase 1 intron
Making a S in phase 2 intron
Making a L in phase 2 intron
>1:2393857..2390474.pep
MTECECNPSFSRARMSELLFETYGVPSIAFGIDDVFSYKYNQKLGNCGEDGLAISCEHGT
CHVVPFLKGEPVLGACCRTNVGGFHITDFLRQLLSLKYPYHSASITWEKAEELKKEHCYV
ALDYMSELQIFKNNKEEAEEKTRYWQLPWVPPPVEEPPSEEELARKAALKEKAGQRLRDM
AAAKRSQKIAELEKQLSYLEELMEQLDGAEEEEATAILGRSGYLSQQEIKSAILKATQSL
RKAKGESNGNEEKADASGVDKYPLVSVPDETLTPEQLKEKKKQILLKTTTEGRMRAKQRR
AEEEALREKQEEERRLENPELYLEELRARYSELSDRVDQRKRQKLNGGKTNGNHNSSGGV
GRGERLNAAQKERMRLLTSAAFDRGKGEDTFGTRDEDWLVYKKMSKDNDDDDDGNDDDES
ELARIASKIQDMDPTFVNKAEAVQQTPEPPKVRTLTAEDYRISIGIERFRCPEILFQPGM
IGIDQAGIDEMVSISLRRLMEDEAVKERLCQSILVTGGCSLIPGMIPRLESGIRQFRPYL
SPLKLVRAADPLIDAWRGAAAFAASSKFGRHTFSLADYREHGENLFHRYNIVYSL
//
#	12430
Bits   Query         start end Target      start end   idels introns
505.00 BRADI3G42837    1  412 5:941507..944469    1 1956    1    6
//
Making a R in phase 2 intron
Making a R in phase 2 intron
Making a E in phase 1 intron
>5:941507..944469.pep
IPRGDKEKGVNVQVILRCRPMSDEETKSNTPVVISCNERRREVAATQIIANKQIDRTFAF
DKVFGPASKQKDLFEQSISPIVNEVLEGYNCTIFAYGQTGTGKTYTMEGGGTRKTKVKKK
CLRSXNRIFGFSACSLQLTCACNIQNGELPTDAGVIPRAVRQIFDILEAQCAEYSMKVTF
LELYNEEITDLLAPEEPKFPIVPEDKTKKPIALMEDGKGGVFVRGLEEEVVYSAGEIYKI
LDKGSAKRRTAETLLNKQSSRSHSIFSITIHIKELTHEGEEMIKIGKLNLVDLAGSENIS
RSGARDGRAREAGEINKSLLTLGRVINALVEHSGHVPYRDSKLTRLLRDSLGGKTKTCII
ATISPSVYCLEETLSTLDYAHRAKNIKNKPEVNQRMMKSAVIKDLYSEIDRLKQEVFAAR
EKNGIYIPRERYLQEEAEKK
//
#	6525
Bits   Query         start end Target      start end   idels introns
181.80 BRADI3G14610   36  164 8:2157235..2157832    7  598    0    1
//
Making a W in phase 2 intron
>8:2157235..2157832.pep
KTVRMLFIECEQSSSKVYQLGLAAAVLLVAAHAVANFLGGCACICSQMEFIRASIKRKLA
ATLIVLSWLALIAGFSLLLAGAMRNSNPRRNCSFAQGHTLDLGGILCFVHAGVTVAYYVT
ANAAAYELP
//
#	4582
Bits   Query         start end Target      start end   idels introns
265.99 BRADI2G37310    1  139 5:718097..718612    4  516    0    1
//
Making a W in phase 2 intron
>5:718097..718612.pep
NAASGMAVDDECKLKFLELKAKRTYRFIIYKIDEKKKMVVVEKVGEPVLNYDDFAASLPA
NECRYAIFDYDFVTEENCQKSKIFFIAWSPDTSRVRSKMIYASSKDRFKRELDGIQVELQ
ATDPTEVGLDVIRGRAN
//
#	4580
Bits   Query         start end Target      start end   idels introns
75.33 BRADI2G23110   45  130 2:8768173..8767167    1 1007    0    1
//
>2:8768173..8767167.pep
GYIKKFEVIDPHRVGKINVELHGRIKDCKALTYRQDIRAKEIEQYRVRMLPTRQWGYVVI
TTPNGVLDHEEAIKQNVGGQVLGYFH
//
#	2822
Bits   Query         start end Target      start end   idels introns
485.71 BRADI3G59380   87  387 2:31276078..31277295    1 1218    0    1
//
>2:31276078..31277295.pep
RPNRVTGAGFWKATGTDRPIYSSDGSKCIGLKKSLVFYKGRAAKGVKTDWMMHEFRLPSL
TDPSLPQKKPLEKIIPPNDSWAICRIFKKTNSTAQRALSHSWVSPPLSSTNEAYTAPVSQ
TTQRSQHTSDNTSSVMTDAISSTIQFTGSSYLPSTVPSCHNPLSMIDSNSRPDASVPLPS
PVAEHQTMGILSAIPLDITAGIDIASMVFNASSFTLPNMDRMTANIEFGQPQKCNSSSSM
TNRCVVDMPDVANNINSGPRSINFNLQGTLSDDWRMTLPWESLPCTTEVSTNFQSTKCYT
//
#	15104
Bits   Query         start end Target      start end   idels introns
1160.48 BRADI1G11317    2 1319 3:28696026..28689701    2 6326    1   11
//
Making a R in phase 2 intron
Making a G in phase 1 intron
Making a R in phase 2 intron
>3:28696026..28689701.pep
XDGKEKDAVPVMRLNVIRLLAELCVCLKKWEVVDMILPLFIEHLEEGDASSPSLLRLRLL
DAISRVACLGFEKSYRESIVLMTRSYLDKAKAVGSAENNTVPSEATTERIETLPAGFLLV
ATNLTSTKLRSDYRHRLLSLCSDVGLAAESKSGRSGADLMGPLLPAVAEICSDFDPVSTV
EPSLLKLFRNLWFYIVLFGLAPPIQSNQTPAKPVSTSLNTMESISAIALQAVSGPYMWNS
EWCVAVQRIAQGTPPLVVSSVKWLEDELELNALHNPGSRRGNSNEKAAVGQRTALSAALG
SRVEVAAMTTISGVKATYLLAVAFLEILRFSCNGGILSATSTLNKSNSAFSCVFEYLLTP
NLTPAVSQCLTAVVHRAFETVLSWMEDRICDIGEGADIRESVISVHACFLIKSMSQRDEN
VRDVSVKLLTQLKEKFPQVLWNSSCVDLLLISVHNELTSGPVSDPAWVATVRSLYQKIAR
EWITSALSYAPCTTQGLIQENFCKPSGAQRSQHTADVVSLLSEIRICSGKNDWNGIRTAN
VPAVMDSAAAASGAKKEAPDITLEVLSTAVVTATVKCNHAGEIAGMRRLFSSMGGMNTGM
SPLGMQSAQPNQSFDEVFLSRFVRLLQDFVVTAEKNQIDNTVFRETCSQSTALLLDHMVS
DSRANLDGFSQLIRLLCWCPAYICTPDAMETGIFIWTWLVSAAPSLGPLVLAELVDAWLW
TIDTKCGLFASDMNYCGPDAKLRPHLISGEPEAPPEKDPVEAIIAHRLWLGFFIDRFEVV
RHDSIEQLLLLGRMLQGTMKSATHFSHHPAATGTFFTAMLLGLKFCSCQSQSNLQKCNMG
LQLLEDRVYRAALGWFAYAPEWYESQNKSFAQREAQSVSIFVHCLQNERPSGSADSAPKS
QGREGEPN
//
#	12638
Bits   Query         start end Target      start end   idels introns
619.32 BRADI1G11780    1  427 3:27987959..27984104    1 3853    0    8
//
Making a R in phase 2 intron
Making a G in phase 1 intron
>3:27987959..27984104.pep
MWRRAATAALALGAGAGGAAIAYSDDPSATLKICAHLPPRLLRDAATAATIAFDYQYSLW
GLDPGTPAWVSAKHDAHLRSANRLQELCFRNGGIYIKLGQHIAQLEYVVPEEYVQTMRAS
MLKRCPVSSYEQVCRVFGKDMGESPETVFVEFDPVPLASASLAQVHAARTHDGQKVAVKV
QHDHLTDTSVIDIATVGLIVNTLHYIFPSFDYRWLVDEIRESAPKELDFLNEAKNSEKCV
QNFRRLSPHIAGSIYVPKVYWTLSSSRILTMEFMDAKEVTDVKGIKELGIRPVDVSNLVS
KAFSEMIFKHGFVHCDPHAANMMIRPLPQDSKKTFGWRRPQLILLDHGLYKELDYATRIS
YASLWKALVFADEKSIKENSVKLGAGEDLHALFAGVLTMRPWKSVIDPAVDHLVLDGSSN
DRSELQV
//
