#	13268
Bits   Query         start end Target      start end   idels introns
622.68 Sb03g001910     1  363 3:3451681..3449873    1 1809    0    6
//
Making a S in phase 2 intron
Making a D in phase 1 intron
Making a W in phase 2 intron
>3:3451681..3449873.pep
MLPLRRLPPLPLPRGPAPRRLLSAAASAAAVSPLPWPGLSAWRRAPPSDLRTWGPNGPCA
SGDVDEPAADAGAASSLAEMGALVLSTADPLAKARRTHAAFSRWAAGLPIGQATAPDHPA
RPDKPLVVTQKEITTHKEMGVPLNAYMLHNLAHVELNAIDLAWDTVVRFAPLRDTLGDGF
FADFARVADDESRHFRWYSQRLGELGFSYGDMPVHNLLWRECAKSSSDVSARLAVIPLVQ
EARGLDAGPRLVQRLSGFGDHRSADIVARVAEEELAHVSVGLYWFLKVCQMMGREPGDTF
KDLIKEYSVVLKGPFNYPARDEAGIPREWYDEKFKQEAAQKLSEVHDRLACIVEMEKESA
SLN
//
#	12171
Bits   Query         start end Target      start end   idels introns
1017.00 Sb06g034140     1  499 2:26385946..26388097    1 2143    0    3
//
Making a W in phase 2 intron
>2:26385946..26388097.pep
MRAAMAAAVLRPTAATLRFLSTPPHQRRRVLVGHLPFARRRRHSSTATAPALEDSSPRSG
EGKAVRRRRARESPQGLLRHQLDMCSRNADLTTALRLYDDALSPDNPIPLSLHHYNCLLY
LCSNAAATDSDSHISATAAQRGFDIFARMEADGVQPNEATLTSVARLAAATRDPAMAFSV
VRRMAAAGTPPRLRTYGPALFAYCDAKDADGAKQVEAHMDASGVVPEEPELAALLRVNAD
TGKADEVYRLLHRTRVLVRQVCDTTAQVVEAWFRSDAASQAGVDSWDPTKVKEGVVKGGG
GWHGQGWLGKGAWSVGWTEMGKDGTCQRCGERLVCIDIDPAETDNFANSLTELAIKLEAR
EDFLSFQSWLRRHGPFDAVIDAANVGLYKSKDFCFSQVNSVVNAIQRVTKSKKLPLIVLH
RSRVNVGPAKAPYNQKILDSWRNAGALYATPPGSNDDWYWLYAAVSCRSLLVTNDEMRDH
LFQLLGTSFFPRWKEKHQV
//
#	7621
Bits   Query         start end Target      start end   idels introns
1624.39 Sb05g025070     1 1037 4:5008034..5012623    1 4584    0    7
//
Making a R in phase 2 intron
Making a R in phase 2 intron
>4:5008034..5012623.pep
MDGEQAARWAAAQEGVPVGADLVAAALRQLRFLAAVDRRRWLYDEGPLLDRAIRRYKACW
LPLLDKHTKGVVVDGPLVVPLDCEWIWHCHRLNPVQYIRDCKKVYGRILNNNNVESSTQT
KSTLESEKVWKELYPEEPFELLFTRTFDTAVDVNPAGAEEDITYDLVSAVKRQSSFYYQV
GTPTMHDPRFLQEALARYKAFLYLIKMNQEKGLQRFRVPTYDVDLLWHTHQLHPITYRND
MVKLLGKVLEHDDTDADRSEGKKLDVGFTETTEQFESTFGVRYWKAGCMYRGNVPSPVTS
TPQTFSAEVGTGSYICKAQKDLNALDVTVVELYLQIVDIKNLPSAVQKENVYVRFAKNQS
DMFISDGGRLDISTVTGKNTGVCLQCEPTGELILAVMVDQLSKKPEPIGKVSFPLHDLTG
PDSKLSFEKWFELKAHGGHAASPPVSLRVAASATVPSSAQKVFTMVRMEPFSLKSCLLPH
SIKDQNTGSWTRFVNDCGTELIRLQIREHKAKNSMAVVRELVGVLKSTKKQIQLAEFKEN
KWTLKDSNLPISHGTDGSLLDLKGDNHLIKLYRGRKLEYERKCCSAHSEDVSAVTAVKFC
AEHPYGKAVALLDTEAQLIMVNEDWLLLPWISISVLFMDGDGGTKLGGGAMVQKGTVFGS
DTSMVLETQTVGAGSVASNLAQCGTCSAVFGGDDKEMANCKVEHASSGASRTVVASGENG
HTETAGCGGGCGSNCGPMMAEDPKAGNAKSGGCGSGCGGGCGGAGGCGTMANEGQSRSGG
VGTLLSSNAMGGEGQQAHSAGCGSGCGGGCGSGMVIEGSKVNNVNAMSGGCGSGCGGGCG
SGMVIEGSKANNAMSGGCGSGCGGGCGSGMLIEGSKANKAMSGGCGSGCGGGCGSGMVIE
CSKANNTMSGGCGSGCGGGCGSGMVIEGSKANNAMSGGCGSGCGGGCGSGMVNEGSKAAN
TMSGGCGSGCGGGCGALFNASTAAGEGLHNKSAGCGGGGCGSGCGGGGGC
//
#	3341
Bits   Query         start end Target      start end   idels introns
82.58 Sb10g002520    44  106 2:105899359..105898980   10  185    1    0
//
>2:105899359..105898980.pep
SANNEDLSIIVKCVVFQLHPSFQNPTRVMEQSPFELSEXGWGEFXIAIILYISYKRLDL
//
#	653
Bits   Query         start end Target      start end   idels introns
547.08 Sb09g021710     1  275 8:99592444..99590459    4 1986    0    1
//
Making a G in phase 1 intron
>8:99592444..99590459.pep
RIGRESLKAGDHIYSWRAAWVYAHHGIYVGDDKVIHFTRGRGQEVGTGTVVDIILVSSTP
KRSNTPCPVCTDETSDSSTETNGVVSSCLSCFLAGGALYRFEYAVNPALFLAKARGGTCT
LAPSDPDDTVARRARYLLSNGFRCYNLFKSNCEDFAIYCKTGLLVAEQGVVGQSGQAISI
IGGPLAAVVSTPFRLVTTNIYGMAVMAVGVYCASRYAADIGNRRDVVKMEVEDLTAGLAS
GRICAVENIAQLVAPEAEGPADATATATLAA
//
#	9915
Bits   Query         start end Target      start end   idels introns
1497.87 Sb09g030760     1  903 8:78853180..78857702    1 4514    0    7
//
Making a D in phase 1 intron
Making a T in phase 2 intron
Making a G in phase 2 intron
>8:78853180..78857702.pep
MVWKSWGAAPSLLLLRIALLLLGAAAPLCSGAGDVALSFAATPRRVSRSTSAAFALRVLR
ATGGPCADCVVTCQLIVYGSGSVDPSTLQVLSPGLRYSVAVAISPDAEYGRLVLVMGRGF
CTDAAGHPFTRTPNSTFTLRFDRRSDSMNITATVAEKMVQIQGVTRLVQASNEEEGLRIY
LAFAQPVLNSSEQILRALTATDAVAVHLTPTNRSTLGNRRFGYVVKKMSDAAAIVSVACD
TSSIISRQGTPVVPAEPFTFHEASKSIYTLQIQAVGQLVSVQVAENAAMDVAGNPNLASD
RLQRMACHIQIFALSRWLSANLPIEYYEFAKGVEWSIPYMRLPWEGPAADPYLGYSTMPA
IAYSESELLDRSAVGGAANISSYRPRAQQGQPVTPAQIIPSDPVFPTEIPEDGKPTPPVQ
TPGGDATPPVMPVQTPLPLDGMPLTAMEYRSFFENPDMKPEAQIIMKLQDLDGWKYFGRN
MFWLGVIGGGLILLHLLTLLYFKLRYRDRERRRHGYAALLLPRLEIMVVVLAMPCVAQAA
AALIRGGTTCGLVVGIVLTAVLTSVLVALLLFLSLGITMGKLLQYREVHHEEGQEEYHWY
QDLARRTLGAGKRGQWTWKDPRRAACLPRLGPLFEDLRGPPKYTRGGGGGKRRAEGGGPE
RRVIASEDENEGSRAPLVQQLLGVLRIYLTLLESVKRVAVGIVAGAHASSGRSSRAHAVA
VLSVASFQLLFMLLGKPFVKKRVQLVETLSVASEVAVFAACLALIDRTASSGGWLPDGEA
RGVGLAMLGAFVLGFAAQVCNEWNALYRQARLLSADRSSFLDGAKTAGLGLLVLVLPSSA
LGDHRDPPPPDGGGGAGESVSASTAADGGRGGSSNNERWWLGQLWEMAKASFSKESNA
//
#	7121
Bits   Query         start end Target      start end   idels introns
303.68 Sb10g026510     1  207 6:94334803..94332529    1 2165    0    5
//
Making a K in phase 2 intron
Making a A in phase 1 intron
>6:94334803..94332529.pep
MDDAQGYQEGDDHDLVMQKQEWIKTQDMLKSKLILEDEFAWSLPSVGSGLDEPEWCKLKY
IGGTDISFLKEDPSTACAAVVVLNADTLEVVHEEFNVVRLQVPYIPGFLAFREAPVLLGL
LEKVKINAPHFCPQLLMVDGNGLLHPRAGFGLACHLGVLADIPTIGVGKNLHQVDGLNQS
EVRRLLGSKENCNRELVLLTGQSGTKWG
//
#	15418
Bits   Query         start end Target      start end   idels introns
244.78 Sb03g012320    14  480 3:221901427..221902953    4 1518    2    0
//
>3:221901427..221902953.pep
CKLGAVSDAKRVFDGMLHRNAVSWAAMVSGYATGKCSEEAFELFRLMLQKCPLEKNEFVT
TAVLSAXRATGFAXGTQLHGLVLKDGLVGFVSVENSLVTMYAKAECMDAAMRVFGSSKER
NSITWSAMITGYAQNGEANCAARMFLQMHSSGFTPTEFTFVGVLNACSDMGALVVGKQTH
CLMVKLGFETQVYVKSALVDMYAKCGCIGDAKDGFHQLYDVDDVVLWTAMITGHVQNGEH
EEALMLYSRMDKQGIIPSYLTVTSVLRACACLAALDLGKQLHAQILKCRFSLGGSVGTAL
STMYSKCGNLEDSMVVFRRMPDRDVISWNSIISVFSQHGRGSDALDMFEEMKLEGTAPDH
ITFINLLSACSHMGLVDRGWFYFRAMTKDYNLIPTLDHYACMVDILSRAGQLKEAKDFID
SITIDHGTCLWRIVLGACRSLRDFDVGAYAGEQLMELGTEDSSAYILLSNIYAAQRKWND
VERVRHLMRLRGVSKDLGCSWVEL
//
#	13594
Bits   Query         start end Target      start end   idels introns
248.31 Sb02g035160    64  310 5:53979755..53979033    1  723    0    0
//
>5:53979755..53979033.pep
LSLDRASGSGFQSKDEYLFGKIEMQMKLVPGNSAGTVTTLYLSSQGDAHDEIDLEFLGNV
SGEPYTLHTNVFTRGRGQREQQFRLWFDPTADFHTYSVVWNPRHVIFAVDGTPVRDFANR
EARGVAFPRTQPMRVYASLWNADDWATQGGRVKADWARAPFVASFRGFSADACVWSGGRS
QCPVGTMEEAGGGGGWWNQQLSDASYRRMRWVQRKFMIYNYCTDAKRFPQGRGVPAECRL
R
//
#	5779
Bits   Query         start end Target      start end   idels introns
157.69 Sb01g028440    48  168 4:64667915..64668524    1  610    1    2
//
Making a E in phase 2 intron
Making a T in phase 1 intron
>4:64667915..64668524.pep
EFRDARAPVSSSFEPLLRRRGPLEPDHRAVVLLNKADLADPSETEXWVAYIKKQRSCPCV
AVNSHSRESIKEIGQAMATRIREIKHGDNNCTGTALLVGIPNVGKSAIVNAMHQIGRIAA
A
//
#	13531
Bits   Query         start end Target      start end   idels introns
74.30 Sb02g035870    89  138 7:156019107..156019288   34  182    1    0
//
>7:156019107..156019288.pep
SDAIDHVKKIQIQVLELQLQLADSPGEAXEKQGSASCSESFTATXNMQYQ
//
#	2257
Bits   Query         start end Target      start end   idels introns
320.25 Sb10g004410   106  435 6:78614943..78618289   10 3347    1   10
//
Making a V in phase 1 intron
Making a G in phase 1 intron
Making a E in phase 1 intron
>6:78614943..78618289.pep
KPRLPSPXPAAVTPPQQPRRCVSAFPVRQMAASATDADAGAGLRSEFLQVLLSRRRDLLV
PLTVEQGSPVKDPMYQNPPSTMEANPMESCPSKEVENLREKLVEENFYLITELGEQGRVP
VLLLKLDDPVPRRKPAIVFLHSSYKCKEWLRPLLEAYASKGYVCVAIDSRYHGERASNET
TYIDALKSAWRNGDTMPFVFDTVWDLVKLGDYLGEREDVDPCRVGITGESLGGMHAWFAA
FVDTRYSVVVPIIGVQGFRWAIDNNMWLARVNSIRPLFEEARIDLGKSELDTEVVERVWE
KIAPGLDSQFDAPYSLPLLAPRPLLLLNG
//
#	16065
Bits   Query         start end Target      start end   idels introns
195.72 Sb10g026110   107  410 1:80964711..80965709    1  999    0    0
//
>1:80964711..80965709.pep
PYPVAYGVVFTDPLGVQHRVYLRDGAKNEVILSAGTLGSPQLLMLSGVGPQAHLEAHGVQ
VLVDQPMVGQGVADNPMNSVFIPSPVPVTLSLVQVVGITRSGSFIEGVSGSEFGIPVSEG
ARRLARSFGLFSPQTGQLGTLPPKQRTPEALERAAEAMRRLDRRAFRGGFILEKILGPVS
SGHVELRSADPRANPAVTFNYFQESEDLQRCVRGIQTIERVIQSRAFANFTYANASTESI
FTDSANFPVNLLPRHVNDSRTPEQYCRDTVMTIWHYHGGCQVGAVVDDDYRVFGVQRLRV
IDSSTFKYSPGTNPQATVMMLGRYMGVKIQAER
//
#	12687
Bits   Query         start end Target      start end   idels introns
299.27 Sb03g011190     1  150 3:45038389..45038820    1  432    0    0
//
>3:45038389..45038820.pep
MGNHYQTLGVRQDATKAEVKAAFRRSALRDHPDRHAGSTDAAARADAASRFRQASDAYYV
LSDDRRRAEYDLRLRGSTSSYARTSSSGWASSSASYGYGHGGGSWRRTPPGAGAGAGASV
GSIDWEFLLKAVTRRGFLINLGLA
//
#	461
Bits   Query         start end Target      start end   idels introns
62.01 Sb04g037380    98  135 3:45390118..45390231    1  114    0    0
//
>3:45390118..45390231.pep
YCDTCLLYRPPRASHCSICNNCVRKFDHHCPWVGQCIG
//
#	15848
Bits   Query         start end Target      start end   idels introns
881.76 Sb04g034440     1  540 5:210674900..210677259    1 2360    0    4
//
>5:210674900..210677259.pep
MSSKKKRAAIDLSLEAERSGEGHSGGGGKGDRHRGKDNGEVDKKEEQFKEQREAPEEGTG
EEKVVVEVVVDQGRDDTREIKYRTQQEEEMGNDKQPAEDAHGDDESDGGETRAQDKHVVE
AAGNGDGDDSYTTMVQDEVSAMQEEMEKMKEENRMLRRVVDRTMRDYDELKKKVEACYQQ
QQADEPKEPEVFLSLGATAAGTGGGFAEPKRKERQTVRRPSAGSDDTDDDTKEDRLGLSL
SLAASSYEEEKLGAGPAGHDLEEASVAGADRKAKGYALLESSKLEAPAPPAAAGDLAAAG
ITSQSVNPANRKTRVSVRVRCQGPTMNDGCQWRKYGQKVAKGNPCPRAYYRCTVAPGCPV
RKQVQRCLEDMSILVTTYEGTHNHPLPIGATAMASTTSAAATFMLLSSTSSSSATSEVRG
GSAAPSYLSPPYLLNSTSHHPAASPLLGAQPSSSMPSAPAGVANGVQHLNMFGHSSMLAQ
QAPHFSSKYPWSSDPSQSQGIGGGLPAGSKRPFWSTGGDEKTATLPDNVGAVMADPSKFS
VAIAA
//
#	11605
Bits   Query         start end Target      start end   idels introns
695.42 Sb02g037850    46  405 2:208219850..208223374    1 3525    0    4
//
>2:208219850..208223374.pep
IDLDTIEVSNLNRQFLFRQSHVGQSKAKVARDAVLKFRPNININPYHANVKDSHFNVDFF
KQFNVVLNGLDNLDARRHVNRLCLAADVPLVESGTTGFLGQVTVHVKGKTECYECQPKPV
PKSYPVCTITNTPSKFVHCIVWAKDLLFAKLFGDKKQDNDLNVHSKDDTSSKTDVFERSV
DEDLEQYTQRIYDHVFGYNIEVALDNKETWKNRRKPNPIYIRDALPEDAVQQNGRSQDHV
NEEQDPSAMVSLGLRNTQEIWSLADNSRVFLEALKLFFDKREKEIGSLIFDKDDQLAVEF
VTAAANIRASSFGIPLHSLFEAKGVAGNIVHAVATTNAIIAGLIVIEAIKVLKGDYQDYR
//
#	13926
Bits   Query         start end Target      start end   idels introns
965.95 Sb01g045000     1  645 9:13770151..13772331    4 2181    2    1
//
>9:13770151..13772331.pep
SKIPVEEVFKTLKCDRKGLSSTEGENRLRTFGPNKLEEKKENNLLKFLGFMWNPLSWVME
MAAIMAIALANGGGRAPDWQDFVGIVSLLFINSTISYIEEANAGNAAAALMAGLAPKTKL
LRDGRWEEQDASILVPGDIISIKLGDIIPADARLLEGDPLKIDQSALTGESLPVNKHPGQ
EVFSGSTVKQGEIEAVVIATGVRTFFGKAAHLVDSTNNVGHFQQGAITKRMTAIEEMAGM
DMLCSDKTGTLTLNKLTVDKSLIEVYSKGVDRDMVLLYAARASRVENQDAIDTCIVNMLA
DPKEARAGIQEVHFLPFNPVEKRTAITYIDGNGDWHRVSKGAPEQIIELCNMGAEAEKKV
HALIDGYADRGLRSLGVSYQQVPEKSKESAGDPWQFIGLLPLFDPPRHDSAETIRRALHL
GVNVKMITGDQLAIGKETGRRLGMGTNMYPSTTLLGDKNTTVNGMHIDELIEKADGFAGV
FPEHKYEIVKRLQDRNHICGMTGDGVNDAPALKKADIGIAVDDATDAARSASDIVLTEPG
LSVIVSAVLTSRSIFQRMKNYTIYAVSITIRIVXLPPHRAHLEVRLRALHGAHHRHPXDG
TIMTISKDRVKPSPTPDSWKLNEIFATGIVLGTYMAIITAVFFYLAHDTDFFTVHT
//
#	12412
Bits   Query         start end Target      start end   idels introns
386.88 Sb01g012490     1  188 5:14437180..14436620    1  561    0    0
//
>5:14437180..14436620.pep
MDDTMGGSATRGLLGHQARDDEQAARNVVVGAGALTVARDYRRGNWTLPETMLLIEAKRK
VHEERHPGDQGLARWRWVEDYCWRAGCRRSQNQCNDRWDNLMRDYKKVRAYELSGTGAGA
GGRAPSYWAMGREERKERGLPTNLLREIYDAMGEVIKRRMTMGCCGSGGGGLTAASSSSL
LDVPMQA
//
#	1548
Bits   Query         start end Target      start end   idels introns
90.20 Sb06g026960    87  168 2:13644854..13645167    1  314    1    1
//
>2:13644854..13645167.pep
QISRTLDSLLHENGQDSESDETGLQRVPRPQHGQYYDEGLEKTRQTLGDKVSQQNLAIDK
XASRLIVNVENEAMKDETEV
//
#	13322
Bits   Query         start end Target      start end   idels introns
626.16 Sb01g040120     1  297 1:38316602..38317504    1  903    0    0
//
>1:38316602..38317504.pep
MPAAAVVSPLLLSLSSSSSPFLSSSSTSFFPPSSAAVTPHAAVRTRAAVSVLRALRAEAA
TLPVLSFTGEKVGEVTLDLKSAPPSTARAVVHRAIITDRQNARRGTASTLTRGEVRGGGR
KPYQQKKTGKARRGSQRTPLRPGGGVVFGPKPRDWSIKINRKEKRLAISTAIVSAAKDAF
VVEEFEEAFASGPKTRDFVAALQRWGLDPKQKAMFFATDFDDNVRLSGRNIGSLKMLTPR
TLNLYDILDARKLFFTPAAVDYLNSRYGASVSDDYYTDDEDDGEEELVEQEAEEGTTADA
A
//
#	1769
Bits   Query         start end Target      start end   idels introns
193.57 Sb09g019560   139  335 1:35498098..35497185    4  914    0    1
//
>1:35498098..35497185.pep
SMTVYLFAKEELNCNLTAVKEDLMKPVTVSFKEGLGQKFRQPSGTGIDFSVFEESDLLKQ
GDMDVYPLAVKAETTLLVDHPPEGDDQKMKTPNSQITQAVFEKKENGDYHVRVVCQILWV
NGTRYELQEIYGIGNSVEGDADANDPGKECVICLSEPRDTTVLPCRHMCMCSECAKVLRY
QTTRCPICRQPVERLLEIKV
//
#	4453
Bits   Query         start end Target      start end   idels introns
61.35 Sb01g033540    97  126 1:67647469..67647567   10   99    0    0
//
>1:67647469..67647567.pep
WNARYREKFGFVFMMCASGRTAPEVLAELK
//
#	9736
Bits   Query         start end Target      start end   idels introns
778.55 Sb10g004860     1  593 9:15586965..15600088    1 13124    1   14
//
Making a W in phase 2 intron
Making a V in phase 1 intron
Making a R in phase 2 intron
Making a S in phase 2 intron
>9:15586965..15600088.pep
MALAVRLIGRRRFLPPPLAAAVAHLSAASQSPCHHHHPLPTPALPLPPRELHPFALHWRS
FSWYSRSGSGSDSSPGTAAADARGEDVYIEKESVHLDGVTIVDDGGGVVSEAGAAADAVG
DAAGATADGVGGVPELAVSTVLDLMDGIHSLTGLPWWMTISFXTVAMRLWILPVLIVQLQ
KTAEIGEVFRKVSTSLPPPQPGSNFREQYTLFQKKKKELGCPSFIWNFAYFLVQFPCFIL
WMTSIRSMCLNNHPGFDNGGILWFHNLTEFPHGTLAPIFPILVAGLHYLNVQISFQGSQI
KDHPGIFGLLAKYYRIYLNVLTIPLFLVAHVVPQGCLVYWTTNGLFSVAQQLSLRNDAVR
KLLGLPDTRAQVGYRAQKSPLEWSQLEDANLQTKSMPSDKGTASESTTPNFAMGSMDGNI
SASSSPEELLEQALQYLGTGCRDQAIPLIRTAVERNPDLYTALIGMGQTLFSNRLFPEAA
VCFEHAIPKIQEDDPLLVLAYFGAGLSNKRQGDNETAIKLLERLAELKEPEKPINKSRYF
QGMLALASILYREGRNSEAAKYLRMAIAYDPSVERLLKECEEGMDDQPKPEEK
//
#	14668
Bits   Query         start end Target      start end   idels introns
229.96 Sb10g027000   174  508 8:95129463..95126241   16 3211    0    3
//
Making a K in phase 2 intron
>8:95129463..95126241.pep
ISIWGVPLNPRSPPAAADDAAPVDERADVVLLKFLRARDFRVRDAHAMVLRCAAWRAEFG
ADAVLDEELGFKDLEGIVAYMHGWDRDGHPVCYNAYGVFKDRDMYERVFGDGDRLARFLR
WRVQVMERGVRALTLRPGGVNAIIQVTDLKDMPKRELRAASNQILSLFQDNYPEMVARKV
FINVPWYFSVLFSMISPFLTERTKSKFVIAREGNVAETLYKFIRPELVPVQYGGLSRTGD
LENGPPKPASEFTIKGGEKVFLEIDGIEAGATITWDLVVGGWDLEYGAEYVPAAEDSYTL
CVEKTRMVSATAEEPVHNAFTAREAGKMVLSIDNSGSRKRKV
//
#	12664
Bits   Query         start end Target      start end   idels introns
103.00 Sb09g020890    48  453 5:11604333..11605379    1 1041    0    0
//
>5:11604333..11605379.pep
EKPSPIQMAAIPLGLQQRDVIGIAETGSGKTAAFVLPMLSYITRLPPISEENEAEGPYAV
VMAPTRELAQQIEEETVKFATYLGLKVVSIVGGQSIEEQGFKIRQGCEIVIATPGRLLDC
LERRYAVLNQCNYVVLDEADRMIDMGFEPQVVGVLDAMPSSNLKPENEDEELDEKRIYRT
TYMFSATMPPAVERLARKYLRNPVVVTIGTAGKATDLITQNVIMVKESEKMPRLQKILTD
LGDKTAIVFCNTKKTADMRAKDLDKAGFRVTTLHGGKSQDQREISLDGFRNRRFNVLVAT
DVAGRGIDIPDVAHVINYEMPSSIDTYTHRIGRTGRAGKKGVASSFL
//
#	14994
Bits   Query         start end Target      start end   idels introns
113.69 Sb06g030700    89  156 6:30107238..30107441    1  204    0    0
//
>6:30107238..30107441.pep
AAGSTRWCPTPEQLMILEDMYRGGLRTPNASQIQQITAHLACYGRIEGKNVFYWFQNHKA
RDRQKMRR
//
#	15650
Bits   Query         start end Target      start end   idels introns
179.20 Sb04g001620   110  220 1:11131499..11132205  137  707    0    2
//
Making a N in phase 1 intron
Making a S in phase 2 intron
>1:11131499..11132205.pep
VSGLTWGDWDESVFDLRPDIILGADVLYDSANFNDLFATVTFLLENSSGAVFITTYHNRS
GQHLIEFLMVKWGLKCLKLLDGFSFLPPCKAALLQGNIQLVEIALDKEKYK
//
#	13910
Bits   Query         start end Target      start end   idels introns
438.36 Sb03g002090     1  212 3:3887652..3888436    1  785    0    1
//
Making a Q in phase 2 intron
>3:3887652..3888436.pep
MARRASLLLAAALLVAVAAAAVPPTCERIECPAYEVVDSANGFEIRRYTDAMWITTAPIE
DISFVAATRTGFLQLFDYIQGKNAYNQTIEMTAPVLTRVSPSDGPFCASAFAVSFYVPAK
NQADPPPAEGLRVDRWAGARYAAVRRFGGFVADADVGEQAARLEASLQGTRWAAAVNDAR
RADPASPYTVAQYNSPFEFTGRVNEIWMLFD
//
#	14068
Bits   Query         start end Target      start end   idels introns
221.93 Sb05g003420   158  364 2:143181108..143181629   10  522    0    0
//
>2:143181108..143181629.pep
AMPAQQQAAESLVPAPPRPGFLYSAAPPAPVPVPYVWGSWPPSAAAGSEQHGSPPPLCLQ
PCAWYYPAVADPRGSPSSAHAQQPPAFQDPRAATGEEDTDDDPCSLTLGLEVDKRSAPVG
IVAGPASGSGSGGGGAQSDRDRAAQARRRRRDLTKLKHTHAAARPGSSEQW
//
#	10320
Bits   Query         start end Target      start end   idels introns
198.87 Sb05g000210    55  314 8:87032664..87033740    4 1077    1    3
//
Making a D in phase 1 intron
>8:87032664..87033740.pep
GMKLATAGYGVFGIDYEGHGKSMGARCYIHKFESLVADCDMFFKSICDMEGYRNKSRFLY
GESMGGAVALLLHRKDPTFWDGAVLVAPMCKISEKVKPHPVVVTLLTQVEEIIPKWKIVP
TKDVIDSAFKDPVKREKIRKNTLIYQDKPRLKTALELLRTSMDVEDSLSEVLRLSIYALA
VSVLXETTQQLLFDFDLQFLDMFSFPQVRMPFLVLHGEADAVTDPEVSRALYERAASADK
TMKLYPGMWHGLTAGEPDDNVELVFSDIVSWLDKR
//
#	8146
Bits   Query         start end Target      start end   idels introns
358.67 Sb09g000470     1  278 6:43621244..43624504    1 3261    1    7
//
Making a K in phase 2 intron
Making a K in phase 2 intron
>6:43621244..43624504.pep
MAAGGDGVARQAELRRIEGNICFKKARLGAAIDCYTEARHLPLPSSLASPNSPRXAIALC
PDVAVYWINRALCHFKRKEWAKVEEDSRRALALDYTLVKGHYLLGCALLEKEESALAIKE
FEKALTLLKSVDSTYEMAEDIWQVLAKAKYLDWEKHSTERLWRMESLKEACETALQEHHF
LTGTLEEDSNRSDNEYSEQIKLLSEVFSQATVADTPTDVPDYLCCQITFEIFRDPVITPS
GVTYERAVLVEHLHKVGNFDPVTREPLKEHQLVPNLAIKEAVQAYLKEHSWAHKLN
//
#	16303
Bits   Query         start end Target      start end   idels introns
73.89 Sb09g025690    60  110 1:144474652..144474798   10  147    0    0
//
>1:144474652..144474798.pep
IVSHPGDGAGGRISNITVTSYIKFVEAAGARIIPLGYDEPKDRLLE
//
#	12780
Bits   Query         start end Target      start end   idels introns
56.49 Sb03g033650   114  175 6:22668731..22668461    1  186    0    0
//
>6:22668731..22668461.pep
DFLRTMRMASYGFLISGPSLHLWFNFISKLFPKKDVVNTLKKMFIGQAVYGPIINSVFFS
YN
//
#	1336
Bits   Query         start end Target      start end   idels introns
255.19 Sb06g020200    39  231 2:37196572..37195611   27  962    1    1
//
Making a P in phase 2 intron
>2:37196572..37195611.pep
GAFLLGEPTWEDTGSGRWRCAETGHELPEREKEAYARSRACRLALIDHAVAHKKPPLNAF
KPHPEHKYALIPKIHXDQMQIPVELGWNYATSTTNCIKPLHHPCVTEKQEDQMTSGEMAD
GQSVKSNEEVAKKSKPSKKYKKKTNVSSPLPGEPKPEMDGSDDRNFWVPPVEGRWDDDDG
KKRWELSPGKHTLAKNEGGS
//
#	10910
Bits   Query         start end Target      start end   idels introns
2390.99 Sb01g042710     1 1245 9:146468352..146464197    1 4138    5    1
//
Making a D in phase 1 intron
>9:146468352..146464197.pep
MKRQRSYGDGLDDDRRRFYDRGPPPRDYDGDRFDRRKGFGGGGGFHDSRYRDYPSPRGYG
GDRALHRSESFSGFRREFPKGFRSERDRSRRDGDGSSTWRRPGSGWTDAECFEEYRAPAR
LGASSLPGQPRRSRSRSPSEPRRRFEVAKAEKPRKHSAGINEVEEGELSPVAEPKARPAA
VEHRKQVESSRVKEKGLEQGKAKKLNSGVQANLGARANGSSSASDPNNAAREEGKKRDDI
LVAEAMDEVREKSSTMVTEEVVSGGHQVQALHAATTDSSEFGLTTSPMQQGVLQEEVKPQ
EETTNSVDMVGENTSSTMLKEGIQEEATTRDKTNNDTDEVRESASSNFSQAVQEEVTALH
KTGNAAIEVGKNISPLMQQEVLQDAVVELDDTAHAVDEVVKSASSDMLKEVIQEEVVQHN
GSADVVDMVDTDTSDLPWEAMQEKTVILDGNDHNFDTVEPVSYSGMLKEAMHEGELTRDE
TAINTIVAGQGNSTDMVDEVMLGKAAVREVISSAVNSVGESNMSTGLQGEVMVSQNQQAP
ESKEFEKITVMAEMDEPAEDITPQPVEVELEIHHCKERGTSEETLVVEKDASAMHDNVEK
EVKGFDIEAKADRAFMFHKPMKEHAGGSKEXVANPNLMTRDLTXDKRNGIEFDVLSKKXK
VDHSCSLGRGXDSTLQRGVEPTQTSKSASTTVVKTEHDTIKLEKLDLSLSLSVCLQNSES
KSSIPKTASLVHAAFSQPLSSSSFHTNSXGFPTSIPLTNSETLDHNPSCSLTQQSLDNYE
HSVGSKPFFMGVDQMSNHTRRQAQLSSESTQKGSATPLLQRVLQNGHMADTSTSAIKKHT
SGISTDLQRQISGVLLPTHSHCSHNSGLEHNRHRRQLTRERSSNSLTRDERQEGGQLVVN
GAGVIERIISKVVSEPLHLTGRMLQEMTENSITYLREAISEIIVDPDKRGQIIALQEALK
KRSDFNIDMLRSCPRVLMEILVSIRTGLPYFIKKSSSVATSNLVDIFLNLKCRNLSCQSI
LPVDDCDCKICQRMTGFCSSCMCIVCSKFDSASNTCSWVGCDVCLHWCHTDCGLRHSLIR
KGQSASRAYGTTEMQFHCSACGYPSEMFGFVKEVFRTCAQQWRIDMLVRELQYVERIFSA
SEDVRGKRVRDFVKQMLIKSENKAYHAEVVRCVIAFFSDDGANLGSDPSVPLKGIPCSIS
EAVDGIPSSSRKAWIPFTLEGLPVLDKTTLPTT
#	13574
Bits   Query         start end Target      start end   idels introns
336.54 Sb03g036400    11  301 2:1554418..1557742    1 2715    0    6
//
Making a I in phase 1 intron
Making a G in phase 1 intron
>2:1554418..1557742.pep
EEFVAHSSNVNCLKIGRKTSRVLVTGGEDHKVNLWAIGKPNSILSLSGHTSAVESVGFDS
TEVFVAAGAASGTIKLWDLEEAKIVRTLTGHRSNCMSVDFHPFGEFFASGSLDTNLKIWD
IRRKNCIHTYKGHTRGVNTIRFTPDGRWVVSGGEDNIVKLWDLTAGKLLHEFKCHEGQIQ
CIDFHPHEFLLATGSADKTVKFWDLETFELIGSTGPETTGVRSMTFNPDGRSLLCGLHES
LKVFSWEPIRCHDTVDVGWSRLADLNVHEGKLLGCSFNQSCVGIWVVDLTV
//
#	14677
Bits   Query         start end Target      start end   idels introns
35.02 Sb01g028390   210  240 2:28672287..28672020  176  268    0    0
//
>2:28672287..28672020.pep
PKCSWSPIPPPELRGENVHHLTTNGGFVSFG
//
#	4730
Bits   Query         start end Target      start end   idels introns
269.00 Sb10g028420   239  747 2:227962389..227960749  100 1635    0    0
//
>2:227962389..227960749.pep
LSPTSYTYAILMDCCTRAHRPELALAFFGQLLRTGLRVDAIIASHLLKGFCEAKRTDEAL
DILLHRTPELGCVPDVFSYNILLKSLCNQGKSGQADDLLRMMAEGGTVCSPDVVAYNTVI
DGFFKEGDVNKACDLFKEMVQRGIPPDLVTYSSVVHALCKARAMDKAEAFLRQMVNKGVL
PDNWTYNNLIYGYSSTGQWKEAVRVFKEMRRQSILPDVVALNTLMGSLCKYGKIKEARDV
FDTMAMKGQNPDVFSYTIMLNGYATKGCLVDMTDLFDLMLGDGIAPDIYTFNVLIKAYAN
CGMLDKAMIIFNEMRDHGVKPHVVTYMTVIAALCRIGKMDDAMEKFNQMIDQGVVPDKYA
YHCLIQGFCTHGSLLKAKELISEIMNNGMRLDIVFFGSIINNLCKLGRVMDAQNIFDLTV
NVGLHPDAVVYNMLMDGYCLVGKMEKALRVFDAMVSAGIEPNVVGYGTLVNGYCKIGRID
EGLSLFREMLQKGIKPSTILYNIIIDGLFEAG
//
#	7177
Bits   Query         start end Target      start end   idels introns
531.59 Sb10g005630    40  601 2:201148079..201149749    1 1671    0    0
//
>2:201148079..201149749.pep
IKWCGLSYDECTWERLDEPTLMKYSHLVTQFKNFECQALDKDVVKDYANTRNRHELNVLA
DQPKELKGGMLFPHQLEALNWLRKCWHKSKNVILADEMGLGKTVSACAFLSSLCCEFKIN
LPCLVLVPLSTMPNWMAEFASWAPHLNVVEYHGSARSRSIIRQYEWHAGDSSQIGKTKRS
YKLNVLLTTYEMVLVDAAYLRSVSWEVLVVDEGHRLKNSSSKLFSLLNSLSFQHRVLLTG
TPLQNNIGEMYNLLNFLQPTSFPSLSSFEEKFNDLTTAEKVEELKKLVAPHMLRRLKKDA
MQNIPPKTERMVPVELTSIQAEYYRAMLTKNYQVLRNIGKGGAHQSLLNIVMQLRKVCNH
PYLIHGTEPESGSPEFLHEMRIKASAKLTLLHSMLKILHKEGHRVLIFSQMTKLLDILED
YLTLEFGPKTFERVDGSVSVAERQAAIARFNQDKTRFVFLLSTRSCGLGINLATADTVII
YDSDFNPHADIQAMNRAHRIGQSNRLLVYRLVVRASVEERILQLAKKKLMLDQLFVNKSE
SQKEVEDIIRWGTEELF
//
#	10908
Bits   Query         start end Target      start end   idels introns
249.29 Sb07g001600    25  219 6:4839755..4840780    1 1026    2    3
//
Making a G in phase 1 intron
>6:4839755..4840780.pep
VTTGKIILVDLAGSEKVEKTGAEGRVLDEAKTINKSLSALGNVINALTTGKQNHVPFRDS
KLTRILQDSLGGNSRAALLCCCSPSPSNXRESVHASLWNQACQSTSFTPVPHCCNSLLXY
GKHPFRTKLIKAPPKLIPESVDNTKKPAVETHDQDDLRDRILSKLRLSLKEEDVDLLEEL
FVQEGIIFDASSVVDID
//
#	8069
Bits   Query         start end Target      start end   idels introns
78.93 Sb01g036920   119  172 1:9902779..9902573   31  196    1    0
//
>1:9902779..9902573.pep
GIHFVVTATSKVMKPSEVDRKYYYFITKEEFLMMNEREELLEYALLXVYGEYKEIP
//
#	6151
Bits   Query         start end Target      start end   idels introns
303.83 Sb04g000830    17  451 5:5909784..5911182    1 1341    0    0
//
>5:5909784..5911182.pep
PLRKVPGDYGPPVLGAIRDRFEYFYGPGGRDGFFTSRVRAHGSTVVRLNMPPGPFVARDP
RVVALLDAASFPVLFDTSLVDKTDLFTGTFMPSTELTGGYRVLSYLDPAEPNHGPLKTLL
FYLLSHRRQHVIPKFREVYGDLFGLMENELARVGKADFGHYNDAAAFSFLCQALLGRDPA
ESALQGDGPKLITKWVLFQLSPLLSLGLPKHVEDSLLHSFRLPPALVKKDYDRLADFFRD
AARRVVDEGERLGVAREEAVHNILFAMCFNSFGGMKILFPSLVKWLGRAGGRAHGRLATE
VRDAVRAHGGEVTMKALAEMPLVKSAVYEALRIEPPVAMQYGRAKQDMVVESHDYGFEVR
EGEMLFGYQPMATKDPRVFARAEEYVPDRFLGEDGAQLLRHVVWSNGPETASPTLQDKQC
AGKDFVVLIARLLVAELFLRYDSFDVQ
//
#	6716
Bits   Query         start end Target      start end   idels introns
640.87 Sb02g039530     1  450 2:25384993..25378254    1 6740    1   12
//
Making a Y in phase 1 intron
Making a D in phase 1 intron
Making a R in phase 2 intron
Making a G in phase 1 intron
>2:25384993..25378254.pep
MISQFFVLSQRGDHIVFRDYRGEVPKGSAEIFFRKVKFWNDDEAEEAPPVFNVDGVNYIH
VKVAGLFFVVTTMVNVSPSLLLELLQRIARVTKDYLGVLNEDSLRKNFILVYELLDEVID
FGYPQTTSTEVLKSYIFNEPIMVDAGRLPPLGPAAMFMQGTKRMPGTAVTKSVVATEPGG
KKREEIFVDIIERISVTFSSSGYILTSEIDGTIQMKSYLTGNPEIRLALNEDLSIGRTGS
SSYDYRSSSGGGTVILDDCNFHESVHLDSFDIDRTLTLIPPDGEFPVMNYRMTQEFKPPF
RVTALIEEAGPARAEVLLKIRADFSASATANTIVVQMPVPAYTMRASFELEAGAVGQTTD
FKEGSRRLEWNLKKXIVGGSEHTLRAKLTFSQESHGNITKEAGPVNMNFTIPMYNASKLQ
ARPYTFCMVRYLQIAKKSKAYNPYRWVRYVTQANSYVARL
//
#	15180
Bits   Query         start end Target      start end   idels introns
634.20 Sb04g001580     1  319 5:70775212..70776194    1  983    1    0
//
>5:70775212..70776194.pep
MLAPTAAGPCLSSPAPPTPTSTTAPPHLIRLPPLTTHHRXRRCRCRARPARAGPAPTPPP
APAPSSRPARDRVIEFGKYRGQMLGTLPPSYLRWVAAELDYGDTAPWAGLARAVLDDPVY
VDRVEWEHAHRFLRGDADGYDYAYDADGDGPLQEMAERFGWDLSDEEGWGRLDLRLLGTS
YGGRIPRKGARTKQSNSNSNSSPGGAKKGGSLFGAAAGADPGGAVGKRDKRRERVRTRRE
EQVRTAKMDMLGVHAGVADGGVLGSSSARKQAQIRMASKEILGLGQSSRAGETLDEKRTP
GKGGKGANPFPGRQAFLDKVRKLKGDD
//
#	12601
Bits   Query         start end Target      start end   idels introns
231.26 Sb01g039120     1  197 1:42184273..42185606    1 1334    0    6
//
Making a K in phase 1 intron
Making a A in phase 2 intron
>1:42184273..42185606.pep
MASLQNLVCSVSKQLAVPNCAATTKLNRAPPSAVAASSIQGSLDDTKVTKRRLALLGAGA
LATGLLRTSSAACSEVPKNYKSYVDAKDGYSYLYPAEWRDFDFLGHDSAFKDRNLALQCV
RVGFIPTEKTDIRDLGPMDEAIFNLVNNVYAAPNQIPSIYDMQERTVDGKNYWTFEYDLE
APGYSVSAFATVAIGNG
//
#	12665
Bits   Query         start end Target      start end   idels introns
80.41 Sb09g026680   103  243 3:90033445..90033007    1  436    1    0
//
>3:90033445..90033007.pep
LRAYARAGMLTEARDLFDAMPTRNAATWSCMISGLVLSGRCWEALRDQGLFGDMVRSSGI
VPNEPALVSVVSACAQLRSLEHGAWVHAYDEQELQGAMSVVLASAIVDMYMKCGGYXSAI
RVFVVMPMRNIYSWNAMIVGLAMNG
//
#	11950
Bits   Query         start end Target      start end   idels introns
146.75 Sb03g046420   143  277 2:33727316..33726906    1  411    0    0
//
>2:33727316..33726906.pep
KARKKEERLVVALKKIEPEDPSEPTHDPEVLTPEEHFYFLKMGQKCKNYVPVGRRGIYQG
VILNMHLHWKKHQTLQVIVKTFTPEEVKEIAIELATLSGGIVLDIQDGNTIIMYRGKNYA
QPPPEIMSPKVSLSRKK
//
#	16361
Bits   Query         start end Target      start end   idels introns
34.29 Sb04g008210    38  143 1:3280641..3281055    1  400    0    1
//
Making a W in phase 1 intron
>1:3280641..3281055.pep
GAVYKVGDLDAWGVPPPSKPDVYKRWAKSIHFALGDSIWFLYPPSQDSVLQLAPAAFASC
DLSRPVARLADGNSLFNLTAPGRAYYASGAPGHCRRGQKLWVDV
//
#	1743
Bits   Query         start end Target      start end   idels introns
93.86 Sb01g034590    95  149 7:132090914..132091077    1  164    1    0
//
>7:132090914..132091077.pep
RELSGFGFVKFRYLEDATVAKCEMNHQVIGGREISIVYXEENRKTPQEMCMRTRT
//
#	4956
Bits   Query         start end Target      start end   idels introns
289.93 Sb02g023310    67  301 4:37021047..37023751    1 2702    0    1
//
Making a R in phase 2 intron
>4:37021047..37023751.pep
STKTFSIYRWDPDSPSTKPHLKDYQVDLSDCGPMVLDALLKIKNEQDPSLTFRRSCREGI
CGSCAMNIDGDNGLACLTKISGASSASTVSPLPHMFVVKDLVVDMTNFYSQYKSVEPWLK
RKDQPPQQGKEIPQTKADRAKLDGMYECILCACCSTSCPSYWWNPEEYLGPAALLHANRW
IQDSRDQFTKERLDAINDEFKLYRCHTIKNCTHACPKGLNPAKQI
//
#	10511
Bits   Query         start end Target      start end   idels introns
53.49 Sb09g029740   277  335 9:96969868..96969574   25  274    1    0
//
>9:96969868..96969574.pep
STIALLPSRGRGKSAALGLAIAVVVVAXRAQPKGTQYLVECAILLSANCLSRYSNISVVA
PSPXNLKTLFDFVCKGINALEYK
//
#	10134
Bits   Query         start end Target      start end   idels introns
335.89 Sb06g033560   141  397 7:80014741..80015633    4  768    2    0
//
>7:80014741..80015633.pep
SSSSASIVPVFHPKNSSSSCLMGRRNPSSLXIHSAANIATKCRHPLLPGTANYPFANNVC
PPYDVVYDSTVGLLIATPXRAISDFVLGCSLVSVHQPPLGLAGFGRGMPSVPAXLGVPKF
SYRLMXRRFNDNTAMSGSLVLGGTEGGEGMQYVPLVKSATGDKLSYDMYYYLALRGVTVG
EKAVWLSVRAFTANAAGSEGAVVDSGTTFTYLDPTVFQPVADAVVTVVGRRYKRAKDTEV
GLGLHPYFVLPQVAR
//
#	12058
Bits   Query         start end Target      start end   idels introns
109.85 Sb10g000240   453  511 4:30496450..30496259    7  183    0    0
//
>4:30496450..30496259.pep
ESLLQDTVCSVLQAVSSIPSCKLLEEVCKRNFATHFDYCTTACTDFVSLDEATFKDILE
//
#	15857
Bits   Query         start end Target      start end   idels introns
94.53 Sb0139s002020  114  178 2:222320714..222321000    1  287    0    1
//
Making a R in phase 2 intron
>2:222320714..222321000.pep
VAVDAIVEVGDAKEVICEVAEKKNVDLLVLGSHSRGPIQRLFLGSVSNYCVHHSKCPVLV
VKNQG
//
#	4019
Bits   Query         start end Target      start end   idels introns
63.32 Sb06g030680    81  128 2:24465200..24465344    4  145    1    0
//
>2:24465200..24465344.pep
IGSLSDNFCAIIVLTEYGCLTAIIRKKEIVDVIVKAIKSTXEYEPEVA
//
#	1636
Bits   Query         start end Target      start end   idels introns
164.82 Sb01g042484     1  117 1:27911886..27912528    1  634    0    3
//
Making a N in phase 2 intron
>1:27911886..27912528.pep
MSSRRPSHPSHRNPRRFPSACYLLVLTLALLVVSAAAKSSRRPISDNEIRQKKEACYTDV
ENGLWGWVCRYSPTEKENCVLRCLSPECYDLIYGGDPLEEGELDYVRSQEYKYCMHK
//
#	6768
Bits   Query         start end Target      start end   idels introns
104.19 Sb03g004265   133  303 5:34094041..34093030  169 1012    2    1
//
Making a V in phase 2 intron
>5:34094041..34093030.pep
GEAIQILHYQNGEKYEPHYDYFHDKNNQALGGHRIATVLMYLSNVEKGGETIFPNAEVVT
FLHAYSLTRMSICCWFPSAVKPVKGDALLFFSLHPDSTTDSDSLHGSCPAIEGQKWSATK
WIHVRSFDXPSSSRVXSDGCEDDNVLCPQWAAVGECAKNPNYMVGTKEAPGFCRKSCKVC
//
#	12650
Bits   Query         start end Target      start end   idels introns
176.63 Sb03g004980    21  138 8:95022205..95022662    1  369    0    0
//
>8:95022205..95022662.pep
LSRKKRPRRSRDGPTSVAAVIQRWAERNKHLEYEESEEAKRPRKAPAKGSKKGCMKGKGG
PDNTQCGYRGVRQRTWGKWVAEIREPNRVDRLWLGTFPTAEDAARAYDEAARAMYGDLAR
TNF
//
#	13633
Bits   Query         start end Target      start end   idels introns
246.64 Sb06g032220     1  151 2:2630095..2629640    1  456    0    0
//
>2:2630095..2629640.pep
MGCACFGCYKSFWARWDASPNRHLIHRIIDAVEEEGGAGGPRRPPRRRRRGGGGGGGRRG
GGDAADEDAAETGPGVDHDNLPACDGGSGMDMDHRCHGEYDGDGDGDEEEEETSSVDGDD
ASVDSEGGGSAEKSTVGRLVRFIGEKVWGAWN
//
#	4021
Bits   Query         start end Target      start end   idels introns
355.42 Sb10g004130     1  230 9:17663192..17666952    1 3761    0    4
//
Making a K in phase 1 intron
Making a P in phase 1 intron
>9:17663192..17666952.pep
MEYDFRGGRSSSGPGPYGAPPGGAPGGGSSLYPRVGQPSHGGGGASTASPRAAPYHHGSG
SGSGSGSSAPVVTPLAPTSFSSSSSSSSKVGIQVAIKPEFRITPPPQLPPEMVEIPRSTF
NFDFEYERMILAEAEKENPNWTKFVVERQAAPLVPQQARYIDPPSSGSGDPVVDKYVSMG
LGRQAVSFAVLNYGDNPTKVKEFVKSYSILHEMGFTSPNVPELLAIHDNDPDKVIQRLLS
SPS
//
#	8768
Bits   Query         start end Target      start end   idels introns
115.34 Sb09g017950    49  113 5:212351328..212351065    1  201    0    0
//
>5:212351328..212351065.pep
RKNLYRGIRQRPWGKWAAEIRDPQKGVRVWLGTFNSPEEAARAYDAEARRIRGKKAKVNF
PDAPAVG
//
#	16121
Bits   Query         start end Target      start end   idels introns
142.40 Sb09g028160     1   82 8:67728887..67729220    1  334    0    1
//
>8:67728887..67729220.pep
MELGDKAVGFLLTLTSLTLFTYYTFWVIILPFVDSDHFVHKYFLPQEYAILIPVLAGVVL
LSFLSVFVGLVMLKSKKKK
//
#	8744
Bits   Query         start end Target      start end   idels introns
70.05 Sb03g033320    70  112 8:155666397..155666522    1  126    0    0
//
>8:155666397..155666522.pep
LPNFCKSLPCFCDLSAASIACAFVSCVFLATLAVINVIWLSS
//
#	12717
Bits   Query         start end Target      start end   idels introns
237.95 Sb03g004380     1  331 4:13946833..13948047   10 1215    0    2
//
Making a A in phase 1 intron
>4:13946833..13948047.pep
LALPCLLLLLLLAGAGVSNGQLQVGFYSKSCPDAESTVASVVRQSGSADPTILPALIRLQ
FHDCFVRGCDGSVLIKGGGNNNNNAEVDNGKHQGLRGLEIIEGAKTQLEAQCPGVVSCAD
IVVLAARDAVAFTGGPSFDVPTGRLDGKVSNLRDADALPDVHDGIDALRSKFRANGLDEK
DLVLLTAAHTVGTTACFFLQDRLYNFPLPGGGRGSDPTIPPGFLSELKARCAPGDFNTRL
ALDRGSENVFDTSILRNIRNGFAVIGTDAALYNDTATVDVVDSYSGLLSNFFGPYFRQDF
ADAMVRMGSVGVVTGSKQGEVRKVCSKFN
//
#	8805
Bits   Query         start end Target      start end   idels introns
71.08 Sb08g018450    19   66 5:39918108..39918360   10  247    0    1
//
>5:39918108..39918360.pep
LYRECLQRAKYIGHQKHNTKLLVAMVRQQFKKNMHETDPEKIQKMKDE
//
#	9696
Bits   Query         start end Target      start end   idels introns
74.56 Sb02g025590    43   83 2:183573348..183573470    1  123    0    0
//
>2:183573348..183573470.pep
FFWDATDDTDIVEDILRPRVDSIRGQIKKVILSGTHLTPCI
//
#	4679
Bits   Query         start end Target      start end   idels introns
1663.83 Sb01g042980     2 1722 9:147061492..147073346    2 11855    1   32
//
Making a R in phase 2 intron
>9:147061492..147073346.pep
XEIKELDEFAQAAFQGYKSLNRVQSRIFQATYYTNENILVCAPTGAGKTNIAMIAVLHEV
KQHFRDGILHKNEFKIVYVAPMKALAAEVTATFSRRLSPLNLVVRELTGDMQLTKNEIEE
TQQMIVTTPEKWDVITRKSSDMSLSMLVKLIIIDEVHLLNDDRGSVIEALVARTLRQVES
MQSMIRIVGLSATLPTYLEVAHFLRVNPDTGLFFFDSSYRPVPLAQQYIGISERDYTKRS
ELFNTLCYEKVVESIKQGHQALVFVHTRKDTGKTARTLIDLAAKAGELELFSSADHPQFP
LIKKDVSKAKSREVVEFFESGFGIHNAGMMRSDRSLMERLFGDGLLKVLVCTATLAWGVN
LPAHTVVIKGTQLYDPKAGGWRDLGMLDVMQIFGRAGRPQFDKSGEGIIITTHDKLAYYL
RLLTSQLPIESQFLGSLKDNLNAEVALGTVTNVREACTWLGYTYLFIRMKTNPLVYGITW
EEVMGDPSMGAKQRTFIIDAARALDKAKMMRFDEKSGNFYCTELGRIASHFYLQYSSVET
YNEMLRRHMSESELITMVAHSSEFENIVVREEEQDELEALARKACPLEIKGGPTDKHGKI
SILIQVYISRAPIDSSSLHSDAQYISQSLARIMRALFEICLRRGWSEMSSLLLQYCKAVD
RKIWPHLHPLRQFDKDLSPQVLWKLEERNVDLDHLYEMEENEIGALIRFSHQGKLVKQYV
GYFPYVNLSATVSPITRTVLKVDLHITPEFVWKDRYHGMSERWWIIVEDSENDTIYHSEL
FTLTKKMARGTPTKISFNVPIFEPHPPQYYIHAISDSWLHAETLFTVSFHNLTLPQTQIT
HTELLDLKPLPLSALGNKTYEDLYRFSHFNPIQTQAFHVLYHTDNNVLLGAPTGSGKTIS
AELAMLHLFSTQPDMKVVYIAPLKAIVRERMNDWRKRLVIQLGKKMVEMTGDFTPDLMAL
LSADIIISTPEKWDGISRNWHSRSYVMKVGLMILDEIHLLGADRGPILEVIVSRMRYISS
QTERSIRFVGLSTALANARDLADWLGVTDDGLFNFKPSVRPVPLEVHIQGYPGKFYCPRM
NSMNKPAYAAICTHSPNKPVLIFVSSRRQTRLTALDIIQLAASDEKPRQFLSIEDNSLDM
VLSQVSDSNLRHTLQFGIGLHHAGLNDRDRSLVEELFSNNKIQVLVCTSTLAWGVNLPAH
LVIIKGTEYYDGKTKRYIDYDITDILQMMGRAGRPQYDQHGKAVILVHEPKKSFYKKFLY
EPFPVESNLREHLHDHINAEIVSGTISNKEEAIIYLTWTYLYRRLVI
#	12845
Bits   Query         start end Target      start end   idels introns
242.47 Sb10g003780    33  175 9:18892116..18893655    1 1540    0    3
//
Making a T in phase 2 intron
>9:18892116..18893655.pep
SSDGWEKSWEFGVTPWDLGKPTPVIEHLARSGTLPKGRALVPGCGMGYDVVALASPERFV
VGLDISDMAVKKAKQWSSSLPNADYFTFLAEDFFKWIPSEQFDLIFDYTFFCALDPSLRV
AWAETVNRLLKPDGELLTLIYLV
//
#	3239
Bits   Query         start end Target      start end   idels introns
472.08 Sb02g002660    74  424 2:9505580..9503415    1 2166    0    7
//
Making a R in phase 2 intron
Making a R in phase 2 intron
Making a C in phase 1 intron
>2:9505580..9503415.pep
FSRHETGVTHVLVTGGAGYIGSHATLRLLSDKYRVTIVDNLSRGNIGAVRVLQRLFPEPG
RLQFIYADLGDAKAVNKIFSENAFDAVMHFAAVAYVGESTMEPLRYYHNITSNTLTVLEA
MAAHNVNTLIYSSTCATYGEPDTMPIVETTPQNPINPYGKAKKMAEDIILDFTKSKKQSN
MAVMILRYFNVIGSDPEGRLGEAPRPELREHGRISGACFDAALGIIPGLKVRGTDYSTAD
GTCVRDYIDVTDLVDAHVKALGKAQPGKVGIYNVGTGQGCRSVTEFVEACKKATGASIKV
EYLARRPGDYAEVYSDPSKIHMELNWTAQYTDLGQSLAQAWKWQKAHPNGYGP
//
#	1878
Bits   Query         start end Target      start end   idels introns
497.18 Sb06g022180     1  484 10:130032228..129970121    1 62108    6    4
//
Making a K in phase 1 intron
>10:130032228..129970121.pep
MEHFVELPPELCSLKIIGFSKDMGSSLSLLPSLMYRLENLLVAIELKDVMSSYFPEASQI
SASGILESLTTERCLERISLERLEVLGDAFLKYVVGRHNFISYEGLDEGQLTRRRSDIVS
NSNLYELSIRRNLQVXVDCIDDPNIYFMLKSRCSLXCPDHAVTASRRXLPPRHACRACRT
SARKWWHIVQLRGVAGNSDRAMEPSLSMHCDALRRVGVSGKYSVFRVQERSSSXVLVLSF
LAAGERRQLAGGSNTRQHRXIGLEGSHLRKTTLCSERVGEGEGYYHCASRFWTPXVDPGQ
LTDLKSLAVNNNSFAYVAVKKSIHRYLIKDSNYLTTAVNKFANYVNLSSSEKDLLEEPTC
PKVLGDIVESCVGAVLLDSGFNLNHVWKLMLMLLKPILSFCGMHIDPMRELRETCQYNGF
DLGLPEPTKYNGEFHVKVEVNINGKMISCTAANRNSKDARKVAAQETL
//
#	12194
Bits   Query         start end Target      start end   idels introns
43.09 Sb01g049850    24   66 1:2942360..2942615  119  244    0    0
//
>1:2942360..2942615.pep
QLPCVCVDRRWRGTGKKMVPSAARGVLESSSGTHSGGFMMKR
//
#	12849
Bits   Query         start end Target      start end   idels introns
134.08 Sb02g030090    63  181 4:149593897..149593560    1  332    4    0
//
>4:149593897..149593560.pep
SGFLEKVASSHLFGSIALLAKSGNFSLTKLMLXWSRTSFCFYVTSRVDKGLISELQNQNW
RVLSVGKPIXTDXLESSLIWSVSLFDXELCDSSVLVIGYIMKKSREENFAR
//
#	3092
Bits   Query         start end Target      start end   idels introns
175.61 Sb10g007100     1  122 9:8197224..8196566    1  659    0    3
//
Making a G in phase 1 intron
Making a R in phase 2 intron
>9:8197224..8196566.pep
MDSSSLKSAQLLELMRQHLATDAGKEVTKKVGLVYQLNIAPKKIGVDEEIFVVDLKKGEV
TKGPYQGKPDATFSFTDNDFLGIATGKTNPQIAFIRGAIKIKGSISAAQKFTPDIFPKPA
KL
//
#	15270
Bits   Query         start end Target      start end   idels introns
232.85 Sb04g008350   266  613 8:26870346..26871368   13 1023    0    0
//
>8:26870346..26871368.pep
GLRTGLIVSMVVGSVALAAVIVILALLWRSRTWRGVFTCSRREFEAGGSLAFYSYAQMKK
ATRNFSDKLGEGGFGSVFRGTMAGPTAVAVKRLKRSGQADKQFRAEVQTLGVIKHANLVR
LLGFCVRGDTRLLVYEYMPNGSLDAHLFSERSARLSWSLRYQIALGIAKGIAYLHEECED
RIIHCDIKPENILLDSELRAKIADFGMAKLLGREFDSALTTVRGTMGYLAPEWISGRPVT
RKADVYSFGIVLLEIVSGRRSTARLRSGSGSHRYFPLHAAARVSEGDVLCLLDSRLGGDA
DVEELDVACRVACWCVQDDEGDRPSMGQVVRMLEGVV
//
#	16396
Bits   Query         start end Target      start end   idels introns
266.87 Sb04g036130   166  430 5:214080417..214079344    1 1074    6    1
//
Making a V in phase 1 intron
>5:214080417..214079344.pep
VEWLEYLGRTGSLVELVVNDCKGILHHKFDLLKFCPGLQDRXKFEKFEINGNYWLLGSLV
GPPSDPAYDACYPXKYDIFCENLRLAHILTLQAREGLLGPTAQGIGXRFFFLLRKCKALE
KRCXVGLDDDEMIALLQNCXNLRSLXLRXTRLTDERLKAPGLNCPMLEVVELTFTFCSSV
YPTEIRFHTERYGIVALIQTCLVRAFMLDGVYIFYDSGLEGISSAPFLERLKLLDRKRIT
GAGVSFVAPRLSSLTI
//
#	414
Bits   Query         start end Target      start end   idels introns
184.46 Sb01g011850    35  349 5:657264..658271    1 1008    0    1
//
Making a A in phase 1 intron
>5:657264..658271.pep
VTAVIAFGDSIVDPGNNNGLHTVIKANHPPYGKDLFNHEATGRYSNGLIPTDLIAQELGV
KLLLPAYLGVDLSPEDLLTGVSFASGATGFDPLTPLVVSVISLEQQLAYFDEYRGKLVDI
AGEDETARIIDGALFVVCAGTDDVANTYFTTPFRSAEYDIPSYVELLVGGAEEFLRNVSS
RGARKIGFVGMPPVGCVPSQRTLGGGLARACEPKRNEAAQLYNARIQEMVADADRDLATT
TVVFLDIYRVLDDLMERGDKYGFSETTRGCCGTGTIEVTGLCDSRFVSVCDNVSQHVFFD
SYHPTERAYRII
//
#	15110
Bits   Query         start end Target      start end   idels introns
177.92 Sb07g022560     1  266 7:122701901..122701128    1  768    3    0
//
>7:122701901..122701128.pep
MGTLVGHVAPGAGFLLIGLWQLFSHTRLFLLRPSSYSAPVWFPVPGVRHLELILIIIGTV
LSILMELVIGPAKHQPFDDDGTIPSDHLHNFEHASISLALXSSSRRXDHPPGQGEGAHAG
RRVAAXAAAAFAQQLLIFHLHSADHMGVEGQFHWLLQTAIAVTLATTLLGIPYPRSFAVS
LVRSASLVFQGVWFVVMGVMLWTPALIPKGCFLNFEEGHDVVRCRTDDALDRAKSLVNLQ
FSWYLTGTVVFVVLFYL
//
#	10664
Bits   Query         start end Target      start end   idels introns
229.09 Sb03g042350    36  395 6:99368062..99366992    4 1071    0    0
//
>6:99368062..99366992.pep
GASGNGKTDSTKAVQEAWASACGGTGKQTILIPKGDFLVGQLNFTGPCKGDVTIQVDGNL
LATTDLSQYKEHGNWIEILRVDNLVITGKGNLDGQGPAVWSKNSCTKKYDCKILPNSLVM
DFVNNGEVSGVTLLNSKFFHMNMYQCKNMLIKDVTVTAPGDSPNTDGIHMGDSSGITITN
TVIGVGDDCISIGPGTSKVNITGVTCGPGHGISIGSLGRYKDEKDVTDINVKDCTLKKTM
FGVRIKAYEDAASVLTVSKIHYENIKMEDSANPIFIDMKYCPNKLCTANGASKVTVKDVT
FKNITGTSSTPEAISLLCTAKVPCTGVTMDDVNVEYSGTNNKTMAICTNAKGSTKG
//
#	14165
Bits   Query         start end Target      start end   idels introns
157.31 Sb10g024575    23  155 1:98761909..98762361   13  453    0    0
//
>1:98761909..98762361.pep
PRWLQPLLSARFFAHCRTHGDSHRSGECNMFCLDCSAAGAGAGARALCSLCLAQAHRDHH
TIQIRRSSYHDVIRVSDIQRFMDIAGVQTYVINSARVVFLNERPQQQRPGCKAASASANL
CEVCARSLLDNFRFCSLGCKVVGCSPD
//
#	5751
Bits   Query         start end Target      start end   idels introns
285.86 Sb04g005010    45  532 3:55030034..55028188    1 1847    0    2
//
Making a M in phase 2 intron
Making a S in phase 2 intron
>3:55030034..55028188.pep
HPFWIQVLYFLLISVLGFLMLRVLPMKSSSVPRPSALDLLFTSVSATTVSSMIAVEMESF
SNAQLLLMTLLMLLGGEVFTSMLGLHFTCTKLRNKRETPHNNLHGNSLEQSRRRHRPMEM
EAQAAAVQMELAGFNKDGHGDFASMARLLMFIVLGYILVVHIAGYALILIYLSVVGSARA
VLVRKRISLSTFSVFTVVSSFANCGFVPTNEGMVSFKSFPGMLLLVMPHILLGNTLFPIF
LRLSITALERVTRWRDLCELLRDRGPGGGPAAAAAAAAIGYDHLLPGPRTWFLALTVAVF
LAVQLVLYCAMEWGSGGLGGLNAFQKLVAAVFMSVNSRHSGEMVVDLATVSSAVVVLYVL
MMYLPPYTTFLPVAVEDDQQQQNEAQPHDNSTSKSSTSISIWHNLLMSPLSCLTIFIVVI
CITERRQIARDPINFSVLNIVVEVISAYGNVGFSTGYSCSRQVTPGGGCCKDAWVSLSGK
WSVEGKLTLMAIMFYGRLKKFSMLGGQAWRL
//
#	13503
Bits   Query         start end Target      start end   idels introns
297.53 Sb06g017580   408  669 2:47275682..47274706   23  977    6    1
//
Making a C in phase 1 intron
>2:47275682..47274706.pep
GWNDMANCYIXGLCENDHIASLFASRNLWALPYLREHFTAGLIASPSVPKSTNAFIQRFL
SAQTHLATFIEQMSICFIXITTYKDQSGEQEMMQQNLQSISLKTASPIEGHDVAVLTPHA
FSKLHMQSLHLEGSIFLVRQHTKEADGCSITWKYXNQREELISCCCXMFESYGILCRHAX
AIRRVLTALNYXPDLYLPVRRHRTQPLPSNSLRGLQSMVSALVSEATKSHERVDLATQEV
YGLLTRIKQQ
//
#	3333
Bits   Query         start end Target      start end   idels introns
157.95 Sb02g000580    10  397 8:21846053..21848011    1 1089    0    0
//
>8:21846053..21848011.pep
WEIQVLVLLSFTLQLILLAFARIRRRKGSAPLRVLLWLAYLMADSTAIYTLGHLSLRASS
GEKQVVALWAPLLLLHLGGPDTITAYAFEDNQLWLRHLLNLAVQAMGAAYVLYQSVATQT
HQRALVTASMLMFVTGLVKYGERTWALKRANIDSIRGGLDLQDDRDRRQPYDGRAGTAEL
ELDSEEVLLGAHYVFNACKSFFTDDLITSGAEREAISRGIQFNGGRYTHELIEMQLSLMY
DIMYTKAAVIYTWYGICIRLMSPAATWASFFLFRLSSSRGHGGPGGYSRVDVVVTYVLLA
GAFVLEIASLVRVLGSSWACAFLHARRWDRIHGAVRCLRLLVRAARSRRWLDSVGQYNLL
DFC
//
#	1337
Bits   Query         start end Target      start end   idels introns
64.73 Sb02g037820   174  369 3:3209362..3210550  605 1180    0    0
//
>3:3209362..3210550.pep
ELFRRSLFVVGEFGGNDYGSTIFSFRPLEEVHALVPHVVDVIARGVEELIAEGAADLVVP
GLLPTGCFPMFLSTFVGKPAAAYGPRSGCNRELNTLSWVHNAALQRKVEELRARHPDVRI
VYADYYTPAIRFVLHAEEYGMLRQTPRACCGAPGVGEYNFNLTSKCGEPGAYACQDPSNH
WSWDGAHLTEAA
//
#	14152
Bits   Query         start end Target      start end   idels introns
554.08 Sb10g012710     1  529 1:8039158..8037587    4 1569    0    0
//
>1:8039158..8037587.pep
QVLSALDGAKTQRYHFTAIVVAGMGFFTDAYDLFCISLVTKLIGRIYYTVDGSPRPGSLP
PHVSAAVNGVAFVGTLSGQLFFGWLGDRVGRKSVYGMTLLTMVVCSVASGLSFGRSPACV
MATLCFFRFWLGFGIGGDYPLSATIMSEYANKRTRGAFVAAVFAMQGFGILAGGAVAIGV
TALFRSRFPAPPYDVDPAASTPAEADLVWRIILMFGAVPAALTFYSRMKMPETARYTALV
ARNAERAAADMSRVLQVDIGNKEQPGAEEEATTGTEARLRGEQEEATTGPPFGLFSREFA
HRHGLHLVGTASTWLLLDIAYYSQNLFQKDIFSAVGWIPAAETISALDELFHIARAQTLI
ALCGTVPGYWFTVAFIDIVGRFAIQAVGFLMMTAFMLGLAVPYRQWTRPGNQTGFVVMYA
LTFFFANFGPNATTFIVPAEIYPARLRATCHGISAASGKVGAIIGSFGFLYLAQSQDPAK
TAHGYAPGIGVRNSLLLLAGCSFLGFLLTFLVPEPKGKSLEE
//
#	11145
Bits   Query         start end Target      start end   idels introns
88.33 Sb02g037830   464  553 5:14760084..14760440    1  348    0    1
//
>5:14760084..14760440.pep
QINEGDGAFYGPKIDIGVFDALKRKFQCATLQLDFQLPIRFKLAYSAEDEAKIERPVMIH
RAILGSVERMLAILLEHYNGKWPLWLSPRQA
//
#	12564
Bits   Query         start end Target      start end   idels introns
264.11 Sb10g000890    20  241 9:26820592..26821263    4  669    0    0
//
>9:26820592..26821263.pep
PLEAVLFDIDGTMAISDPFHHRATSEMLLKVGYNNGVPITPEFGMANMAGRSNEQIGRFL
FPDWDQRRLDAFFAEKEALFARYAAEGLREIAGLTPLCRWAAGRGLRRAAVTNAPRANAE
LMISILGLSDFFSLVVTAEECGRSKPYPDPYLRALDLLGVSPDHALVFEDSTTGVQAGIA
AGMPVVAIAEESREDKLLAVGATLVIRDYEDPKLWAALDKLD
//
#	1563
Bits   Query         start end Target      start end   idels introns
526.70 Sb04g031140     1  373 4:157734006..157731125    1 2882    1    8
//
Making a S in phase 2 intron
Making a R in phase 2 intron
Making a N in phase 2 intron
Making a G in phase 2 intron
>4:157734006..157731125.pep
MASNAYRKPSVSPSATMLKALPMRFLASPEPGGWSRRLPRRSLRSVSAALMTNPAYFEVG
RFLGGYGFMNITSYSSSQFGEPSNVAGIQDLGLGYSPEEIERLRVQDIGEGEVTIRLYEG
RVVQGPFRGTRAVFKVYPGARADASEADLMALNELRTHAFLQSDASDICENIQFLLGAFE
TATGEQWLAFRDDGRYSAADYANVTSARQLKEKSGGTPFWNPFDRAYKLELRRYFVLKLL
NGAMSGLVHMHNHDRLHQSLGPSSVILNTALDKEGRYLVPRLRDLAFSVDIGYSSIGAGV
LSDGLWRRASAAGASTPLEKRAFGIADDMQVFFFPPSTKNEHHSLHALYXNSYGAGLLLA
YMSFIPFCKAGVMDGISLQRLLESTFRLDIYAAREY
//
#	12169
Bits   Query         start end Target      start end   idels introns
84.59 Sb09g025210   291  350 6:9507804..9507533    1  260    1    0
//
>6:9507804..9507533.pep
FVSEGNEFTCYMLICSNFILNXCQSFKYKLWTKLFILRTATDITIFTSTQEANEWTIYPW
IHANCNSISDNDELRPISFPKIHFSS
//
#	3668
Bits   Query         start end Target      start end   idels introns
128.79 Sb08g020030   112  626 1:158691783..158689871  379 1910    3    0
//
>1:158691783..158689871.pep
DSIGNLTSLKSLYLSSNMLXGQIPPQMLQNLRNLENISLANNELSGHIPPYLFNTTPSLI
HIHFGSNHLSGPIPHTLGSLPRLDYLVINDNELLGTIPATMFNMSRVQVFSLELNNLTGE
VPYNQSFNLPMLWWFSISGNNIQGRIPLGFAACQRLQVLYLGGLPHLTGPIPAILGNLTR
ITDIDVSFCDLTGHIPPEIGLLQDLKNLRLGNNRLTGPVPASLGNLSALSLLSVESNLLS
GSVPRTIGNIPGLTQFRFSWNNFNGGLDFLSSLSNCRQLELLDIYNNSFTGPLPDQVGNL
STYLIEFRANANKLSGELPSSLSNLSSLVSIYFHDNLLTGAIPESITXYKISXFDVASNQ
MSGRLPTQIGKLKSLQQFYTNGNKFYGPIPDSIGNLTSIEYIYLSDNQLNSTVPSSLFQL
PKLIYLDLSHNSLTGSLPVDVSGLKQVDFVDLSSNYLFGSIPESFGTLKMLTYLDLSFNS
LEGSIPGLFQELESLASLNLSSNSLSGTIP
//
#	3170
Bits   Query         start end Target      start end   idels introns
640.33 Sb05g025040    25  522 9:86863680..86865116    1 1434    0    0
//
>9:86863680..86865116.pep
VKLGYHYLISHGMYLLLSPLMALVAVQLSTVSPHDLADLWEQLRFNLLSVVACSTLLVFL
STVYFLTRPRPVYLLDFACYKPESERKCTRETFMHCSKLTGSFTDENLEFQRKILERSGL
GEDTYLPPAVLRVPPNPCMDEARKEARAVMFGAIDQLLEKTGVRPKDIGVLVVNCSLFNP
TPSLSAMVVNHYKLRGNIVSYNLGGMGCSAGLLSIDLAKDLLQVHPNSYALVISMENITL
NWYFGNNRSMLVSNCLFRMGGAAILLSNRRSDRRRSKYELVHTVRTHKGANDKCFGCVTQ
EEDEIGKIGVSLSKDLMAVAGDALKTNITTLGPLVLPLSEQLLFMGTLIAKKVLKMKIKP
YIPDFKLAFEHFCIHAGGRAVLDELEKNLELTDWHMEPSRMTLYRFGNTSSSSLWYELAY
TEAKGRIRKRDRIWQIAFGSGFKCNSAVWKALRTVNPAKEKSPWMDEIDNFPVDVPKI
//
#	16225
Bits   Query         start end Target      start end   idels introns
1479.04 Sb10g002910     1  686 9:20607508..20605451    1 2058    0    0
//
>9:20607508..20605451.pep
VAVAVDVPSCIQLLRSCSAVAGRQLHQLLLKSGHVPSSLPPTNSVLLMYARGSPLHSRDA
RRLFDEMPTKNCFSYNSIITALFKSGDHRAALRVFRSMPDRNTFSYNAVITGLTGAGDLD
TASELLDEMPVKDAVACNAVLHRYVRCGRVDEAFALLKRIGSQCDSDGILPWNDPFVLTT
VVGACADRTQYEIGRQAHTRLVVANTGIDSILGCALIDMYCKCGDLDSAHQVLDRLEHVD
EISLSALVYGYASCGQLHKALCLFDKMESPSIALWTSLISGCNPAYHGDGAFVLFVRMLR
SEMLPNSTIYAIVLNMCGFLGMLKPGQQTQACALKSGAVNDLIAASALIDFYSKCGLWAD
ACQAFSELRHHDTIVLNSMITVYSNCGQIDEARRVFRLIPSKSVISWNSMIVGFSQNGHA
LDALELFCEMHRLGLQLDNVAISSVLSASGSICSVSSGEQIFGLAIALGLQSDHIVASSL
IDLYCKCGNLANGRRIFSGIANPDEVLWNSMLIGYASNGYGLEALKLLDLMQSRGLKPSE
RTFVGVLSACCHSGLVEEGLRWFYRMKEDFGVSPSAEHYACVTDLLVRAGRLDEAVEFIE
NMPFKADAISWTSIIGGCKAQGNEVLLDKVANKLMETGLSTHSSLYVQLSSTLAAHGDWD
KSAEIRSMMHDRRISKNAGRSWVDRA
//
#	12651
Bits   Query         start end Target      start end   idels introns
68.44 Sb03g013640    66  118 7:19823046..19823200    1  155    1    0
//
>7:19823046..19823200.pep
QVAPRNTMGDVPLEXYKDEXHIVYDIDGRXKKRDKEGRIEAYLRNARDAKNW
//
#	2271
Bits   Query         start end Target      start end   idels introns
131.94 Sb10g022070    81  366 5:151885453..151884280    1 1168    0    2
//
Making a D in phase 2 intron
Making a E in phase 1 intron
>5:151885453..151884280.pep
TGELPESLKNPAYDRSFLGNRGLCAAVNPNVNFPACRYRRHSQMSIGLIILVSVVAGAIL
VGAVGCFIVRRKKQRCNVTSWKMMPFRKLDFSECDVLITNLRDEDVIGSGGSGKVYRVHL
PARGRGRGCAGTVVAVKKLCSRGKAEEKLDREFDTEVKILGDIRHNNIVSLLCYISSEDT
KLLVYDYMHDECAQPIMHRDVKSSNILLDPGFRAKIADFGLARILLKSGEPESVSAVSGT
FGYMAPEYGRGAKVNQKVDVYSFGVVLLELATGRVANDSSKDAADCCLVEWAWRRYKAGD
PLHDVVDETIQD
//
#	11659
Bits   Query         start end Target      start end   idels introns
70.15 Sb08g005150    63  132 4:75655693..75655327   50  358    0    1
//
>4:75655693..75655327.pep
DALHRLIPRLCGMFDSANNIPLALNINPKKYLKTPFSACQHLADEAPSLPSEQKELRLYK
QHVDSLHQLA
//
#	13841
Bits   Query         start end Target      start end   idels introns
243.40 Sb01g048510     1  218 1:6231537..6233870    1 2334    0    7
//
Making a G in phase 1 intron
Making a K in phase 2 intron
Making a I in phase 2 intron
>1:6231537..6233870.pep
MRAEATESSALTAGAAHLLCFAGLAAAHTLAGRGALVSDPALALRLLVVCEAPIVIAVFS
YLRRDAKSCSIFKAVARGLICLPVGAFLNAFGAIVLGAPVGIKYWIPTIYWSLLMSLFTF
VPAACVFGASKIDWQNVLSHSIYFMPNDVENYMISAPCHGAVLGAWLGGWPMPLDWERPW
QEWPICVSYGAVAGYLVGMAVSVVLVAVHNRRVRAKAD
//
#	12146
Bits   Query         start end Target      start end   idels introns
193.16 Sb09g020470     1  137 7:19273054..19272654    1  401    1    0
//
>7:19273054..19272654.pep
MALHCSLSTACSTLWLRAAVXPDPRFLRSRARLAGLDLSGPHHRRLVHTGCTRAGTSDSK
AVELVLGGRACGDDGDTDSESSDDEDAXDRMTDEERRTLRXEMMDRVPKTMELTDPEERR
AKMRELLTKYKLVV
//
#	6332
Bits   Query         start end Target      start end   idels introns
115.31 Sb01g028080    99  229 9:90842725..90842229    9  497    0    1
//
Making a C in phase 2 intron
>9:90842725..90842229.pep
GGGKACGSSGGKGGIGDGDGGSNRAATDAHYRQMIEADPGNSLLLVNYARFLKEVAGDAA
RAQEYCERAILASPGDAEALSLYAGLVWETSRDAGRAEDYYSRAVQAAPDDCYVLGSYAG
FLWDAEEDEEE
//
#	14582
Bits   Query         start end Target      start end   idels introns
219.17 Sb10g003850   153  272 9:18613401..18613022   10  369    0    0
//
>9:18613401..18613022.pep
RVAHTLSAGAGATKFLAAAARFAWGQGPPEVALVWERRELLGPRRPPRVATQVFDRVLAL
DGGVARRGPYGTDVERREQQRLLTRECFHVSNARVEALRARIADEAGVKFTSFEVVAAFL
//
#	7975
Bits   Query         start end Target      start end   idels introns
160.32 Sb05g014060    27  149 4:9658385..9657936   16  450    0    0
//
>4:9658385..9657936.pep
AQQASNVRATYHLYNPAQNGWDLNRVSAYCATWDADKPLSWRQKHGWTAFCGPAGQKGQA
ACGKCIRVCGSATFTFPPAGLSQAIVGLLQVKNRATGASIVARIVDQCSNGGLDLDYETV
FKKIDTNGQGYQMGHLNVDYQFVAC
//
#	14426
Bits   Query         start end Target      start end   idels introns
82.18 Sb03g007400    44  275 5:92354205..92355134   13  930    1    2
//
Making a P in phase 2 intron
>5:92354205..92355134.pep
LWALDGAAERLTMLQVDLLDRASLRAAFRGCDGVIHTASPMXTTPFSFTPGLQEEIIEPI
IAGTRNVVEAAADAGVRRLVLSSTIGTMYMDPRRDPDAPLGDSSWSDLEYCKSTENWYCY
AKTVAEQGAWEAARARGLDLAVVIPVVVLGELLQPSMNTSTLHILKYLTGQTKEYVNESH
AYVHVRDAAEAHVRVLEAPGAGGRRYVCAERTLHRGELCRILAGLFPEYPIP
//
#	10732
Bits   Query         start end Target      start end   idels introns
211.83 Sb01g000446    19  172 5:662021..663343   10 1323    0    4
//
Making a W in phase 2 intron
>5:662021..663343.pep
SGSKPSYLGVQKSPPSLALCPATNNCVSTSEEISDSNHYAPPWNYNPKDGRSGKPITKEE
AMKELIEVVTKTKPDNFTPRIVEKKDDYIRVEYESPIFGFVDDVEFWFPPGNKTMVQYRS
ASRSGFIDFNANKKRVKELRLALEKKGWASESNF
//
#	12411
Bits   Query         start end Target      start end   idels introns
274.66 Sb02g024880     1  153 5:82445627..82445172    1  456    0    0
//
>5:82445627..82445172.pep
MQIFVKTLTGKTITLEVESSDTIDNVKAKIQDKEGIPPDQQRLIFAGKQLEDGRTLADYN
IQKESTLHLVLRLRGGMQIFVKTLTGKTITLEVESSDTIDNVKAKIQDKEGIPPDQQRLI
FAGKQLEDGRTLADYNIQKESTLHLVLRLRGG
//
#	1874
Bits   Query         start end Target      start end   idels introns
695.23 Sb10g025230     1  377 6:96919652..96921985    1 2334    0    3
//
Making a T in phase 2 intron
Making a W in phase 2 intron
>6:96919652..96921985.pep
MASEEVATTVCADADQEAAAAAAAAMKEEGGRGKRRRRRQPRKGEEEGGRKKYALVSYHE
LPEYMKENEFILNYYRSEWPVLNAVLSLFSWHNETINVWTHLLGFMLFFGLTLVHLGQYF
PQVADLIGHLSWPISKVAENVSSNIGDVLSGAAMFIQTNPSLASHGTAVASQTTRWPFFV
FLAGAMFCLLSSSACHLLSCHSHRLNLLLIRLDYTGIAVMIVVSFFPPIYYIFQCEPRWR
AAYLSAITAAGAGTVYALMSPRLSAPRYRARRALLFVGMGLSGVVPAAHAAAANWHEPRR
NVTLAYEGAMAASYLVGTAFYLARVPERWRPGAFDLAGHSHQIFHALVIAGALAHYGAAI
VFLRARDEMGCPAS
//
#	9662
Bits   Query         start end Target      start end   idels introns
1356.62 Sb08g005330     1  762 10:16506948..16504729    1 2220    0    0
//
>10:16506948..16504729.pep
MGDPNSNDSSMVHGTATETVFEGYEIFLGGNEMVTGCEAIISDKMGHAAETVLDYKMVDI
HDNKMVHRNEIVPSGSKIDRNGQTVLRRCSQIVRGNEIGNDNVTTEVKPPTSSKRKRKTS
MVWEHFTTEDSEGCTRACCNHCKRIFAYSSGLKMSGTSHLKRHITQGHCPEIEVQKPTAG
GRENDCQGTVQKPSMRCRSTCTGYANAPFNPDRCQSYLAKMIILHGYPLQIVQQAAFISF
VESLQPSFKVINKDAVEAEVYAVYLKERKSLLKQVENIPGRINLTVQTWTTSQTLGYVSL
AGQFIDSEWKLHRRMLNFMMVPWSCSEDDAVTEAISRSLHQWNMSDKLFTITRDYESSSH
DIYSLNLREELSKNNITMLGGQFSVVRCYAHMLTAVAIDVTALVQSVIYKIRESIKFIKC
RIGHEEMFADIILQLQIPSNQILCLDIKTQWNTTYLMLQAALDYKEAFTMLEKCDGNYSQ
APSAVDWEKVEVACRYLKLLYDSANNIMAVENPTANIFFHDAWTIQREISNATDHQDPNS
VSSSIAKGVHETFGKYWKDCNVVLAIAVVMDPRFKMKIVEFSYSKIYGPTKGAKYVKLVD
GVVHELYKEYVTQTLPLMPNHVGDKNIPRDPTSIGNLQSGFEVSIVKSELDQYLEEALVP
RILEFDILNWWKLNAVRYPTLSRMARDVLAIPVSTVGRGSSVFAAGTEAKMLDDYQSSLH
PETLEALFCAKDWLRHSSPA
//
#	8468
Bits   Query         start end Target      start end   idels introns
201.29 Sb02g032710   334  618 6:97613859..97615139    1 1281    0    4
//
Making a E in phase 2 intron
Making a S in phase 2 intron
>6:97613859..97615139.pep
YTVADLQVATNSFCEDSLLGEGSLGRVYKAGFPNGKVLAVKKVDDSALLSLYGGGEDAFL
ELVSNVSRLRHPNIVPLTGYCVEHGQRLLVYEYVGNGTLRDVLQHCLSDDEGASKKLTWN
TRVRIALGTARALEYLHEVCIPPVVHSRTFKASNILLDEEYSPHLSDCGLAALTTVVSPE
AVGSFGYSAPELAMSGTYTAKSDVYSFGVVMLELLTGRKPLDSSRERSEQSLVRWAAPQL
HDIDLLARMVDPALDGLYPSKSLSRFADIIAICVQPEPEFRPPMSEVVQQLVRLMQR
//
#	7851
Bits   Query         start end Target      start end   idels introns
97.57 Sb03g035330   137  184 5:137692148..137692291    1  144    0    0
//
>5:137692148..137692291.pep
LMNKGKGGESGPSVPKIADKSREGDIFPAASLDEYAEQTREQEEDDSD
//
#	1795
Bits   Query         start end Target      start end   idels introns
80.64 Sb02g043490   188  225 6:48548858..48548733   13  126    0    0
//
>6:48548858..48548733.pep
RDQCVLQDIDPEELHAKLQDPSFLEEAQLIDVREPDEV
//
#	5521
Bits   Query         start end Target      start end   idels introns
107.15 Sb02g034500    49  119 4:28027443..28027144    1  300    0    1
//
Making a A in phase 1 intron
>4:28027443..28027144.pep
RYLVPADLTVGQFVYVVRKRIKLSAEKAIFIFVKNTLPPTAALMSAIYEENKDEDGFLYM
TYSGENTFG
//
#	13923
Bits   Query         start end Target      start end   idels introns
936.47 Sb02g003080     2 1220 2:30587738..30591421    2 3678    1    1
//
Making a E in phase 1 intron
>2:30587738..30591421.pep
XPCIWKGVSCSSTPNPVVVSLDLSNMNLSGTVAPSIGSLSELTLLDLSFNGFYGTIPPEI
GNLSKLEVLNLYNNSFVGTIPPELGKLDRLVTFNLCNNKLHGPIPDEVGNMTALQELVGY
SNNLTGSLPRSLGKLKNLKNIRLGQNLISGNIPVEIGACLNITVFGLAQNKLEGPLPKEI
GRLTLMTDLILWGNQLSGVIPPEIGNCTSLSTIALYDNNLVGPIPATIVKITNLQKLYLY
RNSLNGTIPSDIGNLSLAKEIDFSENFLTGGIPKELADIPGLNLLYLFQNQLTGPIPTEL
CGLKNLSKLDLSINSLNGTIPVGFQYMRNLIQLQLFNNMLSGNIPPRFGIYSRLWVVDFS
NNSITGQIPKDLCRQSNLILLNLGSNMLTGNIPRGITNCKTLVQLRLSDNSLTGSFPTDL
CNLVNLTTVELGRNKFSGPIPPQIGSCKSLQRLDLTNNYFTSELPREIGNLSKLVVFNIS
SNRLGGNIPLEIFNCTVLQRLDLSQNSFEGSLPNEVGRLPQLELLSFADNRLTGQIPPIL
GELSHLTALQIGGNQLSGEIPKELGLLSSLQIALNLSYNNLSGDIPSELGNLALLESLFL
NNNKLMGEIPTTFANLSSLLELNVSYNYLSGALPPIPLFDNMSVTCFIGNKGLCGGQLGR
CGSRPSSSSQSSKSVSPPLGKIIAIVAAVIGGISLILIAIIVHHIRKPMETVAPLQDKQP
FPACSNVHVSAKDAYTFQELLTATNNFDESCVIGRGACGTVYRAILKAGQTIAVKKLASN
REGSNTDNSFRAEIMTLGKIRHRNIVKLYGFVYHQGSNLLLYEYMSRGSLGELLHGQSSS
SLDWETRFLIALGAAEGLSYLHHDCKPRIIHRDIKSNNILLDENFEAHVGDFGLAKVIDM
PYSKSMSAIAGSYGYIAPEYAYTMKVTEKCDIYSYGVVLLELLTGRAPVQPLELGGDLVT
WVKNYIKDNCLGPGILDKKMDLQDQSVVDHMIEVMKIALVCTSLTPYERPPMRHVVVMLS
ESKDRTRVSSASSPASD
#	6651
Bits   Query         start end Target      start end   idels introns
55.64 Sb03g046370   606  655 4:37854283..37854436    1  130    1    0
//
>4:37854283..37854436.pep
QQLVDGTRRLSTGGXEICMEISSKPDSFKCACLDKCSKKDASEN
//
#	12363
Bits   Query         start end Target      start end   idels introns
564.23 Sb10g002735    27  854 6:6183970..6186747   10 2625    4    0
//
>6:6183970..6186747.pep
SSCVPAERAALLSFKASITSDPAGRLRSWRGHDCCQWRGVSCGNRSHAVVGLDLRNDYWQ
HDSFFSDHDSGNHWLRGQISPSITALRRLRRLDLSGNLLGGPGVTIPGFLGSLSSLVYLN
LSAMDFDGMVPPQLGNLSRLVRLDLNNXRSSVTSTXPDLSWLSRLSLLEHLNLNIVNLST
VADPTQAINALANLRVLHLDECSISIYSLLSRLTNLTAVEELDLSNNFLFSGPFSSRWWF
WDLGSRLRSLQLDACGLFGSFPRELGYMTSLEVLDLGNNDLNGMLPETFRNMCSLNTLTL
AYTNIXGHSAXLDRLPSCPERKLRELDLSQANLTGTMLNWLPNQTSLTLLDVSGNHLTGP
VPVEIGELAALSSLDVSGNNLNGVMSEEHFSKLTSLTSLDLSDNNLQIRVDPDWVPPFQL
NVAEFSSCQLGSRFPAWLRWQNQVNVLDISYSNLTGTIPEWFWAVFANASSLDLSYNKIT
GELPRDLEFMSVGILQLRSNQLTGSVPRLPRSIVTFDISRNSLNGPLSLNFEAPLLQLVV
LYSNRITGLIPNQICQWKQLRVLDLSDNLLAGELPDCGTKVAKQGNSSSTSMPHSSPASP
PSLNIRTLLLSSNSLSGEFPLLLQSCTNLLVLDLSHNKFTRNLPAWIGERLQNLEILALR
SNTFSSHIPGEITRLPALQFLDLANNNLSGTLPQSLANLKAFTTIAYTGGTGNPFDEEYD
GEYGFVTMGPSDDSLTVETKGQELNYTESMIFLMSIDLSNNNLAGPIPEEIGTLVGLINL
NLSRNLISGKIPEQIGNLQSLESLDLSNNHLSGEIPWDLSNLTSLSYMNLSYNNLSGRIP
SGHQLDTLSSDDPTSMYIGNPDLCGHPLPKQC
//
#	1943
Bits   Query         start end Target      start end   idels introns
506.06 Sb03g010440   569  881 8:4056891..3975039 77057 81853    0    6
//
Making a S in phase 2 intron
Making a R in phase 2 intron
Making a S in phase 2 intron
>8:4056891..3975039.pep
RGDDEDEDFFVDDQDVSRLMIVTQDTRLEKDDKNRTSIPQAFSTEEASRISDALYCYEKL
HGRCTDNQRSSQADPADADSKPTSGSKGSHIRTGTKVTEEAGQPIPRRRQNKGNRKAHSS
RKQRFFAGNFVNNPDQYGGVSESPPGNSVGYFYGSTPENHSYKSSKLSSSPHGIPTGSSP
VGSVPKSSPQSQHLTFHLLEKNKLQPQRYNKFKHHCLMERKKLGTGQSEQMNSLYRFWSY
YLRDNFNEDIYKDFKKLALEDAAASYRYGLECLFRFYSYGLEKKFQPNVYEDFEKLTFEF
YRNGDLYGLEKYW
//
#	9454
Bits   Query         start end Target      start end   idels introns
274.78 Sb01g047140    19  238 2:19829283..19828419    1  865    0    2
//
Making a S in phase 1 intron
>2:19829283..19828419.pep
SLKAYAAEFIATLLFVFAGVGSAIAYSQLTKGGALDPAGLVAIAIAHAFALFVGVSMAAN
ISGGHLNPAVTFGLAVGGHITILTGVFYWVAQLLGASVACLLLQFVTHGQAIPTHGVSGI
SEIEGVVMEIVITFALVYTVYATAADPKKGSLGTIAPIAIGFIVGANILAAGPFSGGSMN
PARSFGPAVAAGNFAGNWVYWVGPLIGGGLAGLVYGDVFI
//
#	14742
Bits   Query         start end Target      start end   idels introns
83.73 Sb09g023610   127  216 6:366469..366125   85  345    0    0
//
>6:366469..366125.pep
GEEEGRPVAFARAAGDGVFNAVVWDVVVEPSSQGLGLGRAVMERLVDELRRDGVANIVLY
AETRVVGFYRLLDFAMDPDGIRGMAYY
//
#	12196
Bits   Query         start end Target      start end   idels introns
148.83 Sb02g002910    59  199 2:10482456..10484762   31 1991    0    2
//
>2:10482456..10484762.pep
TEFKFFSAHIPLYLYPFLNTTSKTRPFEYLRLTSLGVIGALVKVDDTEVISFLLQTEIIP
LCLRTMEMGSELSKTVATFIVQKILLDDVGLRYICATAERFFAVGSVLANMVVSLADQPS
TRLLKHIIRCYLRLSDNPRSV
//
#	196
Bits   Query         start end Target      start end   idels introns
183.50 Sb04g010130   135  413 8:78655900..78654570    1 1331    0    5
//
>8:78655900..78654570.pep
GGLLNATFGNVTEVIIAIFALYQGKVVVVKCSLLGSVLSNLLLVLGTSLFFGGLANLGTE
QLYDKMQVDVSTGLLILGVLCHSLPLMLRYAVSSGEHAESSWDSGLELSRACSIVMLLAY
VAYLFFQLKTHRQLFEPQPQEVEDDGDDSVSQDEAVLGFSSAMIWLGVMTLMTALLSEFV
VSTIEAASESWELSVSFISVILIPIVGNAAEHAGAVIFAFKNNLDITLGVSLGSATQISM
FVVPLSVLVAWIMGVPMDLDFNLLETGCLFLAILVTAFTLQ
//
#	1438
Bits   Query         start end Target      start end   idels introns
234.81 Sb01g032280     1  145 1:74213716..74215220    1 1505    0    3
//
Making a A in phase 1 intron
Making a G in phase 2 intron
>1:74213716..74215220.pep
MAESTARTVKDVNPHEFVKAYSAHLKRSGKMELPEWVDIVKTARFKELPPYDPDWYYIRA
ASIARKIYLRQGIGVGGFQKIYGGRQRNGSRPPHFCKSSGAVARNILQQLQIMGIIDVDP
KGGRLITNQGRRDLDQVAGRVAVEA
//
#	8905
Bits   Query         start end Target      start end   idels introns
214.98 Sb01g014310     1  131 6:16293216..16292736    4  475    0    1
//
Making a D in phase 1 intron
>6:16293216..16292736.pep
PPGFRFHPTDEELITYYLLRKAVDGSFCGRAIAEIDLNKCEPWELPDKAKMGEKEWYFYS
LRDRKYPTGLRTNRATVAGYWKATGKDREIRSGRTGALVGMKKTLVFYRGRAPKGQKTHW
VMHEYRLE
//
#	16149
Bits   Query         start end Target      start end   idels introns
101.67 Sb02g032380   346  434 7:166296905..166296464    1  263    1    0
//
>7:166296905..166296464.pep
RNHCDGSVSTIQXGFISSFPCIFSFISSLMGGDIPEQKQIRLKHSFNXLYDNRVDSVEQD
KSTQLSNWSSNATVCKTYRGEFEDLDTV
//
#	15940
Bits   Query         start end Target      start end   idels introns
1946.62 Sb04g028500     1 1058 5:205710419..205717195    1 6777    0   12
//
Making a R in phase 2 intron
Making a S in phase 2 intron
Making a R in phase 2 intron
>5:205710419..205717195.pep
MHCIAPRLLLLPLPTVSRHALSPTQTPPLPPLLPSRACKFHLASARSPSRAAASVSGDDE
DEEVDVDDDEDDETTIRNVDDEYDDDFEDGDEGDEGDEEAVDEESGGEYEEEAGEDEDKR
EDTAARRRDSEEYKSRRVAKLVAEVREFGEDVIDYNELAGIYDFPIDKFQRLAIQAFLRG
SSVVVSAPTSSGKTLIAEAAAVATVARGRRLFYTTPLKALSNQKFRDFRNTFGDHNVGLL
TGDSAINKDAQILIMTTEILRNMLYQSVGMTASEGRLFQVDVIVLDEVHYLSDISRGTVW
EETVIYCPKEVQLICLSATVANPDELAGWISQIHGKTELVTSNKRPVPLTWHFSKKYSLQ
PLLDGKGKKMNRKLRMSNSQNLASPKSEFYYVKGKRRFRTNKIEQGNSRPLDISKQVQLS
KHELSNMRRSQVPLIRDTLSQLWENGMLPAIWFIFSRRGCDAAVEYLEDCRLLHDCEASE
VELELRRFKMQYPDAIRESAVKGLMRGVAAHHAGCLPLWKSFIEELFQRGLVKVVFATET
LAAGINMPARTAVISSLSKRIDAGRQLLTPNELFQMAGRAGRRGIDTVGHAVLVQTPYEG
PEECCDIIFAGLEPLVSQFTASYGMVLNLLAGSKVTHKQKESDDVKDKHSGRTLEEARKL
VEQSFGNYVGSNVMVAAKEETERIRQEIQYLSSEITDESIDRKCREELSEEDYAEISLLQ
KRLKEEKQIRNELKKKMELERMAAWKNRLEEFESGHLPFMCLQYKDKDSIQHTIPAVFIG
NLNSFADQKIMNMVEDDSLVSGKPKRDSGEQLYRPSYYVALSSDNSWYLFTEKWIKTVYK
TGLPAVPSVEGGTLPRETLKQLLLREELVWDKVEKSEYGSLLSMEGSLDTWSWSLNVPVL
NSLSEDNEVERFSQEHQDAVECYKQQRRKVSHLKKTIKATRGFKEFQKIIDMRNFTKEKI
ERLEARSRRLTRRIRQIEPTGWKEFLQISKVIQEARALDINTQVIYPLGETAAAIRGENE
LWLAMVLRNKVLLDLKPSQLAAVCGSLVSEGIKLRPWKNS
#	9063
Bits   Query         start end Target      start end   idels introns
92.13 Sb09g024520    87  135 8:121294995..121295141    1  147    0    0
//
>8:121294995..121295141.pep
LNSMMDLGSDVQVRAAGGLLAILDNERLLDTIEQMEGGASIAIDSVVQI
//
#	8969
Bits   Query         start end Target      start end   idels introns
95.52 Sb02g026650   206  253 3:195125537..195125686    7  150    0    0
//
>3:195125537..195125686.pep
ECKTVSYKWTGKCRSYQGTGVVSYFRKKGKETICKCVPCAGIGKMRFI
//
#	5341
Bits   Query         start end Target      start end   idels introns
586.72 Sb03g012450     1  530 8:36758755..36726160    1 32596    6    2
//
Making a K in phase 1 intron
>8:36758755..36726160.pep
MAPPAPSVGPRLLLRRLLSTATEAAAETPAPTAPSSAAAAKPAKQDPRLLYRRLSALGSA
GEGSVSRVLNKWVREGGATRSDDLVKHVKELRKYKRHAHALEVYAWILXSINQARPFDSK
TIKIXLERKVAHHAAGTNDLXSLPRRRVVHHSVGAXLFSGCGRLDDSPSHLRHYINRWVG
VKLPQHSLLLHCFAAKNLTIXSLFIALNRKHRCWFLLRHKRKSFGKIKKVDNFIKNCEEF
IIKWQGYALAASYVNAGEFGKAXSALKKVEGLISAHDDRQPFDFLLSLYASLGNLSEVNR
VWNVIKSKFSKVTNTSYLGMLHALYKLNDIDRMKQIYMEWESNYETFDVKLTNMMIRSHL
KVGMTEEAEMLVEKVKENGAEFDTKTCELFLDHYMGTEDMNSALNWLENMTKLSKKAEKL
DQDRIYKFQKYFEEHKDADGAERFCNCLRTLGCIDGKAYESLLRTYLAAGKKSCSLRQQI
KNDKVEICYDIGKLLKRLGDK
//
#	14013
Bits   Query         start end Target      start end   idels introns
1467.14 Sb03g008300     1  703 8:8396339..8401361    1 5023    0    2
//
Making a G in phase 1 intron
>8:8396339..8401361.pep
MGNSTLTDMTLLPGVEPIVAGLAAGPSSPGQEGKAKKKPMKSLYLRFFETALDGKSRICR
LCRKSYCMTTATGNLGKHLNNRHPGYHQLPEGVSFTNQSTIEATMLNRSRKPHVPVRARA
QAQPQVQSQSQVQDQAQPKLRSQPKTKATVDIDHVNWLLLRWLISASLPPSTLEDNMLID
SCKYLSSSVRLWPKEKVQEVIIEVFRSMKEDVKETLQCITSRLSVTLDFWTSYEKIVYMS
VKCHWIDENWVSQNVLLDVCRIPYPSTGSEVFQVLMDVLVMYNIDSRILACTHNNSQHSI
HACHELARQLKTRNLPFCYIPCAARTLKTIIEAGLENVKPILSKIREFILHIHSNQEMME
DFKHWTEVYQEGSWKLPFDHSANWNSDYNMLDVVKKAPNAIENTIKKVEEIFVPRDWVLT
TAEKSVIDVLHSYLEPFFKTTTNLCNCKLPTLGLVFFFMDHVFELINLCHGSSHQEWLKN
IAGDMSKTTQKFTSEAYNIFTFTAAILDPRIKGELIPETLNSTSNLDDVRNHFVRDYSST
FQAVGNGHGAQDTTEDAGAFAFAEEIIRKRRRVSMTTADDELSQYLAEPPAPISTDALEW
WRGHSSRYPRLSLMARDFLAIQGTSLDPEELFTSKGDNIHKQQYCLPLSSMQAIVCIKSW
MQSGYQFNFQSTIIDFERLVESATAPDDIDSSGLHS
//
#	175
Bits   Query         start end Target      start end   idels introns
1169.09 Sb03g006540     1  600 3:19260654..19256028    1 4627    0    4
//
Making a E in phase 1 intron
Making a W in phase 2 intron
>3:19260654..19256028.pep
MQRRVGMADGEARGRTLGAVIKEKDEELALFLEMRRREKERGAAAAAAAVAAADQLLLSG
DSVAGDGMLLLGPPPPAEPKPVAYKVAGGGFRRAPGGADDFLHADAGDKNDYDWLLTPPG
TPLFPSLEVESKRSPVSQAGTPKTRPTALKSRLSNHPDPPSRTNLPLRTTSSNSLNSGAT
TRRPSSSGGLTSNSSRPSTPTGRPTLTASSKGSRPSTPTSRTTVPAKTGASVSRSSTPTL
RSTLPSARSTTPSSRAVGPASRTSAPIGRASAPASRSSTPTSRSSIPATRSTTPSSRPSI
PAQSKPTSRASTPTRRPSAPSAQHGNLAAPVRSSSISKPGSTMPKGSSPAKTAAPTPSRG
SSPTVKSRPWKPSEMPGFSLDAPPNLRTSLPERPTSATRGRPGAPSSRSCSVESGPAGRP
RRQSCSPSRGRTLSGSVPSGSSMPAVRRSHLNGGDSVNPVQMGNKMVERVVNMRRLVPPK
HDDQRSSLNSVSGKTSNSPDSSGFGRTLSKKSLDMALRHMDIRRSIPNNLRPLMTSIPPS
SVHSARSGSTRSRPMSVSDSPLATSSNASSEPSVNNNLMCLDGIYMDDELCSDRAGPYGR
//
#	10636
Bits   Query         start end Target      start end   idels introns
228.26 Sb01g040240    85  332 8:167830097..167829231    1  735    0    0
//
>8:167830097..167829231.pep
GAESLAFDGKGEGPYAGVSDGRVLKWGGTTVGWTTFAHSANYRKIPLCTAGVVPSEETES
MCGRPLGLQFHAKTGDLYIADAYLGLMRVGPGGGEAEVLATGAGGAPFHFVNGLDVDQST
GDVYFTDSSATYPRRFNTEIMMNADATGRLLRYDARTKSVAVLKAGLPYPNGVAVSRDGA
HVVVAHTVPCQAFRYFLSGARAGQYDLLADLPGYPDNVRRDGKGGYWVALNQEKQRLDAT
PATAP
//
#	6080
Bits   Query         start end Target      start end   idels introns
94.57 Sb01g044700    72  124 7:160321744..160321586    1  159    0    0
//
>7:160321744..160321586.pep
QMTLAKAQAGVKNNMRRLNKSIIQQGSNHVLYVVLFALFCFFIVYLLSKFSRR
//
#	11893
Bits   Query         start end Target      start end   idels introns
195.30 Sb03g040470   290  399 2:204121815..204122671    1  857    0    1
//
Making a L in phase 2 intron
>2:204121815..204122671.pep
PCIQYFWEQDESDIISRQTRISLHFQGRKKQMLRYAFTYHWRLWSIPEIKDCLAKAGFKW
VHVWMREMPNTQSGGNAKEYNANRDVKYEESHHFNQGDAWNAYVVGVANI
//
#	501
Bits   Query         start end Target      start end   idels introns
296.34 Sb08g003540    75  501 5:5206712..5205420   13 1293    0    0
//
>5:5206712..5205420.pep
GKEVHGYIVRNCVNMDVFLVSALVDIYFKCRDVRMAQNLYDAARAIDVVIGSTMISGYVL
NGMSEEALQMFRYLLEQCIKPNAVTIASVLPGCASMAALPLGQQIHGYVLRNAYERKCYV
ESALMDMYAKCGRLDLSHYIFLKMSQKDEVTWNSMISSFSQNGKPQEALDLFRQMCMEGI
KYNNITISAALSACASLPAIYYGKEIHGVTIKGPIKADIFAESALIDMYAKCGNLELALR
VFEFMPDKNEVSWNSIISAYGAHGLVKESVSLLHGMQEEGYKPDHVTFLALISACAHAGL
VEEGVQLFQCMTKKYLIAPRMEHFACMVDLYSRSGKLDKAIQFIADMPFKPDAGIWGALL
HACRVHRNVELADIASQELFKLDPANSGYYVLMSNINAVAGRWDGVSKVRRLMKDNKILK
IPGYSWV
//
#	9956
Bits   Query         start end Target      start end   idels introns
416.17 Sb02g012390     1  354 2:18205599..18203935    4 1665    0    2
//
>2:18205599..18203935.pep
VGEGGFGSVYKGFLRNTTVAIKLLHPESMQRQSEFHQEASVLSTVRHPNLVTLIGTCPEA
FGLVYEFFPNGSLEDCLGCKNNTRPLTWQTRTRIIGEMCSALIFLHSNKPHPVVHGDLKP
DHILLDANYSSKLGDFGISRLLIQTNTCSTNLYRTTNPRGTFSYMDPEFLTTGELTPRSD
VYSFGIIILRLLTGKQPQRIAEIVEDAIEKENLHSIIDSTAGSWPFIQANQLAHIALRCA
ELSRRRRPDLTVDVWKVVEPLMKAASMTARPLSCTAPSDETCIPSYFICPILQEIMRDPY
VAADGFTYEGEAIRGWLDSGHSTSPMTNLDLERSLLVPNRALRSAILEWNQ
//
#	15138
Bits   Query         start end Target      start end   idels introns
311.76 Sb04g012200     1  212 2:68288730..68303934    1 15205    0    5
//
Making a R in phase 2 intron
Making a N in phase 1 intron
>2:68288730..68303934.pep
MHPVPVPSQPFTATPAKKLVSRSTAVRKAIHFVNLWTAGRSSGNLAMNSVPKPAPGSETS
GREDFAVGDKDAVVIVDHGSRRQESNLMLNDFVEMFRAKTSYRIVEPAHMELAEPTIKDA
FGKCVQQGASRVIISPYFLSPGRHWKQDIPALAAVASKEHSNIPYIVTAPLGLHELMVDI
MNDRIKYCLRHVAGDVDECTVCAGTGKCRMYS
//
#	14974
Bits   Query         start end Target      start end   idels introns
286.99 Sb03g010230    33  347 8:4350434..4348723    1 1712    0    3
//
Making a G in phase 1 intron
>8:4350434..4348723.pep
HPWGVGGGGLSPQFYDHSCPMAEKIVQSVVAQAVAKETRMAASLVRLHFHDCFVKGCDAS
VLLDNSSSIVSEKGSNPNRNSIRGFEVVDQIKAALEAACPGTVSCADILALAARDSTALV
GGPYWDVALGRRDSLGASIQGSNNDIPAPNNTLPTIITKFKRQGLNVADVVALSGGHTIG
MSRCTSFRQRLYNQTGNGMADSTLDVSYAARLRQSCPRSGADSTLFPLDVVAPAKFDNFY
YKNLLAGRGLLSSDEVLLTKSAETASLVKAYAADAGLFFRHFAQSMVSMGNISPLTGSQG
EIRKNCRRLN
//
#	12872
Bits   Query         start end Target      start end   idels introns
260.00 Sb02g006530     1  134 7:19965421..19965910    1  490    0    1
//
>7:19965421..19965910.pep
MAAAALRPAILRRIRLSPSPSLALAAAGTGASHPHALGRWLARPMSSHDAHLTRDEVIDR
ILDVIKSHPKIDPSKVTPEAHFEKDLGLDSLDTVEVVMAIEEEFKLEIPDMEADKIDSLP
LAIEYVANHPMAG
//
#	11745
Bits   Query         start end Target      start end   idels introns
202.57 Sb07g019360    36  191 4:84244785..84251579    1 6795    0    3
//
Making a R in phase 2 intron
>4:84244785..84251579.pep
QVAYGSVIKLMHEKTKHRLHSHDVPYGSGSGQQSVTGFPEGDDSNSYWIIRPTPDSSSKQ
GDAIETGGIIRLQHMRTRRWLHSHLHASPLSGNLEVSCFGGDELSDSGDHWRLEIEGSGK
VWKRDQKVRLRHVDTGGYLHSHNKKYNRLGGGQQEV
//
#	3004
Bits   Query         start end Target      start end   idels introns
645.11 Sb02g006490     1  396 2:116971801..116970539    1 1263    0    1
//
>2:116971801..116970539.pep
MGSWEELARQFLLEEEEDDEEFFFILLPAILPFLSEEKRSIHTSSLSGAQKVKEILEGHE
SWCKSEFRMEPEIFRATSDFLRREGLLRDTRGVNIEEQLGMFMYMISHNASNQMLQKAFQ
HSGEIIHXKISEVFDVVPTLTQRFVKLPNSIQTHPKIITDSRFMPFFQNCIGAIDGTHVP
ITIAEDKAPPYRNRKGSLSQNMMLACDFDLNFIFISCGWEGSASDAGVLRSAISKGFSVP
EGKFYLVDGGYANTSSFIAPYRGVRYHLSEFRRPRSSQASYVNYKELFNHRHAILRNHIE
RAIGVLKKRFPILKVGTFHPIQNQIKIAAAAVDFHNIIRGQNGDEGWLDHQPDHISPSXY
VEVPEEDNNYPNDIDSSDGSNLRDQIALQMWAAYN
//
#	15750
Bits   Query         start end Target      start end   idels introns
399.98 Sb01g049210     1  308 1:4305841..4307829    4 1989    0    6
//
Making a V in phase 1 intron
>1:4305841..4307829.pep
AVRRCCLLAAVLLWSALASAATAAPAPVVAGPVSRVEDATMFRIYYGQSFKVIKNSGDGK
SYLLMQNTSKMASKTKYCTGRIKSFVIPLASFSVDTTTSPVHLTYMQLLGVLESLKGITS
NQVASQCVLQSYTSGNAQLVNRTDVQTLSQFTAHFISDTDEDRGCNFAAYVPLEEGTPLQ
MAEWIKYLGTFTNSENRANAVYDAVKTNYLCLSKVAANLGTRFKPVVAWIEFTQGMWTFV
KESYILQYVTDAGAEIVDATITDKRFNSSDPEDMDNFHAILCVSINHSECNITTV
//
#	15039
Bits   Query         start end Target      start end   idels introns
143.48 Sb10g030290     1   92 5:61535041..61534760    1  282    0    0
//
>5:61535041..61534760.pep
MDGQPGAAALSSPGPRVKASLVLGSESFAINSEFGTLSEQLAAVKEKSMAVLKEHIARHN
APNEVPDEAAEGESDSEGEAPLVDNPPKKPKKQK
//
#	9967
Bits   Query         start end Target      start end   idels introns
584.06 Sb04g012650   163  502 5:131571350..131570274    7 1077    0    1
//
>5:131571350..131570274.pep
FQARRALRALRGLVRLQALVRGHQVRRQVHLTMRCMQALVRAQARVRARRLTQHPLLLLP
PPTPPASSPTLLLGAGRPLCVELALQGDHDVGDDGEVADLLLQQRSRSRGRFGRGDDNGG
ARSPSGAWDSSSRTLEDARAEGARRHDAAARRERALAYAYAYQQRQWQRQEDEKAGLGFH
WLERWMAATTQAQQQEHAPDHAKTHQSTPTRTTSSYVTAAAAFANGMSEKTVETETTSRS
PLNQASAAAHGRPPAIPGYMAATRSARAKARPAPPSATPTHARSRSGGGLAGDTSSSGQN
GSAVAGYSPDSSCTGDWTPPRLGVSTRTSRVAYT
//
#	1687
Bits   Query         start end Target      start end   idels introns
568.88 Sb02g022080     1  274 7:88916374..88915556    1  819    0    0
//
>7:88916374..88915556.pep
MAEPKSNNGGADATASMMLHGRVAIVTGGAGGIGSAVSKHLSSLGARVVVGYIGDPAPAL
TLVAAINSSEHPGESQQPRAIAVEADVSDAAAVKALFDAAAAAFGGELHILVTLAAVLDY
SYPPLAETSEATFDAAFSVNTRGTFLCCREAARRLVRDGRGRIVTFSSSGVGSLRPGYSA
YAASKAAVEVMTKILARELRGTGITANVVAPGSTGTPMMYTGKTEDDMERYIAEAPLGRL
GMPEDIAPLVSFLASDAGHWVNAQVLRCNGGTI
//
#	6683
Bits   Query         start end Target      start end   idels introns
129.76 Sb01g017040    21  155 3:3886132..3886551    4  408    0    0
//
>3:3886132..3886551.pep
EAHRAGAEVYRGAALCAEKSTELLAEAHLPLGLLPLADMEEVGYNRATGFVWLRQRKSLT
HTFRPIARQVSYAAEVTAFVEDRRMRRMTGVKTKELLIWVTLSDMFVDRDDPSKITFKTP
TGLGRTYPVSAFAKE
//
#	3301
Bits   Query         start end Target      start end   idels introns
201.79 Sb09g025220    25  435 2:22947234..22948454   10 1221    0    0
//
>2:22947234..22948454.pep
YTLSLSVGPASAAAPVSLFLDTGSDLVWFPCAPFTCMLCEGKPTPGRLGPLPPPPDSRRI
PCASPLCSAAHASAPPSDLCAVARCPLEDIETGSCGASHACPPLYYAYGDGSLVAHLRRG
RVALGAGARASVAVAVDNFTFACAHTALGEPVGVAGFGRGPLSLPGQLSPQLSGRFSYCL
VSHSFRADRLIRPSPLILGRSPDDAAAAAETDGFVYTPLLHNPKHPYFYSVALEAVSVGA
ARIQARPELARVDRAGNGGMVVDSGTTFTMLPNEMYARVAEAFARAMAAAGFARAERAEE
QTGLTPCYRYAASDRGVPPLALHFRGNATVALPRRNYFMGFKSEDAGAGTRKDDVGCLML
MNGGDASGEEGDGPAGTLGNFQQQGFEVVYDVDAGRVGFARRRC
//
#	10595
Bits   Query         start end Target      start end   idels introns
240.57 Sb08g021640    36  308 5:20597841..20596933    7  907    0    1
//
>5:20597841..20596933.pep
LARAAREELRLLLALAAPAVAVYMINYAMSLSTRIFCGQLGTLELAAASLGNVGIQVFAY
GIMLGMGSAVETLCGQAYGAHRYEMLGIYMQRSFVLLAGAGVPLAAIYAFSKQILLLLGE
PERIAEAARAFVVGLIPQIFAYALNFPMQKFLQAQSIVAPSAYISAATLALHVALSWVAV
YRLRLGLLGASLVLSLSWWVIVAAQFAYIVTSRRCRRRTWTGFSCQAFSGLPEFFRLSSA
SAVMLCLETWYLQVTVLMAGLLKDPEIALDSLAV
//
#	2037
Bits   Query         start end Target      start end   idels introns
233.17 Sb07g023890   235  401 10:10143617..10142613  511  990    0    0
//
>10:10143617..10142613.pep
LLQLEEDEILAPHTHFCTICGKGFKRDANLRMHMRGHGDEYKSPAALAKPPRDPGAEQEP
AKRRYSCPFAGCKRNKLHKSFQPLKTILCVKNHYRRSHCEKSHTCGRCHAKKFSIVADLR
THEKHCGRRDRWVCSCGTSFSRKDKLFAHVALFQGHTPAL
//
#	7166
Bits   Query         start end Target      start end   idels introns
470.34 Sb01g035110     1  273 1:61145144..61142992    1 2153    0    5
//
Making a X in phase 2 intron
Making a D in phase 1 intron
Making a R in phase 2 intron
Making a A in phase 1 intron
>1:61145144..61142992.pep
MLYIVGLGLGDERDITVRGLDAVRSCSKIYMEAYTSLLSLGLDPAALANLEKLYGKEITV
ADREMVEERVDQVLSEAADTDVAFLVVGDPFGXATTHTDLVVRAKKMGVEVKVIHNASVM
NAIGVCGLQLYRYGETISIPFFTDEWRPDSFYEKIQNNRQLGLHTLCLLDIRVKEPTWES
LARGKKVYEPPRFMTVNTAISQLFEVEEARGGYAYRRETLCIGVARLGSDDQKIVAGPME
KLLDVDFGPPLHCLIIVGETHPLEEEMLEFYMIK
//
#	5466
Bits   Query         start end Target      start end   idels introns
273.57 Sb07g003140   122  400 9:83965165..83960653  220 4513    0    3
//
Making a D in phase 1 intron
Making a E in phase 2 intron
Making a V in phase 1 intron
>9:83965165..83960653.pep
PRIAYLISGSAGDGAALRRTLRALYHPVNTYVVHLDLEAPAAERAELASAIHADPVYARF
RNVKVVTRANLVTYRGPTMVANTLHAAAILLREGGNWDWFINLSASDYPLVTQDDLLHVL
SELPRQLNFIEHTSDIGWKEYQRAKPVIIDPGLYSLQKSDVFWITEKRSVPTAFKLFTVN
HDLHFISWDNPPKQHPHYLTLADFDGMVNSNAPFARKFGREDPVLDKIDQELLARRPDGF
VPGGWTDLLNTTEKGKPFTVERVQDLRPGPGVDRLKKLV
//
#	8726
Bits   Query         start end Target      start end   idels introns
301.86 Sb03g001085    59  239 8:27650238..27652685    1 2448    0    4
//
Making a M in phase 2 intron
>8:27650238..27652685.pep
RYVNNRFSNQYKATIGADFLTKEVQIDDRLFTLQIWDTAGQERFQSLGVAFYRGADCCVL
VYDVNVSKSFEKLNNWREEFLIQASPSDPENFPFVVLGNKIDVDGGNSRTVSEKKAKAWC
ASKGNIPYFETSAKEGFNVEAAFECIARNAVKNEPEEDMYLPDTIDVGGAGRQQRSSGCE
C
//
#	12653
Bits   Query         start end Target      start end   idels introns
419.26 Sb09g016180    22  459 1:8559456..8558131    1 1323    0    0
//
>1:8559456..8558131.pep
LLQGMVLLVLSVSVPALKPPPCGAGGVCPQASALQLGAYFGGLYIVALGNGGTKPNISTI
GADQFDEFDPRERTHKLSFFNWWMFTIFLGILFSSTVLVYLQDNVSWSVGYGIPTLGLMV
SISVFLAGTRLYRHRVPQGSPFTSMGRVLAAALWKWSVPVPADAKELHELDVEEYARKRR
FRMDSTDAMAFLNKAAAVAVPSGGPASTPAWSLCTVTQVEETKQILRLVPLLVAMIVPCT
LIAQTNTLFVKQGTTMDRHMGPRFEIPAASLGAFVTLTMLVAVVVYDRVFVRAVRRYTKD
PRGITILRRMGTGMLLQVATMAVASAIESRRLAYARSHGLDATGGQLGLTIFALLPQFVL
MGLADAFLVVGKIEFFYDQAPESMKSLGTAMSLTAYGIGNFLSSFLLSTVTRVTRDRGHA
WVTNNLNASNLDYYYAFLTAL
//
#	311
Bits   Query         start end Target      start end   idels introns
56.76 Sb09g020130   198  260 9:97737367..97737549    7  183    0    0
//
>9:97737367..97737549.pep
CAVCKEGMEQGELTTGLPCGHFYHGACIGPWLAIRNTCPVCRYELPTDDPEYEKRRTRR
//
#	6404
Bits   Query         start end Target      start end   idels introns
-226.52 Sb09g007390     2 1151 2:10340176..10346446    2 4822   26    6
//
Making a N in phase 2 intron
Making a S in phase 2 intron
>2:10340176..10346446.pep
RLITLVALLNFLRALIDATILLAVGFSVQRTRCVLSLMSFLFISRISIELNLNSAGHQXR
WCRLMLMATSMTLDVFFFPRKRMTMCLIASSPRSRXHVDPNVSSLLRALRFCYTHNISHY
NCFFALXDPKAKAQLIEHXVTYTMTCLTLLHILHLLISHQVIASTSXFWLTSCMVIKTTK
XETLMDGLLTFKLFKQSLNVVINNIGKFQYIIISGEIWIHTIKRSPLXRFIPLLSHLHVG
PHESMTCGVHDIYLKFGSFNGIDPIVPNFRQLYKVKYQTSNISSHNNIXKMTCPQPHYHN
NTSSTNSXDNRKQSGMGCLIVHHQKHSTKSTKVECNVHNHKHTSVTQALNNHHPNHLNQY
HPXVLLITTGTTVVCFFFIIHIKVVKHKIVTWAESLIGLGQNLQAGNLNVRNVAFNYISR
LNQREQHLLGLGRSRRESREGEGSWPMLDGDGWRGQGGGELAEAGPLTAAGEREEAGAQX
RLTSLPPRGSEEVGDLAGGRAAAATWRSRIPTAAAWSSQPLTPGVFRVVRXSMYPAALLR
VFGSFRAXSLCHSILISQISSIITAPKKSLERVXFLVTLLNFSDXPYSLKNYLEDIFVTP
FSILVNKXLNXPLKLKFRRWETNTSLVPKLXGLNFVLRNYIWKTYFNQSLWYFSFKRWEP
NTPLILRTLTSIFYPKPYXKAKIFANRSAKVTYQTLRRMPFELLQVYYDALAVELAFPLK
LYLSDAXIVASSCSXRRVHNHVLVSXRITELSTLDISILNVSXSVNKRXQLLNVYVFFAK
PHNCFSTXENGQSGSETASGISSDDAGLETSSNMPERTATLLDLYSGCGGMSTGLCLGAA
LSGLKLETRWAVDLNSFACQSLKYNHPQTEVRNEKADEFLALLKEWAVLCEKYVHQDVDS
NLAGSEDQEDADTLDKDEFVVQKLIGIRYDGTGRKKGVYFKVQWEGYGPEEDTWEPIDNL
SDCPLKIREFVQEGRKRKILPLPXYLVGCGFPLCLAPHFYLVXLPNLFFQKGDVDVICGG
PPCQGISGFNRFRNRDEPLKDEKNKQMVTFMDIVAYLKPKYVLMENVVDILKFADGYLGK
YALSCLVAMKYQARLGMMVAGCYGLPQFRMRVFL
#	13557
Bits   Query         start end Target      start end   idels introns
369.15 Sb01g010920     8  415 5:24334481..24332146    1 2336    0    6
//
Making a R in phase 2 intron
Making a K in phase 2 intron
Making a D in phase 1 intron
Making a R in phase 2 intron
>5:24334481..24332146.pep
LRYTVGKITPIQKREVRASDFGPRASFWMNFPKEGSRLTPSHSAEDFKWKDYCPMVFRNL
REMFKIDAADYMISICGNSALRQLSSPGKSGSVFFLSQDDRFMIKTLRKSEVQVLLRMLP
NYYDHVRTYENTLITKFFGLHRVKPSSGQKFRFVVMGNMFCTELRIHRRFDLKGSSLGRS
TDKIEIDENTTLKDLDLNYSFYLEPSWREALLKQIETDSDFLRTQRIMDYSLLLGVHYRA
PQHLRTRASYHRSMAADRLTVVSEEDAQEDDALSHPEGLVLVQSSGENSVIVGPHIRGSR
LRASAAGFGEVDLLLPGTARLQIQLGVNMPARAEQTPKEDESKPFREVYDVVLYLGIIDI
LQEYNMTKKIEHAVKSMQYDSVSISAVDPQFYSERFLNFIQTVFPE
//
#	14266
Bits   Query         start end Target      start end   idels introns
223.60 Sb10g007565     1  303 1:53949153..53947906    4 1248    0    4
//
Making a S in phase 2 intron
Making a R in phase 2 intron
>1:53949153..53947906.pep
CDMVTVARYLNLTMVIPELDKQSFWADPSDFGDIFDVNHFIDSLRNEVKIVKELPQKFKE
KVPLSMQPISWSSEKYYLRQILPLVRKHKVVRFSKTDSRLANNGLPLKLQKLRCHVNYNA
LRFAPSIEALGNKMISTLRRTGSFVVLHLRYEMDMLAFSGCTHGCSDEETEELTTMRYAY
PWWKEKEIDSEKKRLEGLCPLTPEETTLVLRALGFPKDTRIYIASGEIYGGEKRLAILKT
EFPNIVRKEILLSDDELRPFQKHSTQMAALDYLVSVASDIFIPSNDGNMAKVVEGHRR
//
#	5437
Bits   Query         start end Target      start end   idels introns
464.24 Sb09g003440   545  885 5:16615853..16617607   13 1755    0    6
//
Making a A in phase 2 intron
Making a W in phase 2 intron
>5:16615853..16617607.pep
VIASLLKPRGWKPPVRRQFFLDCNEIADLCDSAERIFSSEPSVLQLKAPVKIFGDLHGQF
GDLMRLFDEYGAPSTAGDIAYIDYLFLGDYVDRGQHSLETITLLLALKVEYPQNVHLIRG
NHEAADINALFGFRIECIERMGERDGIWTWHRMNRLFNWLPLAALIEKKIICMHGGIGRS
INHVEQIENLQRPITMEAGSVVLMDLLWSDPTENDSVEGLRPNARGPGLVTFGPDRVMEF
CNNNDLQLIVRAHECVMDGFERFAQGHLITLFSATNYCGEMSCENMLSVSLLNTQFVDLD
THIGTANNAGAILVLGRDLVVVPKLIHPLPPAITSPEASPDHIEDTWMQELNANRPPTPT
RGRPQA
//
#	14149
Bits   Query         start end Target      start end   idels introns
131.92 Sb04g001310     1   80 10:87179230..87179006    1  225    0    0
//
>10:87179230..87179006.pep
MASSALPSRTLHRRSLPSSTPCHPATETFAPGAVSRRRAAVRLLSAGFLTAVAPPPSLAA
RRGRVVVPPEDYATA
//
#	6940
Bits   Query         start end Target      start end   idels introns
533.09 Sb02g010470    11  467 4:35272739..35274151   13 1413    0    0
//
>4:35272739..35274151.pep
HKAVDFISDYYKSVESLPVLPDVKPGYLRNELQSAPPTSSAPFDVTMKELTASVVPGMTH
WASPNFFAFFPSTNSAATIAGDLIASAMNTVGFTWQAAPAATEMEVLALDWLAQLLRLPP
SFMNRTGGAARGSGGGVILATTSEAMLVTLVAARDAALRRSGSHGVSQLPRLAVYAADQT
HSTFFKACRLAGFDPANIRCIPTGPETDYGLDPARLLEVMQADVDAGLVPTYVCATVGTT
SSNAVDPVRAIADAAAVFNAWVHIDAAYAGSACICPEFRHHLDGVERVDSISMSPHKWLM
TCLDCTCLWVRDTHRLTGSLETNPEYLKNDASESGNVTDLKDMQVGVGRRFRGLKLWMVM
RTYGASKLQEHIRSDVAMAKMFEDAVRADDRFEVVVPRNFALVCFRIKPRGGMTEEDADE
VNRELMERLNRTGKAYLAHTVVGGRFVLRFAVGSSLQEERHVRSAWE
//
#	7410
Bits   Query         start end Target      start end   idels introns
422.89 Sb01g025910     2  532 2:97447648..97421292    2 26348    1    4
//
Making a G in phase 2 intron
Making a R in phase 2 intron
>2:97447648..97421292.pep
GYGCSCSXVLALTAGTCRSFEFQEATLDAIHLGFKNGSLTSMALVQHYLGQISRLNPLLH
AVIEVNPDALRQAARADAERRSSGDGRVGGLHGVPVLLKDNIGTRDVLNTTAGSLALLGS
VVRRDAGVVTRLRRAGAVVLGKANMDEWANFRSAIGTGGWSARGGQGKNPYVLSSPPCGS
STGPAIAAAANMAAVTLGTETDGSILCPSSLNSVVGIKPTVGLTSRAGVIPVSPRQDTVG
PICRTVADAVHVLDAIVGYDEPDAVATGAAAKYIPDGGYAQFLKMDGLRGKRIGVPAGFF
GFPDGSVRQMVYQQHLDTLRRHGAVVTEDLSIANLDVIQNATVSGELAALAAEFKIALNA
YLSSDLSRSPVASLAELIVFNNAHPDEEMLKQFGQLIFLVAQNTTGIGAAETAAIQQLDD
LTAGGVEKVMRQHQLDAIVAPDSSSATVLAIGGLPGIAVPAGYDELGAPFGITFGGLKGY
ESRLIEIAYAFEQATKARKPP
//
#	3049
Bits   Query         start end Target      start end   idels introns
69.45 Sb05g004210    90  187 9:92555966..92555592    1  375    0    1
//
>9:92555966..92555592.pep
LEAATGEFSESNVLGVGGFGCVYKAVFDGGVTAAVKRLEGGGPECEKEFENELDLLGRIR
HPNIVSLLGFCVHEGNHYIVYELMEKGSLDTQLHGT
//
#	15870
Bits   Query         start end Target      start end   idels introns
135.21 Sb06g019050    34  154 5:1761324..1761692    7  369    0    0
//
>5:1761324..1761692.pep
CMTFWCPCITFGRTAEIVDHGMTSCGTSAALFALIQWLSGSQCTWAFSCTYRTRLRAQHG
LPEAPCADFLVHLCCLHCALCQEYRELKARGYEPVLGWEFNAQRAAAGVAMCPPASQGMG
R
//
#	10060
Bits   Query         start end Target      start end   idels introns
40.96 Sb01g030270   190  237 5:7141798..7141228    7  150    0    0
//
>5:7141798..7141228.pep
PSGRLLKFNPQTKETTVLHRNLQFPNGVSMSKDGSFFVFYEGSRGRCA
//
#	14948
Bits   Query         start end Target      start end   idels introns
95.32 Sb07g000760   156  212 4:39793757..39793931    1  175    1    0
//
>4:39793757..39793931.pep
AVKVIKKPTEHLPIKRAPLRARFTAPKPNFPGLMGKIGEWNAIVIXKDELSTTQPSIV
//
#	3041
Bits   Query         start end Target      start end   idels introns
178.11 Sb02g032340   100  275 7:23533213..23533791   86  579    4    0
//
>7:23533213..23533791.pep
AMVHRPSGAGGAGAAMVTKRTVASXAVLLDNVMEMVLCRLLFASLLATRCVCKRWRDLTV
TPQFLWMRREDXSSRRRMSWLFLFMVDGDIKWDACXSAMHWWHNVRVXSRTGRFLFSTTG
VREDLYVIGGRFGGSDASKVKTQKGVLVLSPLTGSWWKATPMQEP
//
#	15657
Bits   Query         start end Target      start end   idels introns
163.94 Sb07g003800   112  370 1:43506140..43506919    1  768    0    0
//
>1:43506140..43506919.pep
LGRGIHVTKRDLFYTDVKLFGDQTQSDAVLDDVSCMLGCTRSSLHVVASEKGVVVGRLVF
ADDGDRIDCTRMGVGGKAIPPNVDRVSGIESDALFILLVEKDAAFMRLAEDRFYNRFPCI
ILTAKGQPDVATRLFLRRLKVELKLPVLALVDSDPYGLKILSVYMCGSKNMSYDSANLTT
PDIKWLGVRPSDLDKYRVPEQCRLPMTDHDIKVGKELLEEDFVKQNEGWVKELETMLRTK
QKAEIQALSSFGFQYL
//
#	6417
Bits   Query         start end Target      start end   idels introns
994.51 Sb10g029520     1  556 5:59303331..59295968    1 7364    0    5
//
Making a I in phase 2 intron
Making a R in phase 2 intron
Making a G in phase 1 intron
>5:59303331..59295968.pep
MEEEVTGSGGGIGRKMAAGEVDLKEKSGTAWSHSYLNQKPWHPLSYPNQRRKWIAEQVHA
NHARRQEEVQREFAQEQEFFRQTALFSKKDKEKMEVMKAVSFMYVRPPGYNAESAKAAEI
EDEKKRSDPGDMGTASASTSSIPDKGPEKAKSGADKKNRPKDVFGRPLATEQEFEVLKNA
PRLDTGAPARVKPFGVEVRNVRCLRCGNYGHQSGDRECPLKDAIMPNEESRLKRDDPLTT
IMAQTDSSEPLKWELKQKPGMSPPRGGFDPDDPNQQIVAEDIFDEYGGFLGNCDIPALIS
NFSATKSKKRSKKKSKHKQAKSAIHEDSGRHESSYHLSSDFDNEKRNITSRSKRKKANCS
DSSYSDSEIDARKGKSKSKHKHTKKYQLKSSDSEFDVREDTRRRLKRDHMKEKRDESPLP
FSKDQGDTEGKRHSRCSREKHNYSYSSSSSERGRRRSREKRHYSYSPSSSERGRHSLRHK
EKQYYSDSSSDRSHRHSRRSREKRHDRDSSSPDAIRRSSRSTEKQRRPDTSPRHANGHSK
KSSGKQDYTERSRYETSRHSRRSQEKRHYPDSSASDYSDSDQHKKHRHHHRRK
//
#	12427
Bits   Query         start end Target      start end   idels introns
139.80 Sb07g024100    12  154 6:64688408..64688939    1  532    0    1
//
>6:64688408..64688939.pep
VTLHTNLGDIKCEVFCDQVPRTAENFLALCGTGYYDGTVFHRNIKGFMVQGGDPTGTGKG
GSSIWGAKFADELRESLKHNARGIMSMANSGPNTNGSQFFITYAKQPHLNGHYTVFAKVI
HGFEVLDLMEKAQTGPGDRPLAE
//
#	3010
Bits   Query         start end Target      start end   idels introns
234.89 Sb03g000620    25  180 3:1631971..1631427   30  545    0    1
//
Making a R in phase 2 intron
>3:1631971..1631427.pep
LSLPSNHSSSACPPAYRKRVALAPGRGNRLLCTASGASSSSSVVVTKEQEEGSPEPEIFS
YKDDPNFRGCKGCGRDELQRGCNGQGRIQGGIAAVPGFGWWPIKAYRPCPGFVASGGRYR
RQGQSMDDVASGRGKKKPSPAKKQA
//
#	4712
Bits   Query         start end Target      start end   idels introns
79.79 Sb04g033280    77  116 4:150850775..150850650    1  120    0    0
//
>4:150850775..150850650.pep
FCIVEGPETVQDFAKLDLQEIEDNVRSRRNKIFLNMEEAR
//
#	12212
Bits   Query         start end Target      start end   idels introns
208.98 Sb09g029760   101  434 9:41355926..41355027    1  873    0    0
//
>9:41355926..41355027.pep
GPHRFTYKDLFLATEGFKNKNVLGAGGFGKVYKGILPTSKLEIAVKRLSHNSKQGTKEFI
TEIVSIGHLRHRNLVQLLGYCRRKGELLLVYDYMPNGSLDKFLYCENDKPSLDWATRFHI
IKGAACGLLYLHEKWDKVVIHRDIKASNVLLDSKFNGRLGDFGLAKSYNHGTDPQTTRVV
GTMGYLAPELVRMGKASPLTDVFAFGTFLLEVTCGHRPVKQNELGEHIMLVDWVLDHWQK
GSLVETIDKRLEGNCNIDEACLVLKLGLLCSQPFASARPSMHLVIQYLNGG
//
#	2216
Bits   Query         start end Target      start end   idels introns
65.78 Sb07g011870    46  170 7:52251596..52251940    1  345    0    0
//
>7:52251596..52251940.pep
WVSSKRFHPGDQTVFKYSPQAHDVVEVNKADYDSCSIASPVATHNSGNDAIALASPGTRY
FICGFPGHCDAGMKIQINVVPSANSLGPASAPAANSPVSPPPMSAPSSAATKATG
//
#	9030
Bits   Query         start end Target      start end   idels introns
798.70 Sb10g031140     1  420 6:81703321..81701562    1 1760    0    3
//
Making a C in phase 2 intron
Making a R in phase 2 intron
>6:81703321..81701562.pep
MASFSGHLHRPLSAMAVAAFAAVSSHELPDKLSHHRLPDASTGTDALASLPLTRSDVPAA
PSASALSGAQLLPRDLHSLRLLKAPFASVPVMQTVYQYANFAKTSGQADAMPAIPSSPSD
VLYRWHLPDPRVYADFPDKSQTVVVLLGWLGSRQKHLKRYADWYTSRGFHVVTFTLPMSD
ILSYNLGGKAEKNVEMLSEHIADWVREESGKKIIFHTFSNTGWLCYGVILENLQQHDPSA
VDKIKACVVDSAPVAAPDPQVWALGFSAALMKKRSVTTKGLGSDDSRSDVLVVESNKELK
LGATEAVILSALESFFDVVLNYPKINRRLCDVMELLSWKQPKCPQLYIYSSADRVIPAKS
VEAFIDGQRKAGHEVRACDFVSSPHVDHYRSNPGLYSSQLANFLEDCVLAKRCEGACTS
//
#	5492
Bits   Query         start end Target      start end   idels introns
306.01 Sb03g036790   219  552 2:6316574..6314795  710 1780    0    1
//
Making a S in phase 1 intron
>2:6316574..6314795.pep
FPKWMPASQRRLLQLPGFQRPNKVVAQDGSGDFKTITEAIAAMPKTFEGRFVIYVKAGTY
KEYVTVPKDMVNIFMYGDGPTRTVVTGDKSNTGGFATIATRTFSAEGNGFICKSMGFANT
AGPEGHQAVAMHVQGDMSVFFNCRFEGYQDTLYVHANRQFFRNCEVLGTVDFVFGNSAAL
LQNCLLTVRKPGESQSNMVTAQGRTDPNMPTGIVLQGCRIVPEQALFPVRLQIPSYLGRP
WKEYARTVVMESTIGDLIRPEGWAEWMGDLGLKTLYYAEYANIGPGAGTSKRVSWPGYRV
IGQAEATHFTAGVFIDGMTWLQSTGTPNV
//
#	7590
Bits   Query         start end Target      start end   idels introns
1300.07 Sb02g000820     1  640 7:1318342..1316444    1 1899    0    0
//
>7:1318342..1316444.pep
MSTAAVLPSPASTRHPAGGGALTADRAAALLAGCASASRAAEIHAAAVRASVDQDKAVAF
RLQRAYAASGRLDLAVALLRRTPDPTAVFYTSAIHAHSSRGLHRAALALLSEMLLSHHGL
LPTAHTLSASLPACGGLAVGRALHGYAVKLALSGEPYVATALLGMYARAGEAAAARALFD
GMRPDPHVVSVTAMLSCYAKMGQLDDARGLFDALPRKDLVCWNAMMDGYTQHGRPSEALR
LFRQMLRSGVEPDEVSVVLALSAVAQLGTAESGRWLHSFVANGGRRARVRLNARVGTALV
DMYYKCGSLEEAVAVFRDLGGGGDRDVVAWNAMINGYAMHGRSREALEAFGQLRAQGLWP
TDITFIGVLNACSHSGLVDEGRALLAAMEEEYGIVPKVEHYGCMVDLLGRAGRVEEAFDL
VRSMKAKPDAAMWASLLGACRLHKNLALGQRVADYLVANGLANSGTYVLLSNMYAAAGKW
REVGRVRSMMRASGVQKEPGCSAVEVGRRVVEFVAGDRSHPRSAEIYAKLEEVNSIARAR
GHVPHTELVLHDLDDAAKERALAVHSEKLALAFGLISTPPRTGIKIVKNLRACADCHAVL
KLVSEATGRKIVFRDRNRFHHFVDGSCSCGDYW
//
#	10396
Bits   Query         start end Target      start end   idels introns
88.32 Sb08g022260    30   87 1:177046355..177046170   22  186    0    0
//
>1:177046355..177046170.pep
GVESYDVDIMEQKVTVKGNVTPDAVLQTVSKTGKKTSFWEAEAVTSESATPAGAT
//
#	13537
Bits   Query         start end Target      start end   idels introns
165.25 Sb03g033270   126  232 10:14205754..14205436    1  319    2    0
//
>10:14205754..14205436.pep
FRTFPDGXQNLFISNXHNIRGQHVALLASFSSPDIIFEQLSVIYNLLKWFIFSFTLILPX
FQIGTSEHIEDEGDVATAFTLARFLSNIPISRGEPSSLVIFHIHGLQ
//
#	11434
Bits   Query         start end Target      start end   idels introns
428.44 Sb10g002580     1  251 9:21679957..21681604    1 1648    0    3
//
Making a R in phase 2 intron
>9:21679957..21681604.pep
MAAPSAAVIGVLVLLVVGASGARLPGRGSTTRGAALPRGGAPATAVFALGSFWRSEAAFG
CLHGVIRTSVGYAGGSKSNPEYRNLADHAECVKVEYDPRLIHYRQLLDVFWASHDPREVF
GQGPDVGNQYRSVIFTNGTIEARLAGLSKEKEQAKDRSSVVTTQIQPLGVFHHAEPEHQK
FELKRKPFLLQLIGNLPEEELLTSTLAAKLNAYAAELCPVNTQKRINSKIDEVTKKGWPI
LRDI
//
#	15727
Bits   Query         start end Target      start end   idels introns
330.84 Sb02g019530    56  201 5:5019188..5019625    1  438    0    0
//
>5:5019188..5019625.pep
YQVKNCRWRPTFALETDGPSNTDGQDFDEDSGFLGRTRLGRLIQAAARELLDKLNSARTN
SPTKIFLVLLGFYTANALATILGQTGDWDVLVAGVVVAAIEGIGMLMYRKPIARPPGRFQ
SLISMVNYWKAGVCLGLFVDAFKLGS
//
#	9524
Bits   Query         start end Target      start end   idels introns
1515.64 Sb06g014350     1  745 2:66394558..66397789    1 3226    0    2
//
>2:66394558..66397789.pep
MLKESLSPVLDADRIEVPSPKEENNSTNSEAATDSEDIEISDDDDRNHKHRRREAKQQSD
DNTEEQHPGPPLKKRSRVAGNGEPFGGAGSQGEVQKDFVPNFKRRSGAGGHTRAPRANQS
FRADSSASAATRPPMTRGRGRNVAPWTHHDPRFNSLDMMDFASQMASQGPPAHPSLFMGT
ALPCGPYGFMPGMPHGILDPIHPLGMQGPIQRSVSPLIDLGMPRQRCRDFEERGFCLRGD
MCPMEHGVNRIVVDDMQSLSQFNLPVSVPNAQGLGIQNEGGTSSVNLSNLGGSKSVPVKD
VKSGVASDALKPNGSAVSAVADADVYDPDQPLWNNEHREASSTGFINKDVGPWNAESSGY
EMGQEHSNQVLASDGSQSLKSSVWGRITSKRKPGGNNTAKSTPTSITGNQKSDYDDMAIS
TGQVKSAAKDTNGQPNSRIYGDVGWQSNRAAQKASRTLYVNGIPQESNRWETLLSHFQKF
GQVIDIYIPSNSEKAFVQFSRREEAEAALKAPDAVMGNRFIKLWWANRDRVLDVGEGRIS
QKPSQLSTTPANSYPNRVKENVQPTAPGPSSGSSAELLSSGTPSSRMLPASSAKAVPPHA
PKRQESLELLEELRKKQEILAQKRDEFRRQLEKLTKQKGSANSVKHAETGGKEIASNDAS
QVKDAASTRVEGSQETAGSLEKRSSGEFALLSQKSAAISTQKPVVVTKQTTLPAPPQNRF
KLDNRTTSFRILPPLPPEIANVS
//
#	4351
Bits   Query         start end Target      start end   idels introns
546.41 Sb10g026300     1  579 9:3650924..3652905    1 1982    5    2
//
Making a R in phase 2 intron
Making a G in phase 1 intron
>9:3650924..3652905.pep
MITGTDFYHVMTAMVPLYVAMILAYGSVRWWRIFTPDQCSGINRFVALFAVPLLSFHFIS
TNNPYTMNIRFIAADTLQKLIVLALLTAWSYLSRRGCLEWTITLFSLSTLPNTLVMGIPL
LKGMYGDFSGSLMVQIVVLQCIIWYTLMLFMFEYRGARILITEQFPDTAGAIASIVVDPD
VVSLDGRNDAIETEAEVKEDGKIHVTVRRSNASRSDIYSRRSMGFSSTTPRPSNLTNAEI
YSLQSSRNPTPRGSSFNHTDFYSMVGRSSXTSPPGTRSACARAPRPGRPTTRRXPAGQGX
NKYGQYPAPNPAMAAQPAKGLKKAANGQAKGEDGKDLHMFVWSSSASPVSDVFGNGAAEY
NDAAAVKXSAWPSPPRAKVASPRFWLLSSFLPALAALHAQTHTCSVLVGRFSCGGREEGA
XGEDFAERDDFSFGNRGAAERDAEAGDEKAAAAAAAAQGNAGAVAAPAAMPPTSVMTRLI
LIMVWRKLIRNPNTYSSLIGLIWSLVCFRWNFEMPAIILKSISILSDAGLGMAMFSLGLF
MALQPRIIACGNKVATFAMAVRFLTGPAVMAAASFAVGLRGTLLHVAIVQ
//
