orthologous_group_175_containing_osm_1_bdi_1_sbi_1_zm_0_viv_2_ath_3_pop_3_total_11	AT5G01280	Vv13s0067g00570	POPTR_0010s19760	POPTR_0008s06680	Vv08s0007g02160	POPTR_0016s12230	Sb03g006540	LOC_Os01g04880	BRADI2G02760	AT2G40070	AT3G09000
orthologous_group_196_containing_osm_1_bdi_1_sbi_1_zm_0_viv_2_ath_3_pop_4_total_12	AT5G01490	Sb04g010130	LOC_Os02g21009	BRADI3G11070	Vv08s0007g02240	POPTR_0001s25830	POPTR_0016s12290	POPTR_0009s05040	POPTR_0006s10080	Vv06s0004g06570	AT3G51860	AT2G38170
orthologous_group_311_containing_osm_1_bdi_1_sbi_1_zm_0_viv_1_ath_1_pop_3_total_8	AT5G02750	POPTR_0016s08350	POPTR_0016s08330	Vv08s0040g02950	POPTR_0006s23270	Sb09g020130	BRADI2G25560	LOC_Os05g33830
orthologous_group_414_containing_osm_1_bdi_1_sbi_1_zm_0_viv_1_ath_4_pop_2_total_10	AT5G03810	Vv08s0007g04300	POPTR_0006s11970	BRADI1G12350	Sb01g011850	LOC_Os03g47940	AT3G53100	AT5G03820	POPTR_0009s15310	AT5G22810
orthologous_group_461_containing_osm_1_bdi_1_sbi_1_zm_0_viv_1_ath_1_pop_1_total_6	AT5G04270	Vv13s0019g04670	POPTR_0010s23290	BRADI3G55510	LOC_Os02g57370	Sb04g037380
orthologous_group_478_containing_osm_1_bdi_1_sbi_1_zm_0_viv_1_ath_1_pop_2_total_7	AT5G04480	POPTR_0010s23830	POPTR_0008s02940	Vv00s0250g00030	Sb01g030080	BRADI3G32630	LOC_Os10g39900
orthologous_group_501_containing_osm_1_bdi_1_sbi_1_zm_0_viv_1_ath_1_pop_1_total_6	AT5G04780	Vv13s0073g00080	POPTR_0010s24750	BRADI4G42160	LOC_Os12g06070	Sb08g003540
orthologous_group_653_containing_osm_1_bdi_1_sbi_1_zm_0_viv_2_ath_1_pop_2_total_8	AT5G06370	Vv08s0105g00270	POPTR_0006s21980	LOC_Os05g36910	Vv04s0023g02850	Sb09g021710	BRADI2G24030	POPTR_0016s07100
orthologous_group_952_containing_osm_1_bdi_1_sbi_1_zm_0_viv_1_ath_1_pop_1_total_6	AT5G09995	Vv07s0031g01500	POPTR_0007s06520	BRADI1G45311	LOC_Os06g12129	Sb03g038040
orthologous_group_1336_containing_osm_1_bdi_1_sbi_1_zm_0_viv_1_ath_2_pop_1_total_7	AT5G14440	POPTR_0001s35640	Vv14s0066g00260	BRADI5G13520	LOC_Os04g40430	Sb06g020200	AT5G40570
orthologous_group_1337_containing_osm_2_bdi_2_sbi_1_zm_0_viv_11_ath_4_pop_8_total_28	AT5G14450	POPTR_0001s35620	Vv14s0066g00250	Vv14s0066g00240	Sb02g037820	BRADI1G23130	LOC_Os07g39740	BRADI1G23120	LOC_Os07g39750	Vv01s0137g00700	Vv01s0137g00730	POPTR_0008s18950	POPTR_0010s05790	AT3G26430	Vv01s0137g00720	Vv14s0066g01270	Vv01s0137g00710	AT1G67830	Vv14s0128g00520	Vv18s0001g02760	Vv18s0001g02770	POPTR_0908s00210	POPTR_0002s08430	POPTR_0005s20010	Vv18s0001g02780	POPTR_0001s12350	AT3G27950	POPTR_0005s20020
orthologous_group_1438_containing_osm_1_bdi_3_sbi_2_zm_0_viv_2_ath_3_pop_3_total_14	AT5G15520	POPTR_0015s06660	LOC_Os03g31090	Sb01g032280	BRADI3G56527	BRADI4G08690	Sb07g025000	BRADI4G08695	AT5G61170	AT3G02080	Vv17s0000g06980	Vv01s0011g00680	POPTR_0004s11780	POPTR_0017s12780
orthologous_group_1548_containing_osm_1_bdi_1_sbi_1_zm_0_viv_1_ath_2_pop_2_total_8	AT5G16660	Vv16s0039g01490	POPTR_0013s07570	POPTR_0019s05840	Sb06g026960	BRADI5G19940	LOC_Os12g39370	AT3G02900
orthologous_group_1563_containing_osm_1_bdi_1_sbi_1_zm_0_viv_1_ath_1_pop_1_total_6	AT5G16810	Vv16s0039g01820	POPTR_0019s07720	BRADI3G52250	Sb04g031140	LOC_Os02g46750
orthologous_group_1622_containing_osm_1_bdi_1_sbi_1_zm_0_viv_1_ath_1_pop_1_total_6	AT5G17460	POPTR_0004s09060	Vv14s0006g01750	BRADI2G01810	LOC_Os01g03500	Sb03g007510
orthologous_group_1636_containing_osm_1_bdi_1_sbi_1_zm_0_viv_1_ath_1_pop_2_total_7	AT5G17610	Vv15s0107g00240	POPTR_0093s00200	POPTR_0013s07030	LOC_Os03g12238	Sb01g042484	BRADI1G69557
orthologous_group_1687_containing_osm_6_bdi_5_sbi_7_zm_0_viv_2_ath_4_pop_5_total_29	AT5G18210	POPTR_0013s05570	Vv08s0007g07530	POPTR_0019s04910	POPTR_0446s00200	POPTR_0019s04920	LOC_Os07g37420	Sb02g003960	LOC_Os07g07450	LOC_Os10g31780	BRADI1G56160	LOC_Os07g07440	Sb04g035770	Sb01g020300	BRADI1G56790	LOC_Os06g08600	BRADI1G47240	Sb01g020310	BRADI1G47226	LOC_Os03g53690	Sb01g020280	BRADI1G08697	Sb02g022080	Sb01g032550	AT3G03980	AT3G04000	Vv08s0007g07520	POPTR_0013s05560	AT4G13180
orthologous_group_1743_containing_osm_1_bdi_1_sbi_1_zm_0_viv_1_ath_1_pop_2_total_7	AT5G18810	POPTR_0010s02700	POPTR_0008s20120	Vv14s0030g00480	LOC_Os03g24890	Sb01g034590	BRADI1G61730
orthologous_group_1769_containing_osm_1_bdi_1_sbi_1_zm_0_viv_2_ath_2_pop_6_total_13	AT5G19080	Vv05s0020g02680	POPTR_0010s03160	POPTR_0010s03170	POPTR_0008s20700	Sb09g019560	LOC_Os05g33000	BRADI2G26290	AT3G06140	POPTR_0005s03850	POPTR_0005s03860	Vv14s0128g00180	POPTR_0013s02630
orthologous_group_1795_containing_osm_1_bdi_1_sbi_1_zm_0_viv_1_ath_1_pop_2_total_7	AT5G19370	Sb02g043490	BRADI1G17220	LOC_Os07g48810	POPTR_0001s28160	Vv06s0009g03170	POPTR_0009s07340
orthologous_group_1803_containing_osm_1_bdi_1_sbi_1_zm_0_viv_1_ath_1_pop_1_total_6	AT5G19530	POPTR_0006s23880	Vv04s0008g01740	LOC_Os02g14190	BRADI3G09110	Sb02g025980
orthologous_group_1870_containing_osm_1_bdi_1_sbi_1_zm_0_viv_1_ath_1_pop_1_total_6	AT5G20220	Vv01s0026g01710	POPTR_0010s10270	LOC_Os01g51710	BRADI2G48140	Sb03g032820
orthologous_group_1874_containing_osm_1_bdi_1_sbi_1_zm_0_viv_1_ath_1_pop_1_total_6	AT5G20270	Vv11s0118g00180	POPTR_0006s06320	Sb10g025230	LOC_Os06g43620	BRADI1G30510
orthologous_group_1878_containing_osm_1_bdi_1_sbi_1_zm_0_viv_1_ath_1_pop_1_total_6	AT5G20320	Vv11s0149g00120	POPTR_0006s20310	Sb06g022180	BRADI5G15337	LOC_Os04g43050
orthologous_group_1943_containing_osm_1_bdi_1_sbi_1_zm_0_viv_2_ath_1_pop_2_total_8	AT5G21160	Vv06s0009g01150	POPTR_0001s22740	POPTR_0009s02330	BRADI2G09860	LOC_Os01g16110	Sb03g010440	Vv08s0056g00700
orthologous_group_1951_containing_osm_1_bdi_1_sbi_1_zm_0_viv_1_ath_1_pop_1_total_6	AT5G21910	Vv04s0008g01940	POPTR_0006s23710	BRADI1G72870	Sb01g045390	LOC_Os03g07980
orthologous_group_2013_containing_osm_1_bdi_1_sbi_1_zm_0_viv_1_ath_1_pop_1_total_6	AT5G22620	Vv06s0061g01340	POPTR_0004s19920	LOC_Os11g05260	Sb05g003020	BRADI4G39570
orthologous_group_2029_containing_osm_1_bdi_1_sbi_1_zm_0_viv_1_ath_1_pop_1_total_6	AT5G22820	Vv06s0061g01080	POPTR_0009s15320	Sb01g011830	BRADI1G12320	LOC_Os03g47980
orthologous_group_2037_containing_osm_2_bdi_2_sbi_1_zm_0_viv_1_ath_1_pop_1_total_8	AT5G22890	Vv06s0061g00780	POPTR_0004s22670	LOC_Os08g44830	Sb07g023890	LOC_Os04g08290	BRADI3G12490	BRADI3G12480
orthologous_group_2216_containing_osm_1_bdi_1_sbi_1_zm_0_viv_2_ath_6_pop_3_total_14	AT5G25090	POPTR_0018s02630	POPTR_0006s28040	Vv04s0008g06670	POPTR_0006s19770	Sb07g011870	BRADI3G19540	LOC_Os08g17160	AT2G25060	AT4G31840	Vv11s0037g00290	AT5G57920	AT4G30590	AT2G23990
orthologous_group_2257_containing_osm_1_bdi_1_sbi_1_zm_0_viv_1_ath_1_pop_1_total_6	AT5G25770	Vv04s0008g03680	POPTR_0006s25730	LOC_Os06g06770	Sb10g004410	BRADI1G48477
orthologous_group_2271_containing_osm_2_bdi_1_sbi_1_zm_0_viv_16_ath_1_pop_9_total_30	AT5G25930	LOC_Os02g12910	BRADI3G08340	LOC_Os06g36320	Sb10g022070	POPTR_0018s04880	POPTR_0006s25210	POPTR_0290s00240	POPTR_0290s00210	Vv15s0024g01270	Vv04s0008g00440	Vv04s0008g00410	Vv04s0008g00300	Vv04s0008g00310	Vv04s0008g00420	Vv04s0008g00390	Vv04s0008g00370	Vv04s0008g00330	Vv04s0008g00320	Vv04s0008g00400	Vv04s0008g00920	Vv04s0008g00350	Vv11s0016g03080	Vv04s0008g00430	POPTR_0018s09550	POPTR_0018s09520	POPTR_0018s09510	POPTR_0018s09540	POPTR_0830s00200	Vv04s0008g00290
orthologous_group_2466_containing_osm_1_bdi_1_sbi_2_zm_0_viv_2_ath_2_pop_4_total_12	AT5G28910	Vv14s0036g01060	POPTR_0013s04480	POPTR_0019s03670	POPTR_1705s00200	POPTR_1059s00200	Sb04g036750	Sb04g036740	Vv14s0036g01090	LOC_Os02g56500	BRADI3G54930	AT5G28960
orthologous_group_2722_containing_osm_1_bdi_1_sbi_1_zm_0_viv_1_ath_1_pop_1_total_6	AT5G38360	POPTR_0004s09840	Vv14s0006g02840	Sb06g012060	BRADI5G07700	LOC_Os04g31240
orthologous_group_2884_containing_osm_1_bdi_1_sbi_1_zm_0_viv_1_ath_1_pop_1_total_6	AT5G40610	Vv14s0219g00280	POPTR_0017s10710	Sb03g047310	LOC_Os01g74000	BRADI2G62020
orthologous_group_3004_containing_osm_17_bdi_3_sbi_14_zm_0_viv_1_ath_1_pop_5_total_41	AT5G41980	Vv17s0000g02130	POPTR_0015s04750	POPTR_0012s04310	POPTR_0520s00200	Sb08g002525	Sb09g008097	BRADI3G53510	LOC_Os12g20400	BRADI2G18390	LOC_Os01g66930	LOC_Os05g12650	LOC_Os06g28710	LOC_Os04g34560	Sb05g003395	LOC_Os12g31660	Sb08g004725	Sb03g028285	Sb09g022536	LOC_Os06g39460	LOC_Os10g03700	LOC_Os06g09140	LOC_Os06g09150	LOC_Os10g05340	LOC_Os10g32290	LOC_Os02g56830	LOC_Os04g39530	Sb02g012350	Sb02g006490	LOC_Os05g16400	Sb02g032013	Sb04g000610	Sb08g019015	Sb04g008290	BRADI3G08840	LOC_Os02g13770	Sb04g020772	Sb04g019840	LOC_Os02g50805	POPTR_0129s00210	POPTR_0004s14370
orthologous_group_3010_containing_osm_1_bdi_1_sbi_1_zm_0_viv_1_ath_1_pop_3_total_8	AT5G42070	Vv02s0025g01690	POPTR_0003s14160	POPTR_1840s00200	POPTR_0001s10810	Sb03g000620	LOC_Os01g13390	BRADI2G08030
orthologous_group_3041_containing_osm_1_bdi_1_sbi_1_zm_0_viv_1_ath_2_pop_2_total_8	AT5G42350	POPTR_0005s27490	POPTR_0002s00900	Vv18s0122g01030	BRADI4G37490	LOC_Os09g38300	Sb02g032340	AT5G42360
orthologous_group_3049_containing_osm_1_bdi_1_sbi_1_zm_0_viv_1_ath_1_pop_2_total_7	AT5G42440	POPTR_0002s06600	Vv18s0072g00170	POPTR_0005s21730	LOC_Os11g06780	BRADI4G24590	Sb05g004210
orthologous_group_3092_containing_osm_3_bdi_1_sbi_1_zm_0_viv_1_ath_1_pop_3_total_10	AT5G42890	Vv18s0001g10520	POPTR_0515s00230	POPTR_0002s12780	POPTR_0014s02930	Sb10g007100	BRADI3G58000	LOC_Os02g52720	LOC_Os06g10890	LOC_Os01g25500
orthologous_group_3170_containing_osm_1_bdi_1_sbi_2_zm_0_viv_1_ath_2_pop_8_total_15	AT5G43760	POPTR_0658s00200	POPTR_0010s08990	POPTR_0008s15990	Vv05s0020g04540	POPTR_0010s09060	POPTR_0010s09020	POPTR_0010s09050	POPTR_0010s09000	POPTR_0010s09040	LOC_Os11g37900	Sb05g022895	BRADI4G14937	Sb05g025040	AT1G04220
orthologous_group_3239_containing_osm_1_bdi_1_sbi_1_zm_0_viv_2_ath_4_pop_4_total_13	AT5G44480	Vv10s0003g05640	POPTR_0011s15960	POPTR_0001s46400	LOC_Os07g04690	BRADI1G58080	Sb02g002660	AT2G34850	AT1G30620	AT4G20460	Vv03s0017g00980	POPTR_0016s02120	POPTR_0006s02280
orthologous_group_3301_containing_osm_1_bdi_1_sbi_1_zm_0_viv_1_ath_1_pop_2_total_7	AT5G45120	Vv10s0042g01380	POPTR_0012s11860	POPTR_0015s12480	BRADI2G20160	LOC_Os05g43550	Sb09g025220
orthologous_group_3333_containing_osm_3_bdi_3_sbi_3_zm_0_viv_4_ath_6_pop_1_total_20	AT5G45460	POPTR_0001s02970	Vv19s0014g03770	Vv19s0014g03780	Vv19s0014g03840	Vv03s0017g00930	Sb02g000570	BRADI2G21170	LOC_Os07g01520	BRADI1G59470	Sb02g000580	LOC_Os07g01840	LOC_Os10g20770	Sb02g000600	BRADI1G59480	AT5G45540	AT5G45480	AT5G45470	AT5G45530	AT4G19090
orthologous_group_3341_containing_osm_1_bdi_1_sbi_1_zm_0_viv_2_ath_1_pop_3_total_9	AT5G45600	POPTR_0004s17160	POPTR_0009s12900	Vv03s0038g00960	LOC_Os06g04580	BRADI1G51500	Sb10g002520	Vv04s0023g03240	POPTR_0007s14070
orthologous_group_3668_containing_osm_5_bdi_2_sbi_3_zm_0_viv_22_ath_10_pop_69_total_111	AT5G49290	POPTR_0056s00230	BRADI1G47610	Sb08g020030	LOC_Os06g08154	LOC_Os04g55440	LOC_Os04g55420	BRADI1G47620	Sb06g030610	LOC_Os04g02920	LOC_Os04g03180	Sb07g022760	AT1G07390	AT1G74180	AT1G74190	AT1G74170	AT1G58190	AT2G25470	AT3G53240	AT1G54470	AT1G74200	Vv11s0118g00040	Vv11s0118g00080	Vv11s0118g00160	Vv09s0002g07570	Vv09s0002g07710	Vv09s0002g07610	POPTR_0001s47860	POPTR_0001s47850	Vv04s0008g06300	Vv09s0002g07720	Vv09s0002g07680	POPTR_0005s01150	Vv09s0070g00690	POPTR_0005s01680	Vv09s0018g00440	POPTR_0027s00410	Vv09s0002g07830	POPTR_0027s00460	POPTR_0003s02030	POPTR_0027s00300	POPTR_0003s02250	POPTR_0003s02180	POPTR_0027s00220	POPTR_0003s01970	Vv09s0070g00620	POPTR_0027s00200	POPTR_0027s00350	Vv09s0002g07750	Vv04s0008g06290	POPTR_0005s01630	POPTR_0006s06000	POPTR_1763s00200	Vv09s0018g00830	POPTR_0025s00320	POPTR_1042s00210	POPTR_0223s00200	POPTR_0005s00830	POPTR_0204s00240	POPTR_0204s00200	POPTR_0025s00300	POPTR_0005s00940	POPTR_0018s12440	Vv09s0096g00800	POPTR_0005s01090	POPTR_0019s02810	POPTR_0003s04260	POPTR_0005s01640	POPTR_0005s01500	POPTR_0003s04290	POPTR_0019s02860	Vv09s0002g00600	POPTR_0056s00220	POPTR_0019s02830	POPTR_0008s18640	POPTR_0005s01610	POPTR_0008s18680	POPTR_0018s14440	POPTR_0008s18550	POPTR_0008s18720	POPTR_0018s14100	POPTR_0008s18420	POPTR_0018s14180	POPTR_0005s01000	POPTR_0005s01230	POPTR_0008s18610	POPTR_0005s01310	POPTR_0025s00710	POPTR_0018s14150	Vv09s0070g00560	POPTR_0047s00250	POPTR_0018s14160	POPTR_0005s00950	POPTR_0056s00200	POPTR_0027s00400	Vv16s0013g01500	POPTR_0223s00210	POPTR_0025s00200	Vv11s0118g00050	POPTR_0025s00270	POPTR_1122s00200	POPTR_0005s01620	POPTR_0013s02520	POPTR_0018s12460	POPTR_0008s18660	POPTR_0003s02300	POPTR_0005s01070	POPTR_0005s01670	Vv09s0096g01010	POPTR_0003s02080	POPTR_0008s18510
orthologous_group_3817_containing_osm_1_bdi_1_sbi_1_zm_0_viv_1_ath_1_pop_1_total_6	AT5G51010	Vv17s0000g00110	POPTR_0015s11940	Sb05g019800	BRADI4G17260	LOC_Os11g32500
orthologous_group_3996_containing_osm_1_bdi_1_sbi_1_zm_0_viv_1_ath_1_pop_2_total_7	AT5G53045	POPTR_0012s02410	POPTR_0015s01390	Vv16s0098g01710	BRADI5G22027	Sb03g035650	LOC_Os02g20280
orthologous_group_4019_containing_osm_1_bdi_1_sbi_1_zm_0_viv_1_ath_1_pop_2_total_7	AT5G53310	Vv16s0050g02420	POPTR_0012s01240	POPTR_0015s06050	BRADI2G43870	LOC_Os01g43360	Sb06g030680
orthologous_group_4021_containing_osm_1_bdi_1_sbi_1_zm_0_viv_1_ath_1_pop_2_total_7	AT5G53330	Vv16s0050g02450	POPTR_0012s01220	POPTR_0015s06030	Sb10g004130	LOC_Os06g06530	BRADI1G48630
orthologous_group_4053_containing_osm_1_bdi_1_sbi_1_zm_0_viv_1_ath_1_pop_2_total_7	AT5G53730	Vv16s0098g00890	POPTR_0015s00450	POPTR_0012s00610	LOC_Os02g01060	BRADI3G00250	Sb04g000250
orthologous_group_4264_containing_osm_1_bdi_1_sbi_1_zm_0_viv_1_ath_1_pop_2_total_7	AT5G56090	POPTR_0011s16950	Vv19s0015g01340	POPTR_0001s47370	BRADI3G39240	Sb07g028610	LOC_Os08g38720
orthologous_group_4322_containing_osm_1_bdi_1_sbi_1_zm_0_viv_1_ath_3_pop_1_total_8	AT5G56770	Vv11s0016g02440	POPTR_0006s15450	LOC_Os07g39800	BRADI1G23090	Sb02g037860	AT5G56780	AT4G26170
orthologous_group_4351_containing_osm_1_bdi_1_sbi_1_zm_0_viv_1_ath_1_pop_2_total_7	AT5G57090	POPTR_0018s13610	Vv11s0052g00440	LOC_Os06g44970	Sb10g026300	BRADI1G31530	POPTR_0001s21230
orthologous_group_4453_containing_osm_1_bdi_1_sbi_1_zm_0_viv_1_ath_1_pop_1_total_6	AT5G58220	Vv09s0018g01180	POPTR_0002s23930	Sb01g033540	LOC_Os03g27320	BRADI1G60700
orthologous_group_4477_containing_osm_1_bdi_1_sbi_1_zm_0_viv_1_ath_1_pop_2_total_7	AT5G58510	Vv06s0004g07080	POPTR_0009s07980	POPTR_0001s28770	BRADI1G65290	Sb01g038270	LOC_Os03g18440
orthologous_group_4556_containing_osm_3_bdi_1_sbi_1_zm_0_viv_1_ath_1_pop_1_total_8	AT5G59520	LOC_Os08g42170	LOC_Os08g42150	LOC_Os01g74110	Sb03g047340	BRADI2G04020	Vv06s0004g05070	POPTR_0009s03950
orthologous_group_4561_containing_osm_2_bdi_1_sbi_1_zm_0_viv_1_ath_1_pop_1_total_7	AT5G59610	Vv06s0004g05140	POPTR_0001s12510	LOC_Os03g60790	BRADI1G03580	Sb01g003060	LOC_Os03g59860
orthologous_group_4648_containing_osm_1_bdi_1_sbi_1_zm_0_viv_2_ath_1_pop_2_total_8	AT5G60750	Vv02s0025g00670	POPTR_0001s10060	POPTR_0003s13360	Sb10g020020	LOC_Os06g30910	BRADI1G39363	Vv16s0050g01870
orthologous_group_4679_containing_osm_1_bdi_1_sbi_1_zm_0_viv_2_ath_1_pop_2_total_8	AT5G61140	Vv17s0000g07240	Vv17s0000g07230	POPTR_0015s06720	POPTR_0015s06740	Sb01g042980	LOC_Os03g11470	BRADI1G70057
orthologous_group_4712_containing_osm_1_bdi_1_sbi_1_zm_0_viv_2_ath_1_pop_1_total_7	AT5G61670	Vv16s0013g00290	POPTR_0012s11570	Vv16s0013g00350	BRADI3G50330	LOC_Os02g43500	Sb04g033280
orthologous_group_4730_containing_osm_1_bdi_1_sbi_1_zm_0_viv_2_ath_1_pop_1_total_7	AT5G61990	POPTR_0015s11670	Vv12s0057g01170	Vv03s0017g01670	LOC_Os07g20510	Sb10g028420	BRADI1G51377
orthologous_group_4737_containing_osm_1_bdi_1_sbi_1_zm_0_viv_1_ath_1_pop_2_total_7	AT5G62065	Vv16s0100g00630	POPTR_0012s13360	POPTR_0015s13310	BRADI1G28422	Sb02g011135	LOC_Os07g27940
orthologous_group_4885_containing_osm_1_bdi_1_sbi_2_zm_0_viv_1_ath_1_pop_3_total_9	AT5G64150	Vv19s0027g00350	POPTR_0003s20970	POPTR_0001s04080	POPTR_0018s04210	LOC_Os12g41830	BRADI4G01900	Sb08g021340	Sb01g006580
orthologous_group_4893_containing_osm_1_bdi_1_sbi_1_zm_0_viv_1_ath_1_pop_1_total_6	AT5G64230	POPTR_0017s08030	Vv12s0028g00580	LOC_Os02g51820	Sb04g027520	BRADI3G58750
orthologous_group_4956_containing_osm_1_bdi_1_sbi_1_zm_0_viv_1_ath_1_pop_1_total_6	AT5G65165	Vv00s0304g00040	POPTR_0007s05620	BRADI4G29070	Sb02g023310	LOC_Os09g20440
orthologous_group_4960_containing_osm_1_bdi_1_sbi_1_zm_0_viv_1_ath_1_pop_2_total_7	AT5G65250	Vv00s0391g00060	POPTR_0005s07470	POPTR_0007s05170	LOC_Os08g37820	Sb07g029060	BRADI3G38700
orthologous_group_5311_containing_osm_1_bdi_1_sbi_1_zm_0_viv_1_ath_1_pop_2_total_7	AT4G01650	Vv07s0005g02400	POPTR_0014s10620	POPTR_0002s18600	BRADI2G62090	Sb03g047320	LOC_Os01g74010
orthologous_group_5341_containing_osm_3_bdi_2_sbi_1_zm_0_viv_2_ath_2_pop_2_total_12	AT4G01990	Vv07s0005g01630	POPTR_0014s11420	POPTR_0002s19520	BRADI2G11510	LOC_Os01g19490	Sb03g012450	LOC_Os01g19548	LOC_Os01g19529	BRADI3G41640	AT1G02370	Vv14s0060g01120
orthologous_group_5437_containing_osm_1_bdi_1_sbi_1_zm_0_viv_1_ath_2_pop_3_total_9	AT4G03080	POPTR_0014s13160	POPTR_0014s13150	Vv07s0104g01030	POPTR_0002s22810	Sb09g003440	LOC_Os05g05240	BRADI2G36370	AT1G03445
orthologous_group_5466_containing_osm_1_bdi_1_sbi_1_zm_0_viv_1_ath_2_pop_2_total_8	AT4G03340	Vv12s0059g02000	POPTR_0013s14180	POPTR_0019s13560	Sb07g003140	LOC_Os08g04790	BRADI3G14860	AT1G03520
orthologous_group_5492_containing_osm_1_bdi_1_sbi_1_zm_0_viv_1_ath_5_pop_2_total_11	AT4G03930	Vv10s0116g00590	POPTR_0011s00480	Sb03g036790	LOC_Os01g57854	BRADI2G52140	AT1G11580	AT3G27980	AT1G11590	AT1G11370	POPTR_0011s13830
orthologous_group_5521_containing_osm_1_bdi_1_sbi_1_zm_0_viv_1_ath_3_pop_2_total_9	AT4G04620	LOC_Os07g32800	Sb02g034500	BRADI1G26400	Vv12s0059g00660	POPTR_0014s15210	POPTR_0002s21290	AT4G21980	AT2G05630
orthologous_group_5612_containing_osm_1_bdi_1_sbi_1_zm_0_viv_1_ath_1_pop_1_total_6	AT4G08240	Vv18s0001g03330	POPTR_0002s08670	Sb04g023490	LOC_Os02g35890	BRADI3G46410
orthologous_group_5665_containing_osm_1_bdi_1_sbi_1_zm_0_viv_1_ath_2_pop_1_total_7	AT4G09060	Vv18s0001g06600	POPTR_0002s10180	LOC_Os02g58470	BRADI3G60680	Sb04g038400	AT1G14680
orthologous_group_5751_containing_osm_2_bdi_2_sbi_1_zm_0_viv_6_ath_1_pop_1_total_13	AT4G10310	POPTR_0018s13210	Vv11s0103g00010	Vv11s0103g00050	Vv11s0103g00090	BRADI3G05570	Sb04g005010	LOC_Os02g07830	BRADI5G21017	LOC_Os04g51820	Vv11s0103g00150	Vv11s0103g00140	Vv11s0103g00130
orthologous_group_5779_containing_osm_1_bdi_1_sbi_1_zm_0_viv_1_ath_1_pop_1_total_6	AT4G10650	Vv16s0013g00130	POPTR_0012s08490	BRADI3G33967	LOC_Os10g42170	Sb01g028440
orthologous_group_5793_containing_osm_1_bdi_1_sbi_1_zm_0_viv_1_ath_1_pop_1_total_6	AT4G10890	POPTR_0007s09530	Vv02s0025g02040	Sb02g022960	BRADI4G28810	LOC_Os09g19880
orthologous_group_5894_containing_osm_1_bdi_1_sbi_4_zm_0_viv_1_ath_1_pop_1_total_9	AT4G12240	POPTR_0003s11420	Vv02s0241g00170	LOC_Os04g39050	BRADI5G12650	Sb07g020810	Sb08g017380	Sb1171s002010	Sb04g014231
orthologous_group_5952_containing_osm_1_bdi_1_sbi_1_zm_0_viv_2_ath_1_pop_1_total_7	AT4G13150	POPTR_0002s24430	Vv07s0005g06620	Vv07s0005g06610	BRADI3G06396	Sb04g005907	LOC_Os02g09440
orthologous_group_6064_containing_osm_2_bdi_1_sbi_1_zm_0_viv_2_ath_1_pop_2_total_9	AT4G14385	Vv05s0049g01000	BRADI3G52820	Sb04g030500	LOC_Os01g13250	LOC_Os12g20310	POPTR_0002s03980	Vv07s0005g03320	POPTR_0005s24530
orthologous_group_6080_containing_osm_1_bdi_1_sbi_1_zm_0_viv_1_ath_2_pop_2_total_8	AT4G14600	POPTR_0005s17550	POPTR_0002s10280	Vv18s0001g07080	Sb01g044700	LOC_Os03g08870	BRADI1G72050	AT1G29060
orthologous_group_6151_containing_osm_1_bdi_1_sbi_1_zm_0_viv_1_ath_1_pop_1_total_6	AT4G15440	Vv12s0059g01060	POPTR_0014s15390	Sb04g000830	LOC_Os02g02000	BRADI3G01110
orthologous_group_6157_containing_osm_2_bdi_1_sbi_1_zm_0_viv_1_ath_1_pop_2_total_8	AT4G15510	POPTR_0005s01430	Vv14s0060g00850	POPTR_0013s00790	Sb08g018390	LOC_Os12g37710	LOC_Os07g17390	BRADI4G04640
orthologous_group_6285_containing_osm_1_bdi_1_sbi_1_zm_0_viv_2_ath_1_pop_2_total_8	AT4G17050	POPTR_0003s08190	POPTR_0001s15090	Vv00s0204g00040	Vv00s1715g00010	Sb02g033970	BRADI1G27060	LOC_Os07g31270
orthologous_group_6332_containing_osm_1_bdi_1_sbi_1_zm_0_viv_1_ath_1_pop_1_total_6	AT4G17940	Vv02s0012g01590	POPTR_0001s02290	Sb01g028080	BRADI3G34320	LOC_Os10g42610
orthologous_group_6404_containing_osm_1_bdi_1_sbi_1_zm_0_viv_3_ath_1_pop_2_total_9	AT4G19020	POPTR_0003s09930	POPTR_0003s09920	Vv02s0033g00610	Sb09g007390	BRADI1G66167	LOC_Os05g13780	Vv16s0039g02460	Vv16s0039g02470
orthologous_group_6417_containing_osm_1_bdi_1_sbi_1_zm_0_viv_1_ath_1_pop_2_total_7	AT4G19190	Vv02s0087g00830	POPTR_0004s24440	Sb10g029520	LOC_Os06g49510	BRADI1G34800	POPTR_0008s20550
orthologous_group_6464_containing_osm_1_bdi_1_sbi_1_zm_0_viv_1_ath_1_pop_1_total_6	AT4G20070	Vv01s0011g01290	POPTR_0001s16010	LOC_Os06g45480	Sb10g026590	BRADI1G31890
orthologous_group_6651_containing_osm_1_bdi_1_sbi_1_zm_0_viv_2_ath_1_pop_1_total_7	AT4G23540	Vv08s0007g08660	Vv08s0007g08650	POPTR_0006s04850	Sb03g046370	LOC_Os01g72780	BRADI2G61300
orthologous_group_6683_containing_osm_1_bdi_1_sbi_1_zm_0_viv_1_ath_1_pop_2_total_7	AT4G24130	POPTR_0001s11330	POPTR_0003s14640	Vv02s0025g02540	LOC_Os10g37400	Sb01g017040	BRADI3G30870
orthologous_group_6716_containing_osm_1_bdi_1_sbi_1_zm_0_viv_1_ath_1_pop_1_total_6	AT4G24550	POPTR_0002s10530	Vv18s0001g13000	Sb02g039530	BRADI1G21200	LOC_Os07g42810
orthologous_group_6768_containing_osm_1_bdi_1_sbi_1_zm_0_viv_1_ath_1_pop_1_total_6	AT4G25600	POPTR_0012s13040	Vv16s0050g00630	Sb03g004265	LOC_Os01g07920	BRADI2G04620
orthologous_group_6940_containing_osm_1_bdi_1_sbi_1_zm_0_viv_1_ath_2_pop_1_total_7	AT4G28680	Vv07s0005g04480	POPTR_0002s25690	BRADI1G28960	LOC_Os07g25590	Sb02g010470	AT2G20340
orthologous_group_7121_containing_osm_1_bdi_1_sbi_1_zm_0_viv_1_ath_1_pop_1_total_6	AT4G31150	Vv04s0008g03080	POPTR_0018s04190	Sb10g026510	BRADI1G31767	LOC_Os06g45330
orthologous_group_7166_containing_osm_1_bdi_1_sbi_1_zm_0_viv_1_ath_1_pop_1_total_6	AT4G31790	Vv18s0001g14080	POPTR_0002s02530	Sb01g035110	BRADI1G62230	LOC_Os03g23970
orthologous_group_7177_containing_osm_1_bdi_1_sbi_1_zm_0_viv_1_ath_2_pop_2_total_8	AT4G31900	Vv04s0008g05880	POPTR_0018s02350	POPTR_0006s27810	LOC_Os06g08480	Sb10g005630	BRADI1G47367	AT2G25170
orthologous_group_7209_containing_osm_1_bdi_1_sbi_1_zm_0_viv_1_ath_1_pop_1_total_6	AT4G32360	Vv11s0016g03550	POPTR_0005s15200	Sb04g010680	LOC_Os02g17700	BRADI2G32530
orthologous_group_7312_containing_osm_1_bdi_1_sbi_1_zm_0_viv_1_ath_1_pop_2_total_7	AT4G33640	POPTR_0007s03140	Vv03s0038g00440	Sb01g011530	POPTR_0017s06990	BRADI1G12100	LOC_Os03g48390
orthologous_group_7410_containing_osm_1_bdi_1_sbi_1_zm_0_viv_7_ath_1_pop_9_total_20	AT4G34880	Vv03s0038g02040	POPTR_0004s17700	POPTR_0004s17680	POPTR_0009s13320	POPTR_0004s17710	POPTR_0320s00210	POPTR_0004s17660	Vv03s0038g02000	Vv03s0038g02010	Vv03s0038g02030	Vv03s0038g02020	LOC_Os10g06710	BRADI3G20890	Sb01g025910	POPTR_0004s17650	POPTR_0009s13300	POPTR_0009s13290	Vv03s0038g01990	Vv03s0038g01970
orthologous_group_7590_containing_osm_1_bdi_1_sbi_1_zm_0_viv_1_ath_1_pop_1_total_6	AT4G37380	POPTR_0007s10370	Vv07s0129g00680	LOC_Os07g02280	BRADI1G59070	Sb02g000820
orthologous_group_7618_containing_osm_1_bdi_1_sbi_2_zm_0_viv_1_ath_1_pop_1_total_7	AT4G37830	Vv00s0386g00020	POPTR_0007s14540	Sb01g006750	BRADI1G07230	LOC_Os03g56190	Sb09g004850
orthologous_group_7621_containing_osm_1_bdi_2_sbi_1_zm_0_viv_2_ath_2_pop_2_total_10	AT4G37900	Vv00s0415g00040	Vv00s1916g00010	POPTR_0015s04140	Sb05g025070	BRADI4G13280	BRADI4G13267	LOC_Os11g40590	AT2G22660	POPTR_0002s10960
orthologous_group_7663_containing_osm_1_bdi_1_sbi_1_zm_0_viv_1_ath_1_pop_1_total_6	AT4G38495	Vv03s0038g02810	POPTR_0016s13490	BRADI5G03850	LOC_Os04g20590	Sb06g006510
orthologous_group_7851_containing_osm_1_bdi_1_sbi_1_zm_0_viv_1_ath_1_pop_1_total_6	AT3G02220	POPTR_0004s11580	Vv14s0083g01180	LOC_Os01g55730	BRADI2G50670	Sb03g035330
orthologous_group_7881_containing_osm_1_bdi_1_sbi_1_zm_0_viv_1_ath_1_pop_3_total_8	AT3G02870	Vv10s0405g00030	POPTR_0006s01600	POPTR_0016s01220	POPTR_0016s01230	LOC_Os03g39000	BRADI1G15350	Sb01g015510
orthologous_group_7975_containing_osm_1_bdi_1_sbi_2_zm_0_viv_2_ath_1_pop_7_total_14	AT3G04720	POPTR_0013s03890	POPTR_0005s05570	POPTR_0876s00210	BRADI4G14930	Sb05g021990	Sb05g014060	LOC_Os11g37930	Vv14s0081g00030	Vv14s0081g00050	POPTR_1884s00200	POPTR_0876s00200	POPTR_0005s05580	POPTR_0005s05600
orthologous_group_8069_containing_osm_1_bdi_1_sbi_1_zm_0_viv_1_ath_1_pop_2_total_7	AT3G06200	POPTR_0008s20500	POPTR_0010s03040	Vv05s0020g02510	Sb01g036920	LOC_Os03g20460	BRADI1G63967
orthologous_group_8146_containing_osm_1_bdi_1_sbi_1_zm_0_viv_2_ath_1_pop_1_total_7	AT3G07370	Vv00s0669g00010	Vv00s0642g00010	POPTR_0002s25010	BRADI2G39800	Sb09g000470	LOC_Os05g01460
orthologous_group_8325_containing_osm_1_bdi_1_sbi_1_zm_0_viv_1_ath_1_pop_2_total_7	AT3G10630	POPTR_0008s01910	Vv13s0073g00240	POPTR_0010s24870	LOC_Os09g12530	Sb02g019400	BRADI4G27470
orthologous_group_8329_containing_osm_1_bdi_1_sbi_1_zm_0_viv_2_ath_1_pop_2_total_8	AT3G10700	Vv11s0078g00430	POPTR_0006s06980	BRADI5G21040	LOC_Os04g51880	Sb06g027910	POPTR_0018s13220	Vv11s0078g00420
orthologous_group_8468_containing_osm_1_bdi_1_sbi_1_zm_0_viv_1_ath_2_pop_2_total_8	AT3G13065	POPTR_0007s15170	POPTR_0014s00340	Vv09s0054g01570	Sb02g032710	LOC_Os09g38700	BRADI4G37900	AT1G78980
orthologous_group_8663_containing_osm_1_bdi_1_sbi_1_zm_0_viv_1_ath_1_pop_1_total_6	AT3G15353	Vv19s0014g02740	POPTR_0011s11960	BRADI2G06220	LOC_Os05g11320	Sb03g002620
orthologous_group_8726_containing_osm_1_bdi_1_sbi_1_zm_0_viv_1_ath_2_pop_3_total_9	AT3G16100	Vv09s0002g04220	POPTR_0003s05230	POPTR_0001s18330	POPTR_1872s00200	BRADI2G07570	LOC_Os01g12730	Sb03g001085	AT1G52280
orthologous_group_8744_containing_osm_1_bdi_1_sbi_1_zm_0_viv_1_ath_2_pop_3_total_9	AT3G16300	Vv09s0002g03780	POPTR_0001s18850	POPTR_0568s00200	POPTR_0003s04890	Sb03g033320	BRADI2G48640	LOC_Os01g52610	AT1G79780
orthologous_group_8768_containing_osm_1_bdi_1_sbi_1_zm_0_viv_1_ath_1_pop_2_total_7	AT3G16770	Vv05s0077g01860	LOC_Os05g29810	BRADI2G27920	Sb09g017950	POPTR_0010s00900	POPTR_0008s23260
orthologous_group_8805_containing_osm_1_bdi_1_sbi_1_zm_0_viv_1_ath_1_pop_2_total_7	AT3G17300	Vv05s0020g00430	POPTR_0010s16190	POPTR_0008s09980	BRADI4G04407	Sb08g018450	LOC_Os12g37850
orthologous_group_8905_containing_osm_1_bdi_1_sbi_1_zm_0_viv_1_ath_1_pop_2_total_7	AT3G18400	POPTR_0012s05280	Vv17s0000g03660	POPTR_0015s03700	Sb01g014310	BRADI1G14467	LOC_Os03g42630
orthologous_group_8946_containing_osm_1_bdi_1_sbi_1_zm_0_viv_1_ath_1_pop_2_total_7	AT3G18890	Vv03s0063g02020	POPTR_0004s15750	POPTR_0009s11450	LOC_Os10g01044	Sb02g000230	BRADI4G33940
orthologous_group_8969_containing_osm_1_bdi_1_sbi_1_zm_0_viv_1_ath_1_pop_1_total_6	AT3G19220	Vv03s0063g00520	POPTR_0009s10520	Sb02g026650	LOC_Os09g28480	BRADI4G32210
orthologous_group_9030_containing_osm_1_bdi_1_sbi_1_zm_0_viv_1_ath_1_pop_2_total_7	AT3G19970	Vv10s0071g00300	POPTR_0005s09130	POPTR_0007s07250	Sb10g031140	BRADI1G29457	LOC_Os06g51390
orthologous_group_9063_containing_osm_1_bdi_1_sbi_1_zm_0_viv_1_ath_1_pop_1_total_6	AT3G20475	Vv19s0090g00670	POPTR_0011s09190	BRADI3G14127	Sb09g024520	LOC_Os05g41880
orthologous_group_9454_containing_osm_1_bdi_1_sbi_1_zm_0_viv_2_ath_2_pop_2_total_9	AT3G26520	POPTR_0006s12350	Vv08s0007g04780	POPTR_0016s10780	Vv06s0061g00730	LOC_Os03g05290	Sb01g047140	BRADI1G75290	AT2G36830
orthologous_group_9499_containing_osm_1_bdi_1_sbi_1_zm_0_viv_5_ath_1_pop_1_total_10	AT3G27180	POPTR_0001s33940	Vv14s0068g02200	Sb03g044000	LOC_Os01g69120	BRADI2G58967	Vv14s0068g02230	Vv00s0400g00010	Vv14s0068g02320	Vv00s0397g00040
orthologous_group_9524_containing_osm_1_bdi_1_sbi_1_zm_0_viv_1_ath_1_pop_2_total_7	AT3G27700	Vv14s0066g00790	POPTR_0017s10830	POPTR_0001s34600	BRADI2G15526	LOC_Os04g32340	Sb06g014350
orthologous_group_9612_containing_osm_1_bdi_1_sbi_2_zm_0_viv_1_ath_1_pop_2_total_8	AT3G29310	POPTR_0017s12680	POPTR_0004s12320	Vv14s0108g01550	Sb09g025310	LOC_Os05g43670	BRADI2G20087	Sb01g005086
orthologous_group_9662_containing_osm_5_bdi_4_sbi_3_zm_0_viv_2_ath_1_pop_6_total_21	AT3G42170	Vv11s0016g05750	POPTR_0018s12690	POPTR_0004s12810	POPTR_0004s12760	POPTR_0018s12680	Sb02g043380	LOC_Os03g52310	BRADI1G09660	LOC_Os05g14940	LOC_Os05g50624	Sb01g009090	BRADI3G40810	BRADI1G09650	BRADI3G16050	Sb08g005330	LOC_Os01g33410	LOC_Os05g50640	Vv09s0002g07340	POPTR_0003s02610	POPTR_0001s20900
orthologous_group_9696_containing_osm_1_bdi_1_sbi_2_zm_0_viv_1_ath_1_pop_1_total_7	AT3G43540	POPTR_0006s23430	Vv04s0008g02280	Sb02g025580	Sb02g025590	BRADI4G31070	LOC_Os09g26580
orthologous_group_9736_containing_osm_1_bdi_1_sbi_1_zm_0_viv_1_ath_2_pop_3_total_9	AT3G44370	POPTR_0013s08590	POPTR_0013s08600	Vv04s0023g00150	POPTR_0009s12470	Sb10g004860	BRADI1G48120	LOC_Os06g07474	AT1G65080
orthologous_group_9875_containing_osm_1_bdi_1_sbi_2_zm_0_viv_2_ath_1_pop_2_total_9	AT3G47440	POPTR_0001s00690	POPTR_0003s10800	Vv16s0022g00330	LOC_Os04g46490	BRADI5G17680	Sb06g024580	Sb07g020150	Vv15s0021g02420
orthologous_group_9915_containing_osm_2_bdi_1_sbi_1_zm_0_viv_1_ath_1_pop_3_total_9	AT3G48200	POPTR_0015s09010	POPTR_0015s09020	Vv17s0000g08680	POPTR_0012s08930	Sb09g030760	LOC_Os05g51620	BRADI3G46247	LOC_Os08g38140
orthologous_group_9955_containing_osm_1_bdi_1_sbi_1_zm_0_viv_1_ath_1_pop_1_total_6	AT3G49055	Vv16s0050g00680	POPTR_0015s12920	BRADI1G50910	Sb07g024050	LOC_Os08g44550
orthologous_group_9956_containing_osm_2_bdi_2_sbi_2_zm_0_viv_2_ath_2_pop_5_total_15	AT3G49060	Vv16s0050g00690	POPTR_0012s13020	Sb02g012390	BRADI4G38700	LOC_Os09g39640	Sb02g012380	BRADI4G38690	LOC_Os09g39620	POPTR_0014s08060	POPTR_0014s08070	POPTR_0002s16150	Vv15s0046g02480	AT2G45910	POPTR_0002s16160
orthologous_group_9958_containing_osm_1_bdi_1_sbi_1_zm_0_viv_1_ath_1_pop_1_total_6	AT3G49080	Vv06s0080g00440	POPTR_0012s12870	LOC_Os07g46440	Sb02g041720	BRADI1G19110
orthologous_group_9967_containing_osm_1_bdi_1_sbi_1_zm_0_viv_1_ath_1_pop_2_total_7	AT3G49260	POPTR_0015s01480	Vv16s0098g01790	POPTR_0012s02330	Sb04g012650	LOC_Os02g19640	BRADI5G13650
orthologous_group_10060_containing_osm_1_bdi_1_sbi_1_zm_0_viv_9_ath_4_pop_1_total_17	AT3G51420	POPTR_0005s10240	Vv04s0210g00100	Vv04s0210g00090	Vv04s0210g00120	Vv04s0210g00080	Vv04s0210g00060	Vv04s0210g00040	Vv04s0210g00050	Vv04s0210g00030	Vv04s0210g00130	Sb01g030270	LOC_Os10g39710	BRADI3G32350	AT3G51440	AT3G51430	AT3G51450
orthologous_group_10134_containing_osm_1_bdi_1_sbi_1_zm_0_viv_5_ath_1_pop_3_total_12	AT3G52500	POPTR_0006s22110	Vv08s0007g02470	POPTR_0016s07260	Sb06g033560	LOC_Os04g58840	BRADI5G26620	Vv06s0080g01160	POPTR_0009s16390	Vv08s0007g02450	Vv08s0007g02440	Vv08s0007g02460
orthologous_group_10320_containing_osm_1_bdi_1_sbi_3_zm_0_viv_1_ath_5_pop_2_total_13	AT3G55180	POPTR_0010s21900	POPTR_0008s04880	Vv00s0317g00110	Sb08g000206	Sb08g000203	Sb05g000210	BRADI4G45350	LOC_Os12g16180	AT2G39420	AT2G39410	AT2G39400	AT3G55190
orthologous_group_10396_containing_osm_1_bdi_1_sbi_1_zm_0_viv_1_ath_2_pop_2_total_8	AT3G56240	Sb08g022260	BRADI1G41790	LOC_Os08g10480	POPTR_0010s24290	Vv13s0074g00770	POPTR_0008s02430	AT1G66240
orthologous_group_10511_containing_osm_1_bdi_1_sbi_1_zm_0_viv_1_ath_2_pop_2_total_8	AT3G57940	Vv07s0031g01750	POPTR_0005s08760	POPTR_0007s06790	Sb09g029740	LOC_Os12g07300	BRADI2G41187	AT1G10490
orthologous_group_10595_containing_osm_1_bdi_1_sbi_1_zm_0_viv_2_ath_1_pop_3_total_9	AT3G59030	Vv12s0028g01150	POPTR_0002s05600	Vv12s0028g01160	POPTR_0005s22910	POPTR_0005s22900	Sb08g021640	LOC_Os12g42130	BRADI4G01610
orthologous_group_10636_containing_osm_1_bdi_1_sbi_1_zm_0_viv_1_ath_1_pop_2_total_7	AT3G59530	POPTR_0017s05630	POPTR_0007s01770	Vv05s0102g00880	Sb01g040240	BRADI1G67310	LOC_Os03g15710
orthologous_group_10664_containing_osm_4_bdi_1_sbi_2_zm_0_viv_4_ath_4_pop_17_total_32	AT3G59850	Vv05s0094g01300	Vv00s0369g00040	POPTR_0007s00520	POPTR_0010s25450	POPTR_0008s01120	POPTR_0017s03880	POPTR_0007s00510	POPTR_0017s03740	POPTR_0017s03670	POPTR_0017s00210	POPTR_0007s00490	POPTR_0017s03910	POPTR_0017s03850	POPTR_0017s03770	POPTR_0007s00480	POPTR_0017s03870	POPTR_0017s03920	LOC_Os01g43490	Sb03g042350	LOC_Os01g66710	Sb03g028380	BRADI2G57427	LOC_Os11g14410	LOC_Os11g14400	AT2G43870	AT2G43860	POPTR_0010s18500	Vv00s0220g00140	POPTR_0010s18510	Vv00s0220g00150	AT1G65570
orthologous_group_10732_containing_osm_1_bdi_1_sbi_1_zm_0_viv_1_ath_1_pop_1_total_6	AT3G60810	Vv15s0048g00910	POPTR_0002s14920	BRADI1G00830	Sb01g000446	LOC_Os03g64140
orthologous_group_10908_containing_osm_2_bdi_1_sbi_1_zm_0_viv_1_ath_1_pop_1_total_7	AT3G63480	POPTR_0005s04110	Vv14s0128g00090	LOC_Os08g02380	BRADI3G13777	Sb07g001600	LOC_Os09g25380
orthologous_group_10910_containing_osm_1_bdi_1_sbi_1_zm_0_viv_1_ath_1_pop_2_total_7	AT3G63500	Vv13s0064g00570	POPTR_0009s06390	POPTR_0001s27130	Sb01g042710	LOC_Os03g11890	BRADI1G69720
orthologous_group_11145_containing_osm_1_bdi_1_sbi_1_zm_0_viv_1_ath_1_pop_1_total_6	AT2G04842	Vv12s0057g00400	POPTR_0014s16030	Sb02g037830	BRADI3G53530	LOC_Os02g33500
orthologous_group_11434_containing_osm_1_bdi_1_sbi_1_zm_0_viv_1_ath_1_pop_1_total_6	AT2G18030	Vv04s0023g03200	POPTR_0007s14050	Sb10g002580	BRADI1G51410	LOC_Os06g04650
orthologous_group_11605_containing_osm_1_bdi_1_sbi_1_zm_0_viv_1_ath_1_pop_2_total_7	AT2G21470	Vv03s0038g04320	POPTR_0004s16630	POPTR_0009s12300	LOC_Os07g39780	BRADI1G23100	Sb02g037850
orthologous_group_11659_containing_osm_1_bdi_1_sbi_2_zm_0_viv_1_ath_1_pop_1_total_7	AT2G22650	Vv11s0149g00140	POPTR_0018s12060	BRADI1G47556	Sb10g005490	Sb08g005150	LOC_Os06g08300
orthologous_group_11745_containing_osm_1_bdi_1_sbi_1_zm_0_viv_2_ath_1_pop_2_total_8	AT2G25110	Vv04s0008g05820	POPTR_0006s27910	POPTR_0018s02390	Sb07g019360	LOC_Os08g17680	BRADI3G19740	Vv09s0070g00030
orthologous_group_11893_containing_osm_1_bdi_1_sbi_1_zm_0_viv_1_ath_1_pop_1_total_6	AT2G27590	POPTR_0004s19510	Vv06s0080g00230	Sb03g040470	BRADI2G55520	LOC_Os01g63950
orthologous_group_11950_containing_osm_1_bdi_1_sbi_1_zm_0_viv_1_ath_1_pop_1_total_6	AT2G28480	Vv05s0102g00700	POPTR_0007s01860	Sb03g046420	LOC_Os01g72820	BRADI2G61340
orthologous_group_12025_containing_osm_1_bdi_1_sbi_1_zm_0_viv_1_ath_1_pop_1_total_6	AT2G30105	Vv06s0004g07050	POPTR_0001s28740	LOC_Os10g31790	BRADI3G27860	Sb01g020290
orthologous_group_12058_containing_osm_1_bdi_1_sbi_1_zm_0_viv_1_ath_1_pop_2_total_7	AT2G30600	Vv18s0122g01340	POPTR_0005s27270	POPTR_0002s01110	LOC_Os05g27880	BRADI1G52450	Sb10g000240
orthologous_group_12146_containing_osm_1_bdi_1_sbi_1_zm_0_viv_1_ath_1_pop_1_total_6	AT2G31840	POPTR_0007s00360	Vv05s0094g01460	Sb09g020470	BRADI2G25250	LOC_Os05g34470
orthologous_group_12169_containing_osm_1_bdi_1_sbi_1_zm_0_viv_1_ath_2_pop_3_total_9	AT2G32160	POPTR_0016s02210	Vv18s0041g00100	POPTR_0006s02420	POPTR_1392s00200	LOC_Os05g43560	Sb09g025210	BRADI2G20190	AT2G32170
orthologous_group_12171_containing_osm_1_bdi_1_sbi_3_zm_0_viv_2_ath_1_pop_2_total_10	AT2G32230	Vv12s0055g00690	Vv19s0027g00310	POPTR_0017s01370	POPTR_0004s07240	Sb07g023405	Sb07g023400	Sb06g034140	BRADI5G27596	LOC_Os04g59600
orthologous_group_12194_containing_osm_1_bdi_1_sbi_1_zm_0_viv_1_ath_1_pop_2_total_7	AT2G32500	Vv02s0025g03940	POPTR_0014s15300	POPTR_0002s21360	Sb01g049850	LOC_Os03g02020	BRADI1G77867
orthologous_group_12196_containing_osm_2_bdi_1_sbi_1_zm_0_viv_1_ath_1_pop_1_total_7	AT2G32550	Vv12s0059g01020	POPTR_0014s15360	LOC_Os02g19880	LOC_Os02g19420	Sb02g002910	BRADI1G58330
orthologous_group_12212_containing_osm_1_bdi_1_sbi_6_zm_0_viv_1_ath_1_pop_2_total_12	AT2G32800	Vv05s0029g00080	POPTR_0017s08210	POPTR_0001s32220	LOC_Os11g25860	Sb09g029760	BRADI4G08410	Sb03g030070	Sb08g008660	Sb10g005275	Sb03g030000	Sb02g025650
orthologous_group_12239_containing_osm_1_bdi_1_sbi_1_zm_0_viv_1_ath_1_pop_1_total_6	AT2G33180	Vv12s0057g01550	POPTR_0001s14110	Sb02g027960	LOC_Os09g30410	BRADI4G33377
orthologous_group_12363_containing_osm_4_bdi_1_sbi_2_zm_0_viv_41_ath_1_pop_15_total_64	AT2G34930	LOC_Os06g04810	LOC_Os08g42840	BRADI3G41810	Sb07g025500	LOC_Os06g04840	LOC_Os06g04830	Sb10g002735	Vv05s0029g01000	Vv14s0171g00050	Vv00s0316g00040	Vv14s0068g02270	Vv00s0397g00020	Vv14s0171g00060	Vv14s0171g00040	Vv14s0068g02240	Vv14s0068g02300	Vv14s0068g02210	Vv14s0171g00070	Vv00s0421g00020	Vv14s0068g02290	Vv00s0316g00010	Vv10s0071g00230	Vv14s0068g02220	Vv00s0397g00010	Vv00s0400g00020	Vv14s0068g02250	Vv00s0421g00040	Vv00s0316g00060	Vv16s0050g00530	Vv16s0050g00500	POPTR_0010s11720	POPTR_0010s11730	Vv01s0010g03210	Vv16s0050g00550	Vv16s0050g00370	POPTR_0012s01080	POPTR_0015s05880	POPTR_0015s05830	Vv16s0050g00180	Vv16s0050g00270	Vv16s0050g02120	POPTR_0003s19620	Vv16s0050g00170	POPTR_0015s05810	POPTR_0012s13030	Vv16s0050g00200	Vv16s0050g00250	Vv16s0050g02010	Vv16s0022g00080	POPTR_0015s05940	POPTR_0015s05580	Vv16s0022g00310	POPTR_0015s05920	POPTR_0015s05890	Vv16s0022g00240	POPTR_0015s05870	POPTR_0001s27000	Vv14s0171g00080	POPTR_0010s06880	Vv09s0018g00780	Vv09s0054g00080	Vv16s0050g02100	Vv16s0039g02300
orthologous_group_12411_containing_osm_2_bdi_2_sbi_2_zm_0_viv_1_ath_2_pop_3_total_12	AT2G35635	POPTR_0002s06320	POPTR_0005s22060	POPTR_0005s09940	Vv19s0085g00040	BRADI4G30470	LOC_Os09g25320	Sb10g025670	Sb02g024880	LOC_Os06g44080	BRADI1G30940	AT1G31340
orthologous_group_12412_containing_osm_1_bdi_1_sbi_1_zm_0_viv_1_ath_2_pop_1_total_7	AT2G35640	POPTR_0012s11820	Vv10s0042g00940	Sb01g012490	LOC_Os03g46350	BRADI1G12900	AT1G31310
orthologous_group_12427_containing_osm_1_bdi_1_sbi_1_zm_0_viv_1_ath_1_pop_1_total_6	AT2G36130	Vv08s0007g02900	POPTR_0016s07640	Sb07g024100	BRADI3G42920	LOC_Os08g44520
orthologous_group_12564_containing_osm_1_bdi_2_sbi_1_zm_0_viv_2_ath_1_pop_3_total_10	AT2G38740	POPTR_0003s08520	POPTR_0001s03020	Vv02s0012g00750	Vv02s0012g00760	POPTR_0001s03030	LOC_Os09g24230	Sb10g000890	BRADI1G51860	BRADI3G13680
orthologous_group_12601_containing_osm_1_bdi_1_sbi_1_zm_0_viv_1_ath_1_pop_2_total_7	AT2G39470	POPTR_0010s21710	Vv13s0019g00320	POPTR_0008s05030	LOC_Os03g17174	BRADI1G66296	Sb01g039120
orthologous_group_12650_containing_osm_1_bdi_1_sbi_1_zm_0_viv_1_ath_2_pop_2_total_8	AT2G40340	BRADI2G04000	Sb03g004980	LOC_Os01g07120	Vv13s0067g01960	POPTR_0008s07360	POPTR_0010s19100	AT2G40350
orthologous_group_12651_containing_osm_1_bdi_2_sbi_1_zm_0_viv_1_ath_1_pop_4_total_10	AT2G40360	POPTR_0004s23130	POPTR_0004s23120	POPTR_0022s00810	POPTR_0022s00800	Vv00s0227g00060	Sb03g013640	LOC_Os07g25440	BRADI3G39580	BRADI3G60762
orthologous_group_12653_containing_osm_2_bdi_1_sbi_2_zm_0_viv_1_ath_1_pop_1_total_8	AT2G40460	Vv13s0067g02340	POPTR_0019s08340	LOC_Os05g27050	LOC_Os05g27010	Sb09g016190	Sb09g016180	BRADI2G30380
orthologous_group_12664_containing_osm_1_bdi_1_sbi_1_zm_0_viv_1_ath_1_pop_1_total_6	AT2G40700	Vv11s0016g00630	POPTR_0019s08710	LOC_Os05g01990	BRADI2G39180	Sb09g020890
orthologous_group_12665_containing_osm_1_bdi_1_sbi_1_zm_0_viv_1_ath_1_pop_1_total_6	AT2G40720	Vv13s0067g03080	POPTR_0013s09430	Sb09g026680	LOC_Os05g45850	BRADI2G18717
orthologous_group_12687_containing_osm_2_bdi_2_sbi_1_zm_0_viv_1_ath_1_pop_1_total_8	AT2G41000	Vv08s0040g00120	POPTR_0006s02560	Sb03g011190	BRADI2G10686	LOC_Os01g17040	BRADI2G10680	LOC_Os01g17030
orthologous_group_12717_containing_osm_1_bdi_1_sbi_1_zm_0_viv_2_ath_1_pop_2_total_8	AT2G41480	POPTR_0006s06890	Vv11s0016g05320	POPTR_0018s13150	Vv11s0016g05280	BRADI2G04490	LOC_Os01g07770	Sb03g004380
orthologous_group_12780_containing_osm_1_bdi_1_sbi_1_zm_0_viv_1_ath_1_pop_1_total_6	AT2G42770	Vv12s0028g01550	POPTR_0010s03970	Sb03g033650	LOC_Os01g53060	BRADI2G48920
orthologous_group_12845_containing_osm_2_bdi_1_sbi_1_zm_0_viv_2_ath_3_pop_1_total_10	AT2G43910	POPTR_0017s03980	Vv05s0094g01340	Vv05s0094g01350	Sb10g003780	BRADI1G49130	LOC_Os06g06040	LOC_Os03g62670	AT2G43940	AT2G43920
orthologous_group_12849_containing_osm_1_bdi_1_sbi_1_zm_0_viv_1_ath_1_pop_2_total_7	AT2G43980	Vv05s0094g01410	POPTR_0017s04030	POPTR_0007s00460	LOC_Os09g34300	BRADI4G35440	Sb02g030090
orthologous_group_12865_containing_osm_1_bdi_1_sbi_1_zm_0_viv_1_ath_1_pop_1_total_6	AT2G44360	Vv13s0156g00200	POPTR_0001s23720	LOC_Os09g38080	Sb02g032290	BRADI4G37400
orthologous_group_12872_containing_osm_1_bdi_1_sbi_1_zm_0_viv_1_ath_1_pop_2_total_7	AT2G44620	POPTR_0002s13660	POPTR_0014s04350	Vv15s0021g00570	LOC_Os07g12150	Sb02g006530	BRADI1G53880
orthologous_group_12886_containing_osm_2_bdi_2_sbi_1_zm_0_viv_2_ath_1_pop_2_total_10	AT2G44860	Vv06s0061g01330	Vv08s0007g03850	POPTR_0004s19930	POPTR_0009s15070	LOC_Os01g33050	LOC_Os07g19190	Sb09g028470	BRADI2G03070	BRADI4G01560
orthologous_group_12929_containing_osm_1_bdi_1_sbi_1_zm_0_viv_1_ath_1_pop_2_total_7	AT2G45770	Vv15s0048g02080	POPTR_0014s07480	POPTR_0002s15680	LOC_Os01g72800	BRADI2G61320	Sb03g046390
orthologous_group_12991_containing_osm_1_bdi_1_sbi_1_zm_0_viv_1_ath_1_pop_2_total_7	AT2G47115	POPTR_0002s19080	Vv07s0005g02170	POPTR_0014s11050	Sb03g012000	BRADI2G11330	LOC_Os01g19120
orthologous_group_13033_containing_osm_1_bdi_1_sbi_1_zm_0_viv_1_ath_1_pop_1_total_6	AT2G48070	Vv07s0104g00730	POPTR_0014s13350	Sb09g019840	LOC_Os05g33520	BRADI2G25800
orthologous_group_13119_containing_osm_1_bdi_1_sbi_1_zm_0_viv_1_ath_1_pop_2_total_7	AT1G02860	Vv07s0005g00280	POPTR_0014s12480	POPTR_0002s20690	LOC_Os07g47590	BRADI1G18090	Sb02g042630
orthologous_group_13268_containing_osm_1_bdi_1_sbi_1_zm_0_viv_1_ath_1_pop_1_total_6	AT1G06240	Vv12s0028g02500	POPTR_0019s12030	Sb03g001910	BRADI2G06920	LOC_Os01g11590
orthologous_group_13322_containing_osm_1_bdi_1_sbi_1_zm_0_viv_1_ath_1_pop_1_total_6	AT1G07320	POPTR_0006s23770	Vv06s0004g06140	Sb01g040120	LOC_Os03g15870	BRADI1G67170
orthologous_group_13383_containing_osm_1_bdi_1_sbi_1_zm_0_viv_1_ath_1_pop_2_total_7	AT1G08530	Vv04s0043g00870	POPTR_0013s04950	POPTR_0019s04580	BRADI4G07980	Sb08g005270	LOC_Os12g24240
orthologous_group_13432_containing_osm_1_bdi_1_sbi_1_zm_0_viv_1_ath_1_pop_2_total_7	AT1G09280	Vv14s0060g00920	POPTR_0005s01480	POPTR_0013s00870	Sb08g018330	LOC_Os12g37630	BRADI4G04567
orthologous_group_13503_containing_osm_1_bdi_1_sbi_1_zm_0_viv_2_ath_1_pop_1_total_7	AT1G10240	Vv12s0035g01390	Vv12s0035g01360	POPTR_0004s23620	LOC_Os04g36590	Sb06g017580	BRADI5G11330
orthologous_group_13531_containing_osm_1_bdi_1_sbi_1_zm_0_viv_1_ath_1_pop_2_total_7	AT1G10610	POPTR_0008s19390	Vv01s0127g00650	POPTR_0010s05120	BRADI1G25230	Sb02g035870	LOC_Os07g36460
orthologous_group_13537_containing_osm_1_bdi_1_sbi_1_zm_0_viv_1_ath_1_pop_1_total_6	AT1G10700	Vv00s0225g00140	Sb03g033270	LOC_Os01g52530	BRADI2G48590	POPTR_0010s05520
orthologous_group_13554_containing_osm_1_bdi_1_sbi_1_zm_0_viv_1_ath_1_pop_2_total_7	AT1G10865	Vv09s0018g00610	POPTR_0008s01080	POPTR_0010s25510	Sb02g030100	BRADI4G35417	LOC_Os09g34310
orthologous_group_13557_containing_osm_1_bdi_1_sbi_1_zm_0_viv_1_ath_2_pop_3_total_9	AT1G10900	POPTR_0001s21870	POPTR_0001s21860	Vv12s0034g01790	POPTR_0003s01350	BRADI1G11530	LOC_Os03g49510	Sb01g010920	AT1G60890
orthologous_group_13574_containing_osm_1_bdi_1_sbi_1_zm_0_viv_1_ath_2_pop_1_total_7	AT1G11160	Vv00s0776g00020	POPTR_0011s04530	Sb03g036400	BRADI2G51760	LOC_Os01g57210	AT1G61210
orthologous_group_13594_containing_osm_1_bdi_1_sbi_1_zm_0_viv_1_ath_1_pop_3_total_8	AT1G11545	Vv10s0116g00520	POPTR_0011s00450	POPTR_0004s02030	POPTR_0014s15090	Sb02g035160	BRADI1G25847	LOC_Os07g34580
orthologous_group_13633_containing_osm_1_bdi_1_sbi_1_zm_0_viv_2_ath_2_pop_2_total_9	AT1G12020	Vv00s0515g00030	Sb06g032220	LOC_Os04g57360	BRADI5G25585	AT1G62422	Vv12s0059g01580	POPTR_0004s00350	POPTR_0011s00770
orthologous_group_13841_containing_osm_1_bdi_1_sbi_1_zm_0_viv_1_ath_1_pop_1_total_6	AT1G16040	POPTR_0003s18280	Vv09s0018g01760	BRADI1G76510	Sb01g048510	LOC_Os03g03690
orthologous_group_13910_containing_osm_1_bdi_1_sbi_1_zm_0_viv_1_ath_3_pop_1_total_8	AT1G17100	Vv19s0140g00210	POPTR_0001s38810	LOC_Os01g11230	BRADI2G06730	Sb03g002090	AT1G78450	AT1G78460
orthologous_group_13923_containing_osm_1_bdi_1_sbi_1_zm_0_viv_1_ath_1_pop_1_total_6	AT1G17230	Vv19s0027g00010	POPTR_0011s14310	Sb02g003080	LOC_Os07g05740	BRADI1G58460
orthologous_group_13926_containing_osm_1_bdi_1_sbi_1_zm_0_viv_1_ath_1_pop_1_total_6	AT1G17260	Vv09s0002g00130	POPTR_0001s16150	LOC_Os03g08560	Sb01g045000	BRADI1G72417
orthologous_group_14013_containing_osm_1_bdi_1_sbi_1_zm_0_viv_1_ath_1_pop_1_total_6	AT1G18560	Vv17s0000g04250	POPTR_0012s05580	LOC_Os01g02100	BRADI2G00992	Sb03g008300
orthologous_group_14068_containing_osm_1_bdi_1_sbi_2_zm_0_viv_1_ath_1_pop_1_total_7	AT1G19490	Vv08s0007g03640	POPTR_0006s11550	Sb08g003500	LOC_Os11g05640	Sb05g003420	BRADI4G42120
orthologous_group_14134_containing_osm_1_bdi_1_sbi_1_zm_0_viv_1_ath_1_pop_2_total_7	AT1G20575	Vv18s0001g00050	POPTR_0002s01130	POPTR_0005s27230	LOC_Os03g60939	Sb01g002910	BRADI2G19800
orthologous_group_14149_containing_osm_1_bdi_1_sbi_1_zm_0_viv_1_ath_1_pop_1_total_6	AT1G20810	POPTR_0005s27630	Vv18s0122g00900	LOC_Os02g02550	Sb04g001310	BRADI3G01630
orthologous_group_14152_containing_osm_3_bdi_1_sbi_1_zm_0_viv_1_ath_2_pop_2_total_10	AT1G20860	Vv18s0122g00780	POPTR_0002s00700	POPTR_0005s27740	Sb10g012710	LOC_Os06g21950	BRADI1G42610	LOC_Os06g21920	LOC_Os06g21930	AT1G76430
orthologous_group_14165_containing_osm_1_bdi_1_sbi_1_zm_0_viv_1_ath_3_pop_2_total_9	AT1G21000	POPTR_0005s28040	POPTR_0002s00430	Vv18s0122g00320	LOC_Os06g41930	BRADI1G35697	Sb10g024575	AT1G76590	AT1G43000
orthologous_group_14266_containing_osm_1_bdi_1_sbi_1_zm_0_viv_1_ath_1_pop_2_total_7	AT1G22460	Vv18s0001g06390	POPTR_0005s17360	POPTR_0002s10050	BRADI1G45647	Sb10g007565	LOC_Os06g11600
orthologous_group_14426_containing_osm_1_bdi_1_sbi_1_zm_0_viv_1_ath_2_pop_2_total_8	AT1G25460	Vv01s0011g03480	POPTR_0008s11910	POPTR_0010s13520	Sb03g007400	LOC_Os01g03670	BRADI2G01900	AT1G68540
orthologous_group_14494_containing_osm_2_bdi_1_sbi_1_zm_0_viv_1_ath_1_pop_1_total_7	AT1G27050	Vv01s0026g01530	POPTR_0010s04350	BRADI2G51650	LOC_Os01g56949	LOC_Os01g56969	Sb03g036260
orthologous_group_14582_containing_osm_1_bdi_1_sbi_1_zm_0_viv_1_ath_1_pop_1_total_6	AT1G28680	POPTR_0004s05280	Vv10s0003g00900	LOC_Os06g06180	Sb10g003850	BRADI1G49060
orthologous_group_14668_containing_osm_1_bdi_1_sbi_1_zm_0_viv_2_ath_1_pop_1_total_7	AT1G30690	POPTR_0001s46570	Vv10s0003g05480	Vv19s0085g00280	Sb10g027000	BRADI1G32420	LOC_Os06g45990
orthologous_group_14677_containing_osm_1_bdi_1_sbi_2_zm_0_viv_1_ath_1_pop_2_total_8	AT1G30825	Vv01s0011g05400	POPTR_0001s12450	POPTR_0003s15630	LOC_Os01g46580	Sb02g004770	Sb01g028390	BRADI1G76356
orthologous_group_14742_containing_osm_1_bdi_1_sbi_1_zm_0_viv_1_ath_1_pop_2_total_7	AT1G32070	Vv08s0056g00580	POPTR_0016s14680	POPTR_0344s00210	Sb09g023610	BRADI2G22150	LOC_Os05g40260
orthologous_group_14948_containing_osm_1_bdi_1_sbi_1_zm_0_viv_1_ath_1_pop_2_total_7	AT1G43860	POPTR_0002s07410	Vv18s0001g15290	POPTR_0005s20910	Sb07g000760	BRADI5G21520	LOC_Os08g01620
orthologous_group_14974_containing_osm_1_bdi_1_sbi_1_zm_0_viv_1_ath_1_pop_1_total_6	AT1G44970	Vv18s0001g13110	POPTR_0002s03260	Sb03g010230	BRADI2G09650	LOC_Os01g15810
orthologous_group_14994_containing_osm_1_bdi_1_sbi_1_zm_0_viv_1_ath_1_pop_2_total_7	AT1G46480	Vv18s0001g10160	LOC_Os04g55590	Sb06g030700	BRADI5G24080	POPTR_0014s02540	POPTR_0002s12560
orthologous_group_15039_containing_osm_1_bdi_1_sbi_1_zm_0_viv_1_ath_1_pop_1_total_6	AT1G47820	Vv07s0005g01400	POPTR_0014s11640	BRADI1G30170	Sb10g030290	LOC_Os06g50350
orthologous_group_15061_containing_osm_1_bdi_1_sbi_1_zm_0_viv_1_ath_1_pop_1_total_6	AT1G48200	Vv18s0001g02950	POPTR_0002s08480	LOC_Os06g05670	Sb10g003470	BRADI1G50850
orthologous_group_15110_containing_osm_1_bdi_1_sbi_1_zm_0_viv_1_ath_1_pop_1_total_6	AT1G49470	POPTR_0009s11210	Vv03s0063g01730	Sb07g022560	LOC_Os08g36040	BRADI3G37730
orthologous_group_15138_containing_osm_1_bdi_2_sbi_1_zm_0_viv_1_ath_1_pop_1_total_7	AT1G50170	POPTR_0001s17900	Vv14s0066g00830	LOC_Os02g19440	BRADI3G34646	BRADI4G40380	Sb04g012200
orthologous_group_15180_containing_osm_1_bdi_1_sbi_1_zm_0_viv_1_ath_1_pop_1_total_6	AT1G51080	POPTR_0008s00540	Vv09s0054g00840	Sb04g001580	LOC_Os03g04580	BRADI1G75800
orthologous_group_15270_containing_osm_1_bdi_1_sbi_1_zm_0_viv_6_ath_2_pop_8_total_19	AT1G53430	Vv19s0014g00830	Vv19s0014g00790	Vv19s0014g00710	Vv19s0014g00810	POPTR_0001s39490	POPTR_0001s39380	POPTR_0001s39390	POPTR_0001s39420	POPTR_0084s00230	POPTR_0001s39450	Vv19s0014g00680	POPTR_0011s10750	Vv19s0014g00750	POPTR_0084s00240	BRADI3G08917	Sb04g008350	LOC_Os02g13850	AT1G53440
orthologous_group_15386_containing_osm_1_bdi_1_sbi_1_zm_0_viv_4_ath_1_pop_2_total_10	AT1G55910	Vv19s0015g00190	Vv19s0015g00230	Vv19s0015g00210	Vv19s0015g00250	POPTR_0001s37480	POPTR_0001s37490	Sb01g032670	LOC_Os03g29850	BRADI1G60110
orthologous_group_15418_containing_osm_1_bdi_1_sbi_1_zm_0_viv_1_ath_1_pop_2_total_7	AT1G56570	Vv14s0060g00870	POPTR_0013s00810	POPTR_0005s01440	Sb03g012320	BRADI2G11440	LOC_Os01g19380
orthologous_group_15650_containing_osm_1_bdi_1_sbi_2_zm_0_viv_1_ath_1_pop_1_total_7	AT1G63855	LOC_Os02g02800	BRADI3G01870	Sb04g001620	Sb04g001223	Vv00s0510g00020	POPTR_0005s11080
orthologous_group_15657_containing_osm_1_bdi_1_sbi_1_zm_0_viv_1_ath_1_pop_1_total_6	AT1G63990	POPTR_0001s09890	Vv02s0025g00410	BRADI3G16580	LOC_Os08g06050	Sb07g003800
orthologous_group_15727_containing_osm_1_bdi_1_sbi_1_zm_0_viv_1_ath_1_pop_1_total_6	AT1G65420	POPTR_0008s07660	Vv00s0207g00110	BRADI4G27376	Sb02g019530	LOC_Os09g11520
orthologous_group_15750_containing_osm_1_bdi_1_sbi_1_zm_0_viv_1_ath_1_pop_1_total_6	AT1G65900	POPTR_0017s02030	Vv04s0079g00260	LOC_Os03g02820	BRADI1G77210	Sb01g049210
orthologous_group_15848_containing_osm_1_bdi_1_sbi_1_zm_0_viv_1_ath_1_pop_1_total_6	AT1G68150	Vv12s0055g00340	LOC_Os02g53100	Sb04g034440	BRADI3G57710	POPTR_0001s21580
orthologous_group_15857_containing_osm_1_bdi_1_sbi_1_zm_0_viv_2_ath_1_pop_5_total_11	AT1G68300	POPTR_0008s12110	POPTR_0010s13310	Vv01s0011g03690	Vv01s0011g03680	POPTR_0010s13330	LOC_Os01g32780	Sb0139s002020	POPTR_0013s11670	POPTR_0010s13320	BRADI5G24660
orthologous_group_15870_containing_osm_1_bdi_1_sbi_1_zm_0_viv_1_ath_1_pop_1_total_6	AT1G68610	Vv01s0011g03260	POPTR_0010s13780	Sb06g019050	BRADI5G12460	LOC_Os02g18540
orthologous_group_15940_containing_osm_1_bdi_1_sbi_1_zm_0_viv_1_ath_1_pop_1_total_6	AT1G70070	Vv01s0026g01000	POPTR_0010s04800	LOC_Os02g50560	Sb04g028500	BRADI3G59790
orthologous_group_16065_containing_osm_1_bdi_1_sbi_1_zm_0_viv_1_ath_1_pop_2_total_7	AT1G73050	POPTR_0010s25590	BRADI1G31250	LOC_Os06g44540	Sb10g026110	POPTR_0008s01010	Vv02s0012g01670
orthologous_group_16079_containing_osm_1_bdi_1_sbi_1_zm_0_viv_1_ath_1_pop_1_total_6	AT1G73320	Vv16s0039g00310	POPTR_0017s03460	Sb09g027980	LOC_Os06g01180	BRADI1G52420
orthologous_group_16121_containing_osm_1_bdi_1_sbi_2_zm_0_viv_1_ath_1_pop_1_total_7	AT1G74340	Vv02s0012g02070	POPTR_0001s02060	LOC_Os02g04725	Sb09g028160	BRADI4G19960	Sb09g005730
orthologous_group_16143_containing_osm_1_bdi_1_sbi_1_zm_0_viv_1_ath_1_pop_2_total_7	AT1G74730	POPTR_0015s07630	POPTR_0012s07240	Vv17s0000g05650	BRADI2G42040	LOC_Os01g40310	Sb03g026210
orthologous_group_16149_containing_osm_1_bdi_1_sbi_1_zm_0_viv_1_ath_1_pop_1_total_6	AT1G75010	POPTR_0010s10960	Vv01s0010g02140	LOC_Os09g38330	BRADI4G37530	Sb02g032380
orthologous_group_16225_containing_osm_1_bdi_1_sbi_1_zm_0_viv_1_ath_1_pop_1_total_6	AT1G77010	Vv18s0001g14960	POPTR_0002s07580	Sb10g002910	BRADI4G44720	LOC_Os03g63260
orthologous_group_16303_containing_osm_1_bdi_1_sbi_3_zm_0_viv_1_ath_3_pop_3_total_12	AT1G78660	Vv19s0014g00980	POPTR_0011s10890	POPTR_0012s11220	POPTR_0001s39540	BRADI2G19700	LOC_Os05g44130	Sb09g025690	Sb09g025670	Sb09g025680	AT1G78680	AT1G78670
orthologous_group_16361_containing_osm_1_bdi_1_sbi_1_zm_0_viv_1_ath_1_pop_2_total_7	AT1G79800	Vv09s0002g03890	POPTR_0001s18820	POPTR_0003s04900	LOC_Os06g36010	Sb04g008210	BRADI3G08780
orthologous_group_16396_containing_osm_11_bdi_9_sbi_4_zm_0_viv_1_ath_1_pop_2_total_28	AT1G80570	POPTR_0017s08050	Vv09s0002g08660	POPTR_0001s32020	LOC_Os02g55550	LOC_Os02g55540	Sb04g036130	BRADI4G06170	BRADI4G06257	BRADI2G09487	BRADI4G06237	BRADI4G06200	BRADI4G06250	BRADI4G06270	Sb04g036150	LOC_Os04g30210	LOC_Os12g33220	Sb09g003640	Sb09g003670	LOC_Os12g33210	BRADI3G54280	LOC_Os12g34220	LOC_Os12g33230	LOC_Os04g30200	LOC_Os04g30180	LOC_Os04g30230	LOC_Os04g30320	BRADI4G06190
