#	13625
Bits   Query         start end Target      start end   idels introns
621.41 LOC_Os06g25950    1  327 3:11830573..11829315    1 1259    1    1
//
>3:11830573..11829315.pep
MEKRLHLHVLMVLLVILAWPSSIFVAGGLCRDSCGDIPVRYPLGIDDGCGSPYYRNMLTC
ADNTTLRLRTPSGTYPVSGTDYADAHLVVTDPSMWTCKRPFTSIHAAPFSLDTSTRFSLS
PRNDHLFFNCDEDRVIVEPRPAVCERDPERCDSACDSAGYLCRNLPGCRGALEENNMTCC
VYRPRAAESLRVMLRHCEAYTSVYWRAVGDKFPPYDTVPDYGVRVDFEIPVTTRCLKCQD
QRRGANGTCGFDPVTRDFICICDDGRNSTTDCAGAXRKRFHSINFLVFHFHAGTVVFSIS
AAIGIGGLVWYIRKMKSSKLVTCGVQSNENRFF
//
#	6700
Bits   Query         start end Target      start end   idels introns
143.90 LOC_Os08g01530   53  214 2:11757956..11758453    4  498    0    0
//
>2:11757956..11758453.pep
LLKLLPTGTVLAFQALAPSFTNHGVCHTTANRYLVLALISTCAVSCVLLSFTDSLVSRGD
GRLYYGLATFRGFYPFNFAGSAAERGAMFKDVAKFRITALDFVHAVFSAVVFLAVAASDA
SVQSCLFPDAGAGVRELLVNLPLGAGFLSSVVFIVFPTTRKSIGY
//
#	3779
Bits   Query         start end Target      start end   idels introns
116.05 LOC_Os06g44374    1   69 3:4132824..4133104    1  281    0    1
//
Making a E in phase 1 intron
>3:4132824..4133104.pep
MDAVDSVVDPLRDFTKDSVRLVKRCHKPDRKEFTKVAVRTATGFVAMGFVGFFVKLIFIP
INNIIVGSG
//
#	15382
Bits   Query         start end Target      start end   idels introns
1703.78 LOC_Os09g07900    2 3647 4:6949517..6961568    2 12052    5   12
//
Making a F in phase 2 intron
Making a G in phase 1 intron
Making a G in phase 2 intron
Making a L in phase 1 intron
Making a C in phase 2 intron
>4:6949517..6961568.pep
SFISILSXLLASSDPEIVVVALETLAALVKINPSKLHMNGKLVNCGAINSHLLSLAQGWG
SKEEGLGLYSCVVANERNQQEGLCLFPADMENKYDGTQHRLGSTLHFEYNLCPVQDADQT
SDKKSSNLCVIHIPDLHLQKEDDLSILKQCVDKFNVPPEHRFALFTRIRYAHAFNSPRTC
RLYSRISLLAFIVLVQSSDAHDELTSFFTNEPEYINELIRLVRSEDIVPGPIRALAMLAL
GAQLAAYASSHERARILSGSSIISAGGNRMVLLSVLQKAISSLSSPNDTSSPLIVDALLQ
FFLLHVLSSSSSGTTVRGSGMVPPLLPLLQDKDPSHMHLVCLAVKTLQKLMEYSSPAVSL
FKDLGGVELLSQRLHVEVQRVIGVADSHTSMVTNDTLKSEDDHFYSQKRLIKALLKALGS
ATYSPANPARSQNSNDNSLPMSLSLIFQNVSKFGGDIYFSSVTVMSEIIHKDPTCFPALK
ELGLPDAFLSSVTAGVIPSCKALICVPNGLGAICLNTQGLESVRETSALRFLVDTFTSRK
YLIPMNEGVVLLANAVEELLRHVQSLRSAGVDIIIEIINKLSSPREDKVIEPTSTEERTD
METDVEGRDLVSAMDSGADGTNDEQFSHLSIFHVMVLVHRTMENSETCRLFVEKGGLQNL
LTLLLRPSITQSSGGMPIALHSTMVFKGFTQQHSTPLARAFCSSLKEHLKNALQELDTVS
SSCEVIKLEKGNIPSLFIVEFLLFLAASKDNRWMNALLSEFGDVSRDVLEDIGRVHREVL
WQISLFEEKKVEPEASSPKANDAQQVDTAVGETDDNRYTSFRQYLDPLLRRRGSGWNIES
QVSDLINIYRDTGRATTDSHRIGADRYPSSGLPSSSQDQPSSSSDANVKSEEDKKRSEHS
SCCDMMRSLSYHINHLFMELGKAMLLTSRRENSPINLSASVVSVATKIASIVLDHLNFEG
HTISSEREITVTTKCRYLGKVVDFVDGILLDRPESCNPIMVNSFYCRGVIQAILTTFEAT
SELLFTMNRPPSSPMETDNKTGKEEKDTDCSWIYGPLSSYGAIMDHLVTSSFILSSSTRQ
LLEQPIFSGSVKFPQDAERFMKLLQSKVLKTVLPIWGHPQFAECNVELISSVTSIMRHVY
SGVEVKNTVSNIGARLAGPPPDENAISMIIEMGFSRARAEEALRQVGTNSVEIATDWLFS
HPEEPPEDDELARALAMSLGNSDTSAQEEDGKSNDLDLEEENVLLPPMDEVLSSCLRLLQ
AKETLAFPVRDMLVTISSQNDGQNRVQVLTYLIDHLKQCLVASDPLKNTVLSALFHVLAL
ILHGDAAAREVASKAGLVKVALNLLCSWELEPREGEITEVPNWVTSCFLAVDRMLQLDPK
LPDVTELDVLKKDNSNTQTPIVIDDSKKRDSESSSSVGLLDLEDQKQLLMVCCKCIQKQL
PSDTMHAILQLCATLSKVHVAAISFLESGGLHALLSLPTKSLFSGFNSLVSTIIRHILED
PHTLQQAMELEIRHSLVTAANRHANPRVTPRNFVQNLAFVVYRDPLIFMKAAQAVCQIEM
VGDRPYVVLLKDREKEKSKEKEKDKSVDKDKSSSAVTKITSGDMVSASPGSTKGKQSDLN
AKSVKSHRKPPQSFVSVIEHLLDLVMSFVPPPRSEDQPDGSSSTDMEIDSNSAKGKGKAV
ASTPEESKQAIQEATASLAKNAFVLKLLTDVLLTYASSIQVILRHDAELSGPTRNSGGIF
NHILQHXFHMLRSKKRREXDGDWRYKLATRANQFLVASSIRSPEGRKRICSEICSIFVEF
TDSPTGCKPQMLRMNAYVDLLNDILSARSPTGSSLSAESVVTFVEVGLVQSLTRTLQVID
LDHPDSAKIVTAIVKALEVVTKEHVHLADFNAKGESSSKIISDQNNVDSSANRFQVLDTT
SQPTAMVTDHRETFNAVHTSRSSDSVADEMDHDRDLDGSFARDGEDDFMHEIAEDRTGNE
STMEIRFEIPHNREDDMADEDDDSDEDMSADDGEEVDEDDDEDEDEENNNLEEDDAHQIS
HPDTDQDDREIDEEEFDEDLLEEDDDEDEDEEGVILRLEEGINGINVFDHIEVFGGSNNL
SGDTLRVMPLDIFGTRRQGRSTSIYNLLGRASDQGVLDHPLLEEPSMLHIPXRDSQVSTL
ICYYVLLSTSLVFFRTSIFSDPLVPLVFLSFATXSLNFGRNGHRFNMWLDDGPQRSGSAA
PAVPEGIEELLLSQLRRPTPEHPEDQSIPAVGAQENDQPSNLHGSETEAREDEPAEQNEN
IESDDIPAARSEVDVSASAGPAPPHSDELQRDASSASEHVADMQYERSDAVVRDVEAVSQ
ASSGSGATLGESLRSLDVEIGSVEGHDDGDRHGASDRIPLGDVQAAARSRRPPGSAVPVS
SRDISLESVSEVPQNPVQESDPNANEGDQEPNRPADADSIDPTFLEALPEDLRAEVLSSR
QNQVTQASTDQPQNDGDIDPEFLAALPPDIREEVLAQQRAQRLQQTQELEGQPVEMDAVS
IIATFPSEIREEVLLTSPDTLLATLTPALVAEANMLRERFAHRYHSGSLFGMNSRNRRGE
SSRRGEIIGSGLDRNAGDSSRQTSSKLIETEGTPLVDKDALVALIRLLRVVQPLYKGQLQ
RLLLNLCAHRESRKSLVQILVDMLMLDLQGSSKKSTDATEPPFRLYGCHANITYSRPQSS
DGVPPLVSRRVLETLTYLARNHPNVARLLLFLQFPCPPTCQTGTLDQRRGKAVLMEGDSE
QQKAFALVLLLTLLNQPLYMRSVAHLEQLLNLLEVVMLNAENEINQAKLEASSEKPSGPE
NAAQDAQEDASVAGSSGAKSNAEDSDKTPADDGSSLQAVLHSLPQAELRLLCSLLAHDGL
SDNAYLLVAEVLKKIVALAPFFCCHFINELARSMQNLTLCAMKELHLYEDSEKALLSTSS
ANGTAILRVVQALSSLVTTLQDRKDPELLAEKDHSDALSQISEINTALDALWLELSNCIS
KIESSSDYTSNLSPASASAPTLATGVAPPLPAGTQNILPYIESFFVTCEKLRPGQPISVQ
EASTSDMEDASTSSAGPKSSASHTSLDDKHSPFVKFSEKHRRLLNAFIRQNPGLLEKSFS
LMLKIPRLIDFDNKRAYFRSKIKHQHDHHHSPVRISVRRAYILEDSYNQLRMRSPQDLKG
RLTVHFQGEEGIDAGGLTREWYQLLSRVIFDKGALLFTTVGNDLTFQPNPNSVYQTEHLS
YFKFVGRVVGKALFDAQLLDVHFTRSFYKHILGAKVTYHDIEAIDPAYYRNLKWMLENDI
SDVLDLTFSMDADEEKLILYEKAEVTDCELIPGGRNIRVTEENKHEYVDRVAEHRLTTAI
RPQINAFMEGFNELIPRELISIFNDKEFELLISGLPDIDLDDLKANTEYSGYSIASPVIQ
WFWEIVQGFSKEDKARFLQFVTGTSKVPLEGFSALQGISGPQRFQIHKAYGSTNHLPSAH
TCFNQLDLPEYTSKDQLQERLLLAIHEANEGFGFG
#	12969
Bits   Query         start end Target      start end   idels introns
221.21 LOC_Os03g02450    1  205 1:73809911..73808267    1 1645    2    5
//
Making a R in phase 2 intron
>1:73809911..73808267.pep
MAGGGAAASALSSPWRALLQRALDANAHLKHSTFFQLATVSGGGRPANRTVVFRGFLEHC
DKIQINTDARSNKKKGLIXGCFVXICWYFTDSWEQFRISGIIDVIDGSSLDPAKLQLREK
AWFASSVKSRSQYLGPCPGLPVANDDHIKDVHVDASAGPVDAYCLLTLDPEKVDYVNLKS
NQRLMFRRAQEGDESSDWMAEKVSP
//
#	238
Bits   Query         start end Target      start end   idels introns
209.07 LOC_Os05g25480  252  462 2:46224067..46224666    1  600    0    0
//
>2:46224067..46224666.pep
VLTRVNTLTGVAYKDDPTILAWELMNEPRCQSDLSGRTIQSWITEMAAHVKSLDSNHMLE
AGLEGFYGASSSVNPSGYLVGTDFIANNMAPGIDFATVHSYPDQWMPGSDDSAQLGFLGR
WLDAHVEDARAKLRKPLLIAEFGKSWKDPGYSSAVRDAQFGAVYAKIYESARKGGPMVGG
LFWQLMADGMDSYGDGYEVI
//
#	1335
Bits   Query         start end Target      start end   idels introns
306.53 LOC_Os06g47294   79  520 3:32871045..32869434    4 1612    0    3
//
Making a D in phase 1 intron
Making a W in phase 2 intron
>3:32871045..32869434.pep
FSEYTPCEDRKRGRRFEREMLAYRERHCPGKDEEIQCLIPAPPKYKNPFKWPQSRDFAWF
DNIPHKELSIEKAVQNWIQVEGNKFRFPGGGTMFPHGADAYIDDIAKLISLSDGKIRTAI
DTGCGVASWGAYLLKRNIIAMSFAPRDTHEAQVQFALERGVPAIIGVMGTQRLPYPSRAF
DMAHCSRCLIPWGAYDGLYLAEVDRILRPGGYWILSGPPINWKTHQQGWQRTKEDLKQEQ
DKIENVARSLCWSKVVEKRDLSIWQKPKNHLECANIKKKYKIPHICKSDNPDAAWYKKME
ACVTPLPEVSNQGSIAGGEVERWPERAFTVPPRVKRGTIPGIDVKKFVEDKKLSEKRLAY
YKRTTPIAEGRYRNVMDMNANLGGFAASLVKYPVWVMNVIPVNSDKDTLGAIYERGFIGT
YQDWCEAFSTYPRTYDLLHADNLFS
//
#	13867
Bits   Query         start end Target      start end   idels introns
1685.35 LOC_Os11g45410    1  872 3:39613392..39610789    4 2604    0    0
//
>3:39613392..39610789.pep
TPSSWYTAISGCVRCGRDSTAFSMLRGMRERGVPLSGFALASLVTACERWEEGRACGAAI
HALTQKAGLMVNVYIGTALLHLYGSQKHVLDAQRLFWEMPERNVVSWTALMVALSSNGHL
EEALGYYRRMRRERIACNANAFATVVSLCGSLEDEVAGLQVFSHVIVSGLQRQVSVANSL
ISMLGNLGRVHDAEKLFYRMEERDTVSWNALVSMYSHEGLCSKSFRVFSDMRRGGLLRHD
ATTLCSLISVCASSDYVSYGSGVHSLCLRTGLHSYIPVVNALVNMYSSAGKLADAEFLFW
NMSRRDLISWNTMISSYVQNGNNMDALKTLGQLLHTNEGPDRMTFSSALGACSSPGALMD
GRMVHAMTLQLSLHHNLLVGNSLITMYGKCNSIEDAERIFQLMPNHDVVSCNILIGSYAV
LEDGTKAMQVFFWMRRGEVKLNYITIVNILGSFTSSNDLRNYGLPLHAYTIHAGFLSDDY
VSNSLITMYAKCGDLESSNNVFQRIINRSVVSWNAMIAANVQHGHGEESLKLFMDMRHDG
NGLDHICLAECMSSSASLASLEEGMQLHGLGLKCGLGNDSHVVNAAMDMYGKCGKMDEML
KMLPDPAIRPQQCWNTLISGYARYGYFKEAEETFKHMISVGRTPDYVTFVTLLSACSHAG
LVDKGIDYYNSMSSVFGVSPGIKHCVCIVDILGRLGRFAEAEKFIEDMPVLPNDLIWRSL
LSSSRTHKNLDIGRKAAKRLLELDPFDDSAYVLLSNLYATSARWSDVDRVRSHMKTINLN
KIPACSWLKQKKEVSTFGIGDHSHKHADKIYMKLDEILLKLREVGYVADTSSALHDTDEE
QKEQNLWNHSEKLALAYGLITVPEGCT
//
#	2048
Bits   Query         start end Target      start end   idels introns
337.37 LOC_Os02g49630    1  276 3:56203103..56200520    1 2584    0    1
//
>3:56203103..56200520.pep
MVSLSNGVLAAVSIVALVASIPLIGVGTYLHDRGGGDGSPTSECQRLLRLPALALGLGIL
LLSLMAIAGACCRGAAPLLWLYVVAMFLLVIGMFFVTVFAYAVTNKAAASGGGYGDYRIG
DYSDWLRDRVGDYDTWRRIESCLADAGVCGGPGGGQFSGRLGGVAAGIDASEFYRLHLPL
LQPGSRRHITNDSVCSKMMDVLQSGCCKPPAYCGYRPVNATFYEPPEPGHLGTAGVDCQA
WSNDQRVLCFRCNACKAGVLATAKSNWRAVAAANVAVLALLVFVYSLGCCALRN
//
#	7752
Bits   Query         start end Target      start end   idels introns
272.34 LOC_Os02g34540   13  167 3:47577243..47577716    1  474    0    0
//
>3:47577243..47577716.pep
PRTPPRSPATSAAAAALPDLSIPHDLATRGQWQALLAHLAHPSRTHHPHHRLLLSALSAL
SLAKLRRFPDAAALLASLHPDPACPPPPFLLRLLHALLPLFFPDRPLALDRLYTLLSSVR
ARPDAQHPEWRRRDALVTSLLASDHLAHRELDVALALI
//
#	9016
Bits   Query         start end Target      start end   idels introns
377.11 LOC_Os02g58450   89  340 3:59555777..59554421  136 1357    0    1
//
>3:59555777..59554421.pep
DDGFLTLDLADFQEEDPDEDEEGSPWEGALVYRRDAAALHLEYATTLERLGLADLSSPHS
RARAAAMGILLSAGDQDGTTPVLVSLDVARRRGRLRLDGIVRTVITLGCYRQAPPNSPAP
EAVFANFSLLLMEDPVEEPDVVDLGTMYEEDETKSYSFTGSQDEDDEDIDWDDRLHFPAG
NKEIDISKHIRDIIHLEITLDALCDTTCKGFCLACGANLNTSSCSCGTDKPQQAKDAKRP
GSLKDMLKPMQR
//
#	9567
Bits   Query         start end Target      start end   idels introns
195.86 LOC_Os03g18480    1  129 3:44009784..44010422    1  390    0    0
//
>3:44009784..44010422.pep
MGRSPCCEKAHTTKGAWTREEDDRLSSHVRAHGEGRWRALPRLAGLPHRCGKSCRLRWVN
YLRPDLKRGAFSRDEDALIVALHAALGNRWAMIAAKLPGRTDNEIKNYWNTHLGRRLKGM
GIDPVTHRPV
//
#	13068
Bits   Query         start end Target      start end   idels introns
223.69 LOC_Os02g03050   15  200 3:1323928..1322398    4 1531    0    5
//
Making a E in phase 1 intron
>3:1323928..1322398.pep
IQCNDFKNLTQIIEEDITKFHVNSHFLPILEEKSHCTKKYAKVVSNLPFNVSTEVVKQIL
PMGDVFSVMVLMLQDETALRLANASIQTPEYRPINVFVNFYSEPEYKFKVERANFFPQPK
VDGGVISFKLKNAGEYPPVGSNKSFFSMVNSAFNGKRKMLRKSLQHLCSSAEIEAALSNI
GLPATV
//
#	7242
Bits   Query         start end Target      start end   idels introns
435.06 LOC_Os01g13070    9  442 2:6146922..6149134    1 2210    1    2
//
Making a C in phase 1 intron
>2:6146922..6149134.pep
KSNNGQLTQRLEGIEEEGGPAETWAPPPAAKTVRAPETPTETMEFLARSWSLSAAEISKA
LKVLSSKGAAVCDDDIPDAAVPCAALGKEQRPPPETSPPFSPRAATSATMDAQLLRAGGR
GGGKTTTMGAWMKEQKEKKRAEARSRNAQAYAATSVAGVAAAVAALVAGAVFSSSSSPPS
DPPNPAANNAKTAAAIASAAALVASHCVEMAQAIGASHEQIVASVGSAVNAQTSGDVMAL
TAGAATALRGAAMLRARLHREIQGAALPGGDGGRSAASERDVSPLVFVSRGGELLKRTRQ
GMVXVIMKMKSAHMAGTFIKTKKCVVLDVRAEVAAWAGREVDDGMGLARRGYFGVRTEER
VIEFECRSKREQRRWAQGITEMLSRRDN
//
#	740
Bits   Query         start end Target      start end   idels introns
121.87 LOC_Os02g32140   76  144 5:13361115..13360618    1  207    0    0
//
>5:13361115..13360618.pep
EPQGMPASARKYRGVRRRPWGKWAAEIRDPQKAARVWLGTFATAEDAARAYDAAALRFRG
SRAKLNFPE
//
#	6271
Bits   Query         start end Target      start end   idels introns
230.87 LOC_Os11g14390   22  410 5:22774774..22775990    1 1217    0    1
//
>5:22774774..22775990.pep
SEPPDIRNWFSSYEYESPEDSELVADPGDGNGSETQDPLEYRVPGHSLPKHSRQDGGTAL
SGDCSVAQSEHEVSAARDFLPISRSMVERGAKRKQSPRELLGASFLDDHDKATESETLTV
SNVHINAVEHLSNCNAVSERSHEGAVGYTELPAECDGISSAETQENPPGGQETKHIRLPV
NCGSTSLAADTEEGFLEDVTEQTEVPANSNCNVLDDTEKTGIKHRIPPVKSNGIVSVVTK
ESSPVDGINCGKPTLVHQKAEETASGNGFITIRKKVELAERCRAAKIPKSSKENEAATLQ
ENHCHILGQNVSARDRTRNPLSDRTNVSEVAGAPALEPSGRWKCPRRGKPYVGPPLKQLR
LEQWVRRMN
//
#	11429
Bits   Query         start end Target      start end   idels introns
157.98 LOC_Os04g56780   29  127 5:26559603..26559298   10  306    0    0
//
>5:26559603..26559298.pep
CRASGTRWTPTAEQVRILRELYYGLGIRSPNAEQIQRIAGRLRQYGRIEGKNVFYWFQNH
KARERHKKRLTTIDVSPNNNDSNNNCSNNASILSLSPSS
//
#	14700
Bits   Query         start end Target      start end   idels introns
226.34 LOC_Os02g47160  254  470 4:17818125..17818739    1  615    0    0
//
>4:17818125..17818739.pep
VSTISIAQILRASGYSSAESAALRALSDIAGRYITSLGRTASAIAEAQGWTESNLLDLTL
ALEEHKLAGFSGASDPTRPVLCSGVLSELAGFVRMVRLVPFAKLLPRMGEQVLHTKRWES
FASAGKEPPLGHVPRWLPCFPEQEADSEGIKGKWELRRLVEVQGEQMVKVTDDGKEGRGV
VPGKRGKVKFLIGDKKQRWVGFDKH
//
#	7284
Bits   Query         start end Target      start end   idels introns
57.79 LOC_Os08g03690   29  121 1:2992079..2992366    1  282    0    0
//
>1:2992079..2992366.pep
VVAAAIMLMAAAVGTAAAEVSCGDSVRALIPCGSFLVGADAAAAPSESCCRGALALRGMA
STTAARRELCKCLMQSGPSFGVLPDRARQLPARC
//
#	11836
Bits   Query         start end Target      start end   idels introns
403.01 LOC_Os01g07940   23  460 3:8659321..8660586   10 1255    5    0
//
>3:8659321..8660586.pep
RRRWISSSRSNHAXAARSADEITGSAASVLVRRHTGGDGRWEAIRAADARESPLSLGHFR
LLKRLGYGDIGSVYLVELRGTTGGAGALFAMKVMDKGSLVSRNKLSRAQTEREILGLLDH
PFLPTLYSHFETDKFLCLLMEFCSGGNLHSLRQKQPGKRFTEHAARFYASEVLLALEYLH
MLGVVYRDLKPENVLVREEGHIMLSDFDLSLRCSVSPALVRSPSGRVGTGGXARLQAPAD
PPLVXPRRRRSRRRAXRSSEAAGAGARRRRRQEEAAVRVAGVXMAEPTGARSMSFVGTHE
YLAPEIIRGEGHGSAVDWWTFGVFLYELLHGATPFKGSGNRATLFNVVGQPLRFPDHDHA
PGVSAAARDLIRGLLAKEPQNRLAYRRGAAEVKQHPFFDGVNWALVRSAAPPYIP
//
#	232
Bits   Query         start end Target      start end   idels introns
178.77 LOC_Os12g02350   24  159 4:31085450..31084941   76  504    0    0
//
>4:31085450..31084941.pep
SNSSGGGNGGSFDANMVIILAALLCVLIFALGLNSLVRCCLHCARRLSSSSSAPSSSSSP
APASAGLKRKALRRIPVEVYGASNGVTAEGRAAAAECAICLGEFAGGEKVRVLPRCRHGF
HVRCIDAWLAAHSSCPNCRASLL
//
#	947
Bits   Query         start end Target      start end   idels introns
236.33 LOC_Os10g26340   76  555 1:55683003..55681560    1 1443    0    0
//
>1:55683003..55681560.pep
GPRGWPVIGSLPLLAGPLPPHRALASLAARHGPLMHLRLGSFPTIVASTADAARLVLKTH
DLSFADRPRTAAGQHAAYGYRGIVHTPYGAYWRMARRLCATELFSPRRVASFEPVRAQEL
RALARVLYELGLGAGHGDGGVPVAVREHVAGLTMRNALRMAVGEKWSACYGSAEGVEFRR
ALDEAFAVTGAVNSVGEWIPWLGRLDLQGHVRSMKRLSERFDRFLEKILDDHEQEHDRRP
REAAPRDLVDVLLRLADEEEEGLTREGVKAFVQDIIAGGTESSAVTVEWAIAELLRRPES
MAAATEELDRLVGRARWVAESDLPELPYLDAVVKETMRLHPVGPLLVPHMARERTVVAGG
YEVPAGARVLVNAWAVGRDPASWPDRPDEFRPERFRLLDVDVDVRGQHFQLLPFGAGRRM
CPAVGLAMKVVAGGLATLLQGFAWRLPDGVAPGDLSMEEFVGLSTRRKVPLVAVPVPRLP
A
//
#	13461
Bits   Query         start end Target      start end   idels introns
329.79 LOC_Os12g01916  114  424 4:48029089..48030222    1 1116    0    1
//
Making a S in phase 1 intron
>4:48029089..48030222.pep
QETGLCKNLLQEYAQKMNYAIPSYISHRQASGVAPFISTVEIGGIQYIGAAARTKKEAEI
KAARTALLAIQGSQSDGSANGASKYIVVPGKRKETEKKPIETPKPLKVKKGGFKKQRNKR
KFNKKNGKAANVEKDENRVPGDACDSDVPMQPAIATQDPSGDTVMLQPDQEARNVEHELP
SDAAMLQPDKDAGRGDHEPPSDTAMAQDNEESGIKQEPPSDTVMPQPDTEVRGVGSPTDT
SMVQPNEEARRVKQEPLIETAVSLPNKEASTVKHASLNDSATVQPNAEATNVKEEPLSNP
AMMEHNEGATTVNQ
//
#	12645
Bits   Query         start end Target      start end   idels introns
229.69 LOC_Os05g28350   30  269 2:28249834..28249132   49  703    1    0
//
>2:28249834..28249132.pep
GGKQQRRAEGXGGPENSKFRYRGVRQRSWGKWVAEIREPRKRSRKWLGTFSTAEEAARAY
DRAALQLYGPRAQLNLTSPPPLAGPGAHSHPSASASSSTSSSSAPPTLRPLLPRPQPQYS
HHQHYYRFLPLHGLPTTSAPPPLYYASTVTASTVAHQATLTPAVASSSTAGDAQDGAAPA
EAAQAEATGWEYMAREEDDYEAALLWNEPDTLLDIFLK
//
#	9774
Bits   Query         start end Target      start end   idels introns
163.01 LOC_Os06g51470   42  152 1:24759260..24758889   10  369    0    0
//
>1:24759260..24758889.pep
ALPETAGASVLVAGLVAGGVLLLRGGNSKQQQQQAKEEAEEEEATQIAEEACSACGGSGL
CPRCKGEGFVFKEVAEETASRARKAAKNMATRYTAGLPTKWTYCNRCSSTRSCTKCQGTG
//
#	12072
Bits   Query         start end Target      start end   idels introns
127.46 LOC_Os10g02625   45  104 3:20453536..20453348   10  189    0    0
//
>3:20453536..20453348.pep
ECPSKCEFRCSTTSHKKPCLFFCNYCCQKCLCVPSGTVGNKEECPCYNNMKTQEGKPKCP
//
#	13723
Bits   Query         start end Target      start end   idels introns
173.69 LOC_Os03g30420   52  484 2:9957581..9959034   31 1439    3    1
//
>2:9957581..9959034.pep
RCLRXPRGYPVVGALPLLGRAPHRALATMAKLHGPIMHLTLGRQGVVVASTPAAARLFLK
EHGASFLDRPTGDAAPTLLAYGAQDLVFAPYGPRWRRLRRXAASASWAPRRSSTGPXRRE
EVGHMVRAVLARRGEAVEVPEFLFCAMANMIGQAAVGRRVLDDAGGEATREFKEMVVELM
TSAGLVNIGDFVPAVAWMDLQGLVRKMRRLWTRLDRVWARLLSEHEEVMAARQQEGARRL
DLVDRLIACRREAGEEYGVTDLNIKALLNNVFTAGTDTSSSTIEWALAEMLLNPAIMRRA
QAEMDALIGRDRLLRDSDTPNLPYLHAICKETFRKHPSTPLNLPRVSTEACNVQGYHIPK
GTRLIVNIWGIGRDPAAWPDPTRFDPERFMTEQGKKVEPMGSHFELIPFGAGRRMCAGAR
MGVTLVHHMLGALVHAFDW
//
#	7462
Bits   Query         start end Target      start end   idels introns
798.23 LOC_Os09g37930    2 1229 4:42457972..42449149    2 8824    6   18
//
Making a G in phase 1 intron
Making a A in phase 1 intron
Making a V in phase 1 intron
Making a S in phase 2 intron
Making a S in phase 2 intron
Making a D in phase 1 intron
Making a S in phase 2 intron
Making a G in phase 1 intron
>4:42457972..42449149.pep
XMQTIKRLPKSVHSSLRSSIVLSDLLRVVEELIYNSIDANAKKIDISLNVRSCYVKVEDD
GCGITRDELVLLGEKYATSKFHDSMGDGESASRSFGLNGEALASLSDISVVEVRTKSRGR
PNSYCKIIKATLTRYTDLLLCNVHILYLSLYSISECLVATAQGSKCSHLGIDDQREAVGT
TVVVRELFYNQPVRRKQMQSSHKRELQNVKKCVLRVALIHPQISFRLLDIDSEDELLCTV
PSSSSLPLISNSFGNDVSSCLHEISTSDQNWALSGHISGPTDVFSNKDWQSILFIFEDTI
INYWKKHVPQXPKLCSCVVIAGKSNGSLLRHQNVQNKEDDVDLHKRSLQKSVVRESNVCM
DAATGPKDSHSFSFDMKPSSWHVCYPDQIIGASKHSDNVDSNDQIFGHTQARVPESISHQ
WLKGGSSQLEDCDLSCANPTVWKKRRVEGIFHGHEYSCNFVKSKDVQTIGLSADDQESEI
IGPEIDLQDPCFGVLSTPNRITCDFMQNETNIKANMSVFDGFYAEFCKLNEDCLLNDVTK
TIADVSCPEMSHSSDGFYHEDRSTSSVLKRCSARKKLGNAVGYVEDLEANTVAHINFPEI
QARWGSDDIDRSSIEDTYFHFSHPFSLADTPHSHSHARTDLELHGESNKSFAYWSSENID
SDFQSSLERYISDSRRTSEGPKHFNNFDEETQSLNYFNHDNCFVGQFVSEDCQVPWKSKF
DATLSYNISPEKSTSGCQLNVSSPQMAKDSALIEDQLCQQNFGFGWRSRLSKGSRSRSHS
APPFYRGKRKFPGLNEHLTKLTAEHDKAIPINDKEDATPAPEDISQMSATQPIPETSSSD
FSALNLSLKGNVKMCEETYSDGLENSTAQITKWRDDSDQHTVEHXIKNLRCSHSWTSQYG
LVTVHAFYAYRLSPCCFEEARVLFQLDKKFIPVISGEMLLLVDQVRXIGYLINEFLTVCI
YIVXNHAADERIRLEELRGKVLSDEDRGITYLDSEEDMALPETGFQLFQKYSEQIQKWGW
IINGSSSSSQSFKKYMKLHXKYSRALNIIYTTQVPCILGVDLTGKDLMDFIQQLDESDGS
STIPPAVLRILNFKACRGAIMFGDPLLPSECCLIIEELKATSLCFQCAHGRPTTVPIVNV
ASLRDELARLGTLNGRSQTEPWHGLSHHGPCLERAQTRLKQLRRLRRGGL
#	5989
Bits   Query         start end Target      start end   idels introns
52.07 LOC_Os03g05030  162  247 3:8625825..8625499   64  327    0    0
//
>3:8625825..8625499.pep
FGSVYVIDDPLTEGPNLTSSRLLGRAQGVYISAGKDSLSLLMAMSFVFVDGEYNGSSITI
VGPNQADRRVREMPVVGGTGAFRFARGY
//
#	13518
Bits   Query         start end Target      start end   idels introns
128.06 LOC_Os03g08150   23  210 4:5048584..5048036    1  546    0    0
//
>4:5048584..5048036.pep
DPDLLQDICVADLTSSGGLKLNGFPCKAAVSADDFYFKGLATAGDTNNTFGSAVTGANVE
KLPGLNTLGVSMARIDYAPGGGLNPPHTHPRATEVVFVLHGALDVGFVTAAGNRLFSKTL
VAGDVFVFPRGLVHFQKNNGDVPASVISAFNSQFPGTQSLAMALFGANPEVPNDVLTKAF
QV
//
#	4025
Bits   Query         start end Target      start end   idels introns
322.31 LOC_Os01g13320  300  621 2:7394814..7393106  695 1709    0    1
//
Making a A in phase 1 intron
>2:7394814..7393106.pep
MRVDVVVAQDGSGRYRTVGEAVARAPSHSRRRYVIYVKRGVYHENVDVTKKKTNLALVGE
GMGETVITGSRSFSSGWTTFRSATVAVSGAGFLARDLTIRNTAGPGARQAVALRVDSDRS
AFYRVALEGHQDTLYAHSLRQFYRDCRVSGTVDFVFGNAAAVIQRTLLATLPLAPGQTAG
TVTAQGRKDPNQSTGFALHNCVVQAQHPTYLGRPWRPFSRVVVMESYLGPGVRAQGWLEW
AGNAGLGTVFYGEYRNFGPGAGVAGRVRWPGYHVIFDPAWAGRFTVRRFIDGIAWLPSTG
VTFTADL
//
#	3633
Bits   Query         start end Target      start end   idels introns
495.31 LOC_Os08g01690    1  342 3:11788539..11787526    1 1014    0    0
//
>3:11788539..11787526.pep
MAFNPNPPGLGFPFPFNSPLNTNAPPNPFGPRPLPPRPQAPPPPRPPPVQPPPPPRRAPP
PPTQPPPPRRAPPPPTQPPPPRRAPPPPTQPPPPRRAPPPPQPPPPPRRAPPPPTQPPPP
PRRAPPPPSPPPPPRRAPPPPSPPIRPPPPHPLAPPPPPISPPPPPPSPPHHMVIIVVFV
SIGGLLLLACLAAFCWHKKKGRKTERKAEVLNFSDHVHVHKSTMSGPEDSKVVRLTVDED
VKFQEAVKKSEAVGEASSNAAAGLAPYHSTWFWHKKHESKEEQKAELINVTGHIHVDEKI
VEGPDGKKIEILSEDEDVRFEEADNEEVSGKSKTRITK
//
#	12080
Bits   Query         start end Target      start end   idels introns
85.70 LOC_Os07g26550    1   34 1:24162018..24162119    1  102    0    0
//
>1:24162018..24162119.pep
MGEMNWVNRKIHLYNVTMGLYMLDWWERCLFSIL
//
#	10075
Bits   Query         start end Target      start end   idels introns
225.85 LOC_Os01g61020  150  455 2:52823533..52822565    7  966    0    0
//
>2:52823533..52822565.pep
TGNLLLLGHNSKMPPAWQSFDRPTAVLLQGQRLHVPSPVALRLTRTSPASYQLEFYAERI
TAYLAFGDRRYTYWEVAPRNGNETMAFARMDESGLTMLDSSGRPVVRIPPAAEKSAGAGR
QAVRFFELGDDGNLGLYSFDQGPGKFRASYKALAFCELPLACGVRRVCASSGRCEDFSLY
GVDLPPPLACNTTSPPYDMVEGKGVTTVLKADSPLTNVSVQQCVDQCLQGCSCAAALHVR
DGDDAGIVDDTAGGGGIGVCYQYGMTGGAREVIGGSPRSSYWVKIAKPSTDYKKLEEQEE
EYGARIAMHNKLLIIFGVVD
//
#	6386
Bits   Query         start end Target      start end   idels introns
391.86 LOC_Os06g06740   31  324 1:47134787..47133313    7 1475    1    1
//
>1:47134787..47133313.pep
NRKLVKLVEQFGLRKWSQIAQMLPGRVGKQCRERWHNHLRPNIKKDTWSEEEDMILIQTH
KEVGNKWAEIAKRLPGRTENSIKNHWNATKRRQFARRRTRSSSKNPKSGTLLQSYIKSLG
IGCSKVIAPLDPKEPPLSPSSPPTPTENLVDVNDNLLESNSSNRIASQGIFSTDDIQTYS
CEEILVPMCDDFSDMCDGLFDAKEEAQYQVYNIDDDVDMDSIFKHIDYAIKIDHGIDMDM
TWDDNALINIESESSPLVTPIGPAEIKTXKEEMDLVELVAHTQTC
//
#	3515
Bits   Query         start end Target      start end   idels introns
47.61 LOC_Os03g39860   88  124 1:61551663..61551782    4  114    0    0
//
>1:61551663..61551782.pep
AHFKDDLGLDSLDAVEVVMALEEEFGFEIPDNEADKI
//
#	252
Bits   Query         start end Target      start end   idels introns
247.08 LOC_Os05g25390  350  636 3:752544..751696    1  849    0    0
//
>3:752544..751696.pep
FTREELENATNNFDSSRELGRGGHGTVYKGILKDSREVAIKRSKIMNVAEKDEFVQEMII
LSQINHRNVVKLLGCCLEVEVPMLVYECIPNGSLFELMHGGYRKPHISLDARLRIAQESA
EALAYLHSSASPPIIHGDVKSPNILLGENYTAKVTDFGASRMVATDEIQFMTLLQGTIGY
LDPEYIQERQLTDKSDVYSFGVVLLELITRKFAIYSDGAGETKNLASSFLLAMKENSLQS
ILDQNILEFETELLQEVAQLAKCCLSMRGEERPLMTEVAEKLK
//
#	12476
Bits   Query         start end Target      start end   idels introns
71.92 LOC_Os10g30719  177  241 3:28700853..28701342   10  326    0    1
//
>3:28700853..28701342.pep
RKNNDHLTTEEVIKQVEGVSKYGVGRWTELKKQKFSPSVRTAVHLKDKWRNLLKACEVRF
TSTNK
//
#	16201
Bits   Query         start end Target      start end   idels introns
310.71 LOC_Os08g40030    1  167 3:42312204..42311684    1  519    0    0
//
>3:42312204..42311684.pep
MGAEALWDMLSEDMAAAAAAAAEHGLPPGFRFHPTDEELITFYLAPKAFNSSNDNDSNFS
AVDFIAEVDLNRCEPWALPESARMGGEREWYFFSLRDRKYPTGLRTNRATGAGYWKATGK
DREVVCAATGALIGMKKTLVFYEGRAPRGHKSKWVLHEYRLDGDFAADRRSCK
//
#	589
Bits   Query         start end Target      start end   idels introns
1450.56 LOC_Os01g06550    1  909 2:19023..23949    1 4927    0   12
//
Making a R in phase 2 intron
Making a R in phase 2 intron
Making a R in phase 2 intron
>2:19023..23949.pep
MPSSYAAVASSSRKPVPVATATATARRPAAPLPAPAPSPSNPRHVSDSDPSCCSSSSGDE
TDLAASDPATASVISTYLSVAGDGADLAKVRLFLSSAARRRSPPCLICLDPIRPSDPVWS
CSASCFALLHLPCIQSWAHQSASAAPSPTWGCPKCRVAYPKSQTPTSYHCFCSKTVDPPA
DPWILPHSCGEVCDRPLNSNADSGCQHTCLLRCHPGPCPPCPTVVPNARCFCGAHREPRR
CARQRYSCGSKCNKSLSCGLHRCPVDCHDGPCPPCAVRGNHKCECGETTVERLCSERVFQ
CKRECGGMLDCGKHRCERGCHGGKCGECPLRGRRTCPCGKTDYPRLECDMEAATCGSTCE
KVLGCGRHKCPERCHRGQCDKICRLVIKKSCRCGGLKKELPCHQDLTCERKCQRLRDCGR
HACKRRCCVGDCPPCAEICDRRLRCGNHKCQSPCHRGACSPCPLMKTISCFCGKTYFEVP
CGTEKNQKPPKCSKKCNVDRLCRHKFDCRPHKCHYGACPPCKMICAEELSCGHKCKERCH
GSIPPPNPEYTLKPMKKKMEKHIECTPGTPCPPCQEVVLVPCLGQHIGQERAIPCSKRRQ
FPCQNLCGNPLPCGNHYCTKACHVLEIPLGQPKADIILSLHRKNTLAEPCEDCDLPCQRV
RNSPCTHPCPLPCHENDCPPCKVLVKRSCHCGAMTHSFECVHYNNLNAKEQLKVRSCGGP
CHRKLPNCPHLCSEICHPDQCPSVDQCMKKVNVRCACNTLKKEWVCQDVLKEYRRSGRDP
KEVPKGQFGGGLLLCGEDCVKKVKVSSTELHLRKVQEVKNPAMEVANVPKRKKKRERGGQ
EPAPYSMLQKIKDFLSGPLLKLLLLVIAIAGLVGLVVVTVKFIYQISDWMNEMEEQRTRQ
RNLRAPRL
//
#	6630
Bits   Query         start end Target      start end   idels introns
92.30 LOC_Os06g42130  178  316 2:3459235..3458819    4  417    0    0
//
>2:3459235..3458819.pep
MRLLADKLLGLFLRALGLTADEALAVEATHRIAETMTATTHLNWYPRCPDPKRALGLIPH
TDSGYFTFVLQSQVPGLQLFRRGPDRWVAVPAVPGAFVVNVGDLFSILTNGRFHSVFHRA
VVNKESHRVSLGYFLGPP
//
#	511
Bits   Query         start end Target      start end   idels introns
237.71 LOC_Os03g45340    1  292 1:10057103..10058129    1 1027    5    1
//
Making a R in phase 1 intron
>1:10057103..10058129.pep
MDTRGISRTFEDYAPIVEWSHAADASTVKIXRFKREEIRVLVDNHGHLRTRGERPLEGSK
WSRFQKDFQLPSDCNVDGIRAKFENEALTITLPKKNPSPAAIPMPMPIPAKPEPVRPAPA
SAAPLPPRRPPPALPEXRPSPSAGRRCPGXSAQEPAWPAPAPAPEVMESXRSRTSTTEEP
LQXATAELQKKQQAEAVAAEEEEMKRREREARGKMEEDNRKMMEERKLANEEEEERRRMM
GEMEMAQQRRRPATATAASRGLLVNVAVAVVVLVGITVYVWHNLTSAAGGGGHGNGSYGD
EM
//
#	7701
Bits   Query         start end Target      start end   idels introns
180.43 LOC_Os03g62379   22  218 3:9387432..9388285    1  854    1    3
//
Making a D in phase 1 intron
>3:9387432..9388285.pep
SRSQFGDLDDFDPFGENCHYGRTESYMLENATKLNYHSYMNKQTRAKWSKSDTDLFYQGL
QQYGSDFAMIQQLFPDKTRDQVRQKFKTEENKHPMQVHDAVLYRSRDNLYLKQVIKQLNI
EDLPRDIDTTHKQECASNEGNPGNENVLDGFMNEEENGSNWSDTEQGTHGLEIKEGESVS
ANVEDAXDVFDWY
//
#	6489
Bits   Query         start end Target      start end   idels introns
341.04 LOC_Os03g36650    1  249 1:12243342..12244076    1  735    0    0
//
>1:12243342..12244076.pep
MMILQVTLLLLLRAATGSQLDALAASCSGSRTFAADSSFASNLQSLMSLLETKAPAIGFD
IGTAGGRGDQRVHGLAICRGDIPRASCAECIRSATGQAQRLCPSKKEAVLWLDGCMLRYS
GEPFFGEVDADHVTFVPEAAGNSVIQSAATTSADLDREVAAMMKRLTRTAYLSPLLFAAE
AGGGSKQHRLHGLAQCTKDLSGGDCKLCLEAAIGRLAARGCAKEGGQVFGGSCSLRYEVY
PVFDS
//
#	10966
Bits   Query         start end Target      start end   idels introns
45.87 LOC_Os09g02790  100  148 3:4465284..4464899    1  144    0    0
//
>3:4465284..4464899.pep
CLDCCTSICPHCVAAHRVHRLLQVRRYVYHDVVRLEDLEKLIDCSGVQ
//
#	4077
Bits   Query         start end Target      start end   idels introns
425.46 LOC_Os06g23650   22  373 1:38277381..38279232   10 1852    0    1
//
>1:38277381..38279232.pep
ELPPGFRFHPTDEELISYYLARKVADVNFSGARAIAEIDLNKCEPWELPDKAKMGEKEWY
FYSLRDRKYPTGLRTNRATGAGYWKATGKDREIRSARTGALVGMKKTLVFYRGRAPKGAK
TQWVMHEFRLDGNCAYHFFSNNNATRDEWVIAKIFVKPGALPAARNKLARFGLQGSTGGA
DTSCFSDSTTSVSIGCGGGGGDTTTNTSSLFAAAADGESSSCGGGNNNNCGRELVPCFST
GAHMDATLLGIGQYDPAPLAMEQPPALYQLSAARSVQDNLLFLSGGGLQSGLVSPLGVGG
GAFQYWPTSSGYDMKPPQMAVGPGQLDGSFGWGF
//
#	11821
Bits   Query         start end Target      start end   idels introns
68.96 LOC_Os06g09340  219  524 4:3796996..3795749   74 1078    0    1
//
Making a K in phase 2 intron
>4:3796996..3795749.pep
SGSAGGGGGAGSFDDFITKNVQHYAVTEQLYASKAKANGGKLLDADLSAAEAAKVRYVVS
PNGKGKFRTISEAIKAIPEKNKQRVILDIQPGTYKEKFLIPTTKPFVTFLGNPRNPPVIT
WDDTAGTRGKDGAPIGTLGSATVAIESDYFMASGIVFKNHAPLAPPGAKGGQAVALRVFG
TKAAFYNCTFDGGQDTLYDNKGLHYFKNCVVKGSVDFIFGFGRSLYVDCTMVSVTSQVAV
LTAQQRSRSIAEATESGFSFVRCKIMGMGQIYLGRAWGDSSRVVYSFTDMGKEVIPVGWD
GWNVEKPER
//
#	13688
Bits   Query         start end Target      start end   idels introns
1084.46 LOC_Os11g34120    1  887 4:17689453..17702621    1 13169    0   17
//
Making a R in phase 2 intron
Making a L in phase 2 intron
Making a R in phase 2 intron
Making a G in phase 1 intron
Making a A in phase 1 intron
Making a C in phase 1 intron
>4:17689453..17702621.pep
MDGAEARDLQAQLAAAVQALNHGAHPSARLAANQWLLALQGSPQAWALAASLLASPDPSL
PADLLFFAAQMLRRKIQSPSAPLPDPAAQLLDALLLAARRFCLGPPRLLTQICLALAALA
LRAEGGVDGLFARMQHLPDPALLELLTVLPEEVAQDQSGDTGVNAAARCRFTRELLAHAP
AVLKFLLAQSEKPDGADGVSLHERSRRVLRCLLSWVRVGCFSGMPGAELAAHPLLTFAFN
SLQVSSSFDVAIEVMTELVSQYQDLPQAFLSKILHIREVLLLPALANRSEKVIAGLTSLM
CEVGLAAPALVAEGSNQAIALSDALLRCSLAHFLLGIDVQAAKRNATRELFLPVFSSLLD
ALLFRAQITDTDGVSTIPDGLAQFRLNLEELLVDICLLLGAPAYINKLLSGGGWGLSTQS
IPWKEVEVRMYALSMVYKSFGDVIGSYSKCLSSAKSNIKPLLLFCASGIAKSVSANACSL
ALRKLCEDASSFIHDPQNLEILFWISEGMDEGNLRIEDEEEIISAITHALCSVLDKELRK
SSLSRLLCSSYSAVKKINDVDRDQSLRQGPGAYTQALNLAVRGLHRMGALFSHLAASVAS
GLIDDDTISVLLGIFWPLLEKLSKSSHMENTSLSAAACRSLSSAIHSCGQHFQILLPNIL
ECLSTNFLLYQRHDCFLKTAANVIEEFGHKEEYSVVCVRTFETFSSAASLSNLNSSYTCD
QEPDLVEAYVNFTSAFIRCCPKEVIFASGSLLELSFQKAAICSTAMHRGAALAAMSYLSC
FLDVSLTAVLESPECLSDGSRDVVLVQILARCGEGLMSNVLYALLGVSALSRVHKSATVL
QQLGALCSLCERTTWKAILCWDSLCRWLQSTV
//
#	3972
Bits   Query         start end Target      start end   idels introns
988.93 LOC_Os03g64370    6  640 1:416038..414162    1 1877    1    0
//
>1:416038..414162.pep
RRAASSWAAAVAEHARSGRHAAALTVFRRVLAAHPDAAVADVIAYSALLRCRDAGLAHQI
HAQACRRGFASSNPILSCSLLVFYSSDLPAATKLFDEMAHRDAFSYTAMMSALLRAGDWA
QALALYTRMLAAAVPPTHHTFATLLALCASRRLCRHGRQLHAQFLRWQVDLNLVLKTALV
HMYSRCGFMDHAHTVLCSTPETDVVLWTAMISGYSQAGDLQTALQMFRYMEHAAMLPNAF
TFAGVITACSSSVQPLAIQTGRQLHARVFKFALEHDISVCNALVDFYSKSSTCLLDLLHT
FNAVDRPNVVSWTAFIAGLARHGRDEDAFAAFAEMRAGGVQPNSFTISTLLKGCSSSQSF
LHATKIHAYVLKTSSESLNVAVGNSLVNLYSRFARMDDAWAVATTMAFVRDSFTYTSLAK
GLNQIGLPNKALGMIIHMFHEKVHIDGFSLACFLSAAATLASVEPGKQLHCCSVKLGLNS
QLSVSNSLINMYSQCKCLEDATCVFQSIKEPSVVSWNALISGLASNGCYYEALSAFEDMA
LVGVQPDGVTFSIVLYACSHGGFIDIGISHFSSMKTLFGISPQRSHYTLFLDMLGRAGRL
AEAACTIDTMPVQPDLXDVQESVSIL
//
#	13870
Bits   Query         start end Target      start end   idels introns
137.41 LOC_Os03g45750   24  141 2:38304204..38303749    1  456    1    1
//
>2:38304204..38303749.pep
VGIAAAAASNGNGGAXSPCAACKILRRRCVDRCILAPYFPPTDPHKFAAAHRVFGASNII
KLLQDLPEEHRADAVSSMVYEAAARARDPVYGAAGAICQLQRQLDGLKAQLARAHADL
//
#	8445
Bits   Query         start end Target      start end   idels introns
374.87 LOC_Os02g46450   70  278 2:38471037..38470425    1  613    1    0
//
>2:38471037..38470425.pep
SPIRPDIVRCEMYFPDRHLIQVDCGKLQELAILLRRLMSEGHRALIFTQMCLVGYINLYG
YTYLPLDGSTQPEERQTLMQMFITNPKFFXFILTTRSGGVGVNLVGADTVIFYESDWNPE
MDQQAQDRCHRIGQTREVNIYRLISESTXEENILKKANQKRALDDLVIQRGSYNTKFFKK
LDRMEFFSGHAPLNVEDQQKDRSM
//
#	14169
Bits   Query         start end Target      start end   idels introns
78.76 LOC_Os02g09460   46  123 3:4665182..4664570    1  613    0    3
//
Making a G in phase 1 intron
Making a T in phase 2 intron
>3:4665182..4664570.pep
VQHTSASLTINENYDSDVQADTETFLNRIVPEGRSAPWKHTLEGPDDMPAHIKSSMFGCA
LTIPITDGRLNMGTWQVI
//
#	15873
Bits   Query         start end Target      start end   idels introns
86.43 LOC_Os05g08414   27   78 2:34228268..34227995   16  274    0    1
//
Making a I in phase 1 intron
>2:34228268..34227995.pep
QQRKPPLLMLLPLIYAPVLPLIRIGLRHNPVWRDRLFYGVLAGAFAHGTYLM
//
#	3379
Bits   Query         start end Target      start end   idels introns
352.86 LOC_Os01g47710   60  416 2:46488880..46487819    1 1053    0    0
//
>2:46488880..46487819.pep
EERNTDPKPRWNPRPEQIRILEALFNSGMANPPRDEIPRIRMKLQEYGPVGDANVFYWFQ
NRKSRSKNKLLRAAGSGAASRAGAAPARACAPAARQHAAASPYTTPQPKQQQLQAPHVSP
TMMAPTSSSSSSSDRSSGSSKPVKPTTAAMDLLSPLAAACHQQMHYQPLGLGLQPATVSA
PAATAALEEFVPTATDVEPIFLQYPQGHCLSAGELAAILGAQYMHAPVQQPAPAPASPAG
MLLGLCNELAAGPTRSGAWIGAGGLGQHWPSGADQLGLGKSSETFNASAVATDVAHEDAT
KLGLLHYGFGLSSPPAVNAATTSAPTAVLPLPASSPETGAVTVASAAAAAA
//
#	14348
Bits   Query         start end Target      start end   idels introns
101.85 LOC_Os08g31970   87  201 3:7087737..7088161    1  416    1    0
//
>3:7087737..7088161.pep
ARLVAGSFQGHAGHIDGKPIDARFKRPTGVAVDDTGNVYIADTANLAIRKIGDSGXISNI
MSSCISFVLTFCGWNFCAGVTTIAGGKSNIPGYRDGPSEDAKFSTDFDVVYVKKMCSLLV
IDRGNAALRKIALPQEDC
//
#	12882
Bits   Query         start end Target      start end   idels introns
190.20 LOC_Os11g04940   55  332 4:23334731..23335681    7  804    0    0
//
>4:23334731..23335681.pep
WREIQGERDWAGLVEPTLHPLLRAEIVRYGELVGATYKAFDLDAGSKRYLNCRYGKARML
QEVGMASAGYHVTKYIYAAPENCPSRWVGYVAVASDDAVRQLGRRDIVVSFRGTVTGSEW
VANMMSSLAPARFDPADPRPDVKVESGFLSVYTSDDATGRFTCGSCRNQILSEVTRLMKR
YEHEEVSITLAGHSMGSSLALLLGYDLAELGLNRRGARADRVPITVYSFAGPRVGNAGFK
DRCEELGVKVLRVVNVNDPITKLPGI
//
#	12514
Bits   Query         start end Target      start end   idels introns
53.01 LOC_Os07g41930    8  166 4:2083594..2084070    1  471    0    0
//
>4:2083594..2084070.pep
HFSHPQHRLRLEHLDTPFRCDGCREVGIGARFRCAADDVDLHRQCALPLHPPPPPLRHPF
YPRCAFHFMARAPGAPGSRYCNACGRDVAGFVYHCRDCGFDLHPCCATLPHVLDAGGGGV
RLYLHPKAAAACHRCGQRGRSWTYRSGCRSYSLHVAC
//
#	4485
Bits   Query         start end Target      start end   idels introns
314.48 LOC_Os07g49290  167  715 1:13420203..13422568   10 2357    4    5
//
Making a R in phase 1 intron
Making a Y in phase 1 intron
Making a E in phase 2 intron
Making a R in phase 2 intron
>1:13420203..13422568.pep
ELRRKAKEQLLSCGWSLWTAIKYNGRAELRYRAPHGASSASLIVACKKHHXHHXPAAPPA
SSSSRRECLPSAPATLPSRRRRKRRRHLRLWLRQXRVLRPRLKDGGDKKKTEAVASCQPS
RGRTILAVLMDKTILKPTDKLITCRRTRDGPPLKSGVMAGDGIMCTCGCRRAFSVADFNV
HAIRNSRSSSNRTSPPSARLFLKDGRSLLECLVQLMRMTRRSDGAEGPPVVRVKKQMKWS
SELQVEDGDWVCSVCADXGEMLLCDCCPSAFHHACIGLDATPPGEWFCPPCRCTICDSGH
FDNNHDHGFTDKTVILCDQCELEYHVGCVKNRGGDHQLECCPEVPWLCSQECSEISQHLQ
GLVGKSIPTSEEGLSFTVLRSPKHPEEEDDAMAAEEHGKLCMAFDVLHECFVTLVEPHTQ
SDLSQDIVFNRESWLRRLYFRGFYIIGLEKGGELITVGTLRVYGKKVAELPLVGTRFTHR
RQGMCHLLMNQLEMLLGEWGVERLVLPAVPELLQTWTGSFGFQVMTQSQKLDIAQHTIMC
FQGTTMCHK
//
#	5272
Bits   Query         start end Target      start end   idels introns
98.66 LOC_Os06g06520  182  354 3:3291759..3290567  702 1190    0    0
//
>3:3291759..3290567.pep
ETTYKYLPDVVARIGAAVQELINLGATTILVPGNFPIGCVPAYLARKPSGNPGDDYDEHG
CLKWYNDFSQRHNAALRQEVSRLRWKNPGARLIYADYYGAAMEFVKNPRRYGIGDPLVAC
CGGEGRYHTEKECGSAAKVWGNPAGFASWDGMHMTEKAYSVIA
//
#	15161
Bits   Query         start end Target      start end   idels introns
72.50 LOC_Os02g25830   19  272 5:22279444..22278617   19  828    2    0
//
>5:22279444..22278617.pep
DVEVIEKEHMFDKVVTPSDVGKLNRLVIPKQHAEKYFPLDSAANEKGLLLSFEDRTGKLW
RFRYSYWNSSQSYVMTKGWSRFVKEKRLDAGDTVSFCRGAAEATRDRLFIDWKRRAELIR
DPHRGLARLPMPMPTSSXRALGRRGRRLLHAARASGYPLRXHHRLRQGYDFRNINAPAPA
RQVLFFGSAAGAMPPHAPMLPPPQPQQQPPLHIAVPVQPSPVVTVGLPMVLDSVPLAGSP
TTAAKRVRLFGVNLDNPHSHGGGESSNDAN
//
#	14177
Bits   Query         start end Target      start end   idels introns
143.87 LOC_Os08g01260    6  160 3:11653705..11654290    1  570    0    0
//
>3:11653705..11654290.pep
SSSSSSWKSGGREMQGPRPAPLRVHKESHRIRKPPPPQPQRQPVIIYTVSPKVIHADPSD
FMSVVQRLTGPSGASSSSSQPPTPPSSSMPFPFYGAMPPPPAQAQQLPFPFHLQAAAAAA
AMAPPPQTQLSAAARFAAFEQATTSAARSAGAGVHRGDLPPLPSILSPVPGSLPPTVMPQ
PPGLIFSPTS
//
#	12350
Bits   Query         start end Target      start end   idels introns
196.72 LOC_Os07g33230    1  181 1:21340201..21339396    4  806    1    2
//
Making a G in phase 1 intron
>1:21340201..21339396.pep
EAVRATGRGKSKKATSAAGLKVTYGYHLVEGKMPHGMEDRHVAEFRRLEDGNEDGADDDR
PGRGGSTAVTVILLNGETMVVANVGDSRAVVCEAGRARQLSVDHEPLRERRAIESRGGCV
TEIHGDVPRVDAQLAMARAFGDRKLKEHISSDPDVAIEDVGXRRRARRDRQRRALE
//
#	12516
Bits   Query         start end Target      start end   idels introns
355.92 LOC_Os05g20030    1  263 1:48134515..48135297    1  783    0    0
//
>1:48134515..48135297.pep
MKKNTSASNYLCLAPIFSSCIPSGKQQSGDDAAKNRLSFSFTDNRAGRKDPWQPEEHLSD
SIIDPAASIITKKDGRPCTIIVGTIFGSRSGRVTFCVQRDASVPPPFLFELSVPMQSLAA
EMASGLLRIALECHRSSGRSGAAGDKATGGRSRNVWKASCNGQDVGHAIRRPPTDWERGV
LESMRTMTAGVGALPPVEAPEQINEGGQQDCGGAEVLYMRATYQRIVGSKDAVSYHLISP
GTAGGSPPQELSLFLLRTRGN
//
#	7849
Bits   Query         start end Target      start end   idels introns
70.55 LOC_Os03g11550  331  396 1:68443976..68444173   10  198    0    0
//
>1:68443976..68444173.pep
EMPGVSTTGLPWNVEGFLYNYMTGPVVIVCVCHGSFMSPEEFMKHAGAVNVQNPTQHIVM
KNI
//
#	14058
Bits   Query         start end Target      start end   idels introns
123.45 LOC_Os10g21460   13  103 5:584089..585579    1  534    0    1
//
>5:584089..585579.pep
GDEELSVLPRHTKVVVTGNNRTKSVLVGLQGVVKKAVGLGGWHWLVLKNGVEVKLQRNAL
SVLEAPTGNEDDDEIEGNNSFCSSFDMGDKD
//
#	13565
Bits   Query         start end Target      start end   idels introns
232.18 LOC_Os01g42500  145  309 3:37238267..37237521   15  747    1    1
//
Making a G in phase 1 intron
>3:37238267..37237521.pep
IAIISAIAYFLDRDGSFRNSFSDGWDRILSKHPIPFYYCIGVVVFFVLLGFFGLIVHCSS
FNDNQDPCLAGCRNCCYGWGILDCLPASLEACFALVVVFIVVFAILGIAYGFLAATMAVQ
RIWQRHYHILTKRELTKARPPSNHCSSVEWLXIILPNLAYLYLFLHMQEYVVEDLHGSYT
APKLEPEHEERLKMLKLL
//
#	13572
Bits   Query         start end Target      start end   idels introns
236.69 LOC_Os07g37820    1  177 1:19803544..19807729    1 4186    0    1
//
>1:19803544..19807729.pep
MAPTAWPGAAAGSAAGAAAATHDEMRWRQLDSGVSAVSFGFVATAIFVSMFLAMGILEHF
LRAPARARRMGMEPMYAPSPPRGGILLRLRFLLLRRPGATGGEAGFSGADLEVARKLDGR
ASPEMPVYAKGVSVLMPGHDVPTFIAYPAPAPCPPERIRWPSHQPTPFTGSSSGPT
//
#	10593
Bits   Query         start end Target      start end   idels introns
83.56 LOC_Os02g54190  506  581 3:30486118..30485891    1  228    0    0
//
>3:30486118..30485891.pep
VTPKGWLEWNGNPNVNRLFYGEYENIGPWSDTTSRVNWGGVHLITQGEDAEQFTMRCFIK
GDECLPATGVDYKSGL
//
#	6230
Bits   Query         start end Target      start end   idels introns
197.96 LOC_Os07g41630   27  196 1:45153075..45153619   36  545    0    0
//
>1:45153075..45153619.pep
HGSTAVQALLSSPDHTPQQHRLPIPSQGGIQAAAAASKRQPTQEPGTGEEITVNAGGRTC
ELPTWALIGGITAGVALALALSVDAGPAMALGPEGPLVEEFWDNMRRYGLYALTVSTGFA
WALVQPIVELLRNPITAVLIIFVIAGGGVLVSQVINAMAGNSDFIYMYEQ
//
#	11381
Bits   Query         start end Target      start end   idels introns
255.86 LOC_Os02g02830   22  148 3:1161705..1162094    7  390    0    0
//
>3:1161705..1162094.pep
STGPVSPEDMYQWQATIMGPAESPYAGGVFVASIQFPADYPFKPPKVAFRTKVFHPNINS
SGSICLDILKDQWSPALTIAKVLLSVCSLLTDPNPDDPLVPEIAHMCKADRARYEQTART
WTHKYAMG
//
#	201
Bits   Query         start end Target      start end   idels introns
636.59 LOC_Os10g38960    8  631 1:34513181..34515061    1 1881    2    0
//
>1:34513181..34515061.pep
AMSLLAPVLLLLLACNFAAAQEFTYSGFGGGGGGGNPNLTLNGVTELRPDGILRLTNDTS
RLMGHAFYPSPLRLLTPSVSGSGNRTNGYTASSFSTAFAFAIVPEYPRLGGHGFAFVAAA
DRCLPGALPSQYLGLLSAADLGNATNHVFAVEFDTVKDFEFGDIDDNHVAVDLNSLVSNA
SAPAAPINLKSGDTVLAWVDYDGDAKLLNVSIATTSDGGKKPSAPLISFRVDLAGIFREQ
MYVGFSASTGLLASSHYLMGWSFKLGAAGAAPPLDVSSLPRLPRXPAPLTTAGTXTTVVL
ASVFSAFVALVALAAAGAYAAYRFKNRDVIEPWELDYGPHRFKYPELKRATRGFRDRELL
GSGGFGKVYRGVLQGNNNAGNVVAVKRVSHESRQGLREFVAEIASIGRLRHRNLVQLQGW
CRRRGDLLLVYDFMPNGSLDMHLFGDGLRAARLTWALRYKILRNVASALLYLHEEWEHVV
LHRDVKASNVLLDGDMAGRLGDFGLAKLYEHGANPGTTRVVGTLGYLAPELTRTGKATTA
ADVFAFGALVLEVVAGRRPIEPREELVLSDWAWERYAAGEEEKVVDARLDGAFDAEEAAV
AVKVGLWCSHPVPAARPTMREVARYLDG
//
#	2064
Bits   Query         start end Target      start end   idels introns
547.11 LOC_Os04g57880    1  486 5:27148353..27150139   73 1787    2    2
//
Making a S in phase 2 intron
>5:27148353..27150139.pep
VASFRPSSSSSSRPHHRCHAASSSTRSTGGGSSSSSSSSSSSGGGRARTGSSWTTEYDLY
ELLGVEPTSPHAEIKAAYRALQKRCHPDVVAASSSSASGDGGTPSAHDMAVVLNEVYALL
SDPAARRAYDREHAARSEFQGYTGRPLYSSWRGGEGETRAVFVDEVACVGCLKCALHAGR
TFAIESAHGRARVVAQWADEEDRIVDAINTCPVDCISIVERSDLAALEYLMSKQPRRRVR
VSESSGAGSPNIFAEVRKFKARFEQMEHKSATRQYEESEAARQSRTSVVQTIISMSNWWY
WRPFRAPAGAAAAAVPAPLRLLPPPRPSSSPSSSSDPVTERLKEAAARRKAGGSTAAAAE
DARRRDEYWTPQLNLPSTASFPXRRELRAPPPPPRRRRRAAREGRPAWRGXVRRRSIDLT
APLLVGIVAAGITGYNREEMAAGGGGIEDHFGGAAALGVVNSFELQVVLAGVTWFVIAAA
VAGFLQLLGRRNEEEFR
//
#	12027
Bits   Query         start end Target      start end   idels introns
154.13 LOC_Os05g27980    1   99 2:2999733..2999437    4  294    0    0
//
>2:2999733..2999437.pep
AGSPCAACKFLRRKCLPGCVFAPYFPPEEPQKFANVHKVFGASNVTKLLNELLPHQREDA
VSSLAYEAEARVKDPVYGCVGAISVLQRQVHRLQKDL
//
#	13843
Bits   Query         start end Target      start end   idels introns
410.21 LOC_Os02g08310    1  419 3:4210711..4208885    4 1827    0    7
//
Making a A in phase 2 intron
Making a R in phase 2 intron
>3:4210711..4208885.pep
REPLRPLSCNAGAAAVAVVRPRGAATASAEKENQGAPNLGPDKEEKVKVAPPPPLKPSSL
QARMEGEAPLAAAAPAAVVPVFMGPRGRELLPPATPAAAAAASYEAWDLSDSEAAPAASW
ATLPNRALLCRPLPLDVGRCTCVVVREKAAGPRGVALYSLYTNEGQGRQDRKLAVARHRR
RRGRSEFIVAQNQDGVFCSSDKNFLGTVGANLVGSKYQIWGQGNRIDELNSQSKRLLGVV
AFAPTITTLTGSFRSMRAWIPKSQSMQLRTNSSAQIQHIGGLPKDWEEKASRADKLCSRS
PFYNNMTKRYELDFRERVGRMGYKVQTSVKNFQMTLEENGRQTILQLGRVGKSKYIMDFR
YPLTGYQAFCICLASMDSKLCCTL
//
#	6472
Bits   Query         start end Target      start end   idels introns
993.41 LOC_Os05g51740   17 1006 1:5015566..5012321    7 3156    0    1
//
Making a E in phase 1 intron
>1:5015566..5012321.pep
RLLPLLLVLLLAGAGVGAAADGDADALLAAKAALSDPTGALASWAAPKKNESAAHCAWAG
VTCGPRGTVVGLDVGGLNLSGALPPALSRLRGLLRLDVGANAFFGPVPAALGHLQFLTHL
NLSNNAFNGSLPPALACLRALRVLDLYNNNLTSPLPLEVAQMPLLRHLHLGGNFFSGQIP
PEYGRWARLQYLAVSGNELSGTIPPELGNLTSLRELYLGYYNSYSGGLPAELGNLTELVR
LDAANCGLSGEIPPELGKLQKLDTLFLQVNGLSGSIPTELGYLKSLSSLDLSNNVLTGVI
PASFSELKNMTLLNLFRNKLRGDIPDFVGDLPSLEVLQLWENNFTGGVPRRLGRNGRLQL
VDLSSNKLTSTLPAELCAGGKLHTLIALGNSLFGSIPDSLGQCKSLSRIRLGENYLNGSI
PKGLFELQKLTQVELQDNLLTGNFPAVVGVAAPNLGEINLSNNQLTGTLPASIGNFSGVQ
KLLLDRNSFSGVMPAEIGRLQQLSKADLSSNSIEGGVPPEIGKCRLLTYLDLSRNNLSGD
IPPAISGMRILNYLNLSRNHLDGEIPPSIATMQSLTAVDFSYNNLSGLVPVTGQFSYFNA
TSFVGNPSLCGPYLGPCRPGIADTGHNTHGHRGLSSGVKLIIVLGLLLCSIAFAAAAILK
ARSLKKASDARMWKLTAFQRLDFTCDDVLDSLKEENIIGKGGAGTVYKGSMPNGDHVAVK
RLPAMVRGSSHDHGFSAEIQTLGRIRHRHIVRLLGFCSNNETNLLVYEYMPNGSLGELLH
GKKGEHLHWDTRYKIAIEAAKGLCYLHHDCSPLILHRDVKSNNILLDSDFEAHVADFGLA
KFLQDTGASECMSAIAGSYGYIAPEYAYTLKVDEKSDVYSFGVVLLELVTGRKPVGEFGD
GVDIVQWVKMMTDSNKEQVMKILDPRLSTVPLHEVMHVFYVALLCIEEQSVQRPTMREVV
QILSE
//
#	15844
Bits   Query         start end Target      start end   idels introns
431.88 LOC_Os03g13550    1  300 1:67193522..67195837    1 2316    0    5
//
Making a S in phase 2 intron
>1:67193522..67195837.pep
SPTMAASPPPIATVDHPRLLLHGFLSPETCKELEFVHRSCGTAGYRPSVVSTSLPHLAAT
GCGHLLLPFVPIREQLRDAVESFFSCHFDLFVEFTGLISWCKGASIGWHSDDNKPYLRQR
VFTAVCYLNNHGKDYKGGILRFQDGEPSCVVPVAGDVVIYTADSRNVHCVDEVTEGERLT
VTLWFTRDSAYDEDPKLLAFLSQTSLSYEPAFQNSYIPLPASDNMYWFSYDQSGFDIRYA
RLHILGFIFCASSDQDSNSRSVPASEDPIELLGKPLRVGRRYDVFEKIFANSLHALQVST
//
#	7126
Bits   Query         start end Target      start end   idels introns
179.45 LOC_Os04g51920   37  297 1:59558409..59557536    1  868    0    1
//
>1:59558409..59557536.pep
SSIEAGTVALYFSASWCPPCRRFTPKLIEAYKELASQGKSFEVVFVSGDQDEEAFNAYFA
KMPWLAVPFTDSEGRKSLDERFQVRGIPHLVILDAKTGKVCTEDGVEFVSEYGIDAYPFT
PERINELKEQEKAAKDNQTIHSVLSTPTRDYLISNKGDKVPISDLEGKYVGLCFVVSGYG
PVEEFTTVLAKIYGKLKEVGEKFEVVAVSMDNDEASFNESFQNMPWLAIPQGDKMCQKLV
SYFELNDLPTLVLIGPDGK
//
#	5756
Bits   Query         start end Target      start end   idels introns
66.51 LOC_Os05g40700  103  170 2:50718053..50718525    1  303    0    1
//
>2:50718053..50718525.pep
VSVGYFITDLAMILWVYPKLGGLEYLLHHILSLVSIVYAMYSGEGQLYTYMVLISETTTP
GINLRWYI
//
#	5929
Bits   Query         start end Target      start end   idels introns
328.13 LOC_Os01g69060   79  356 2:56688970..56690994    1 2025    0    8
//
Making a S in phase 2 intron
Making a G in phase 1 intron
Making a E in phase 1 intron
>2:56688970..56690994.pep
VKAHALYGSKEKAKDPFFGLTMGKESQSSDDVFSWFCVEAGSSSNHTVLLVHGFPSQAYS
YRNVLPVLSDKYHPIAFDWLGFGFSDKPQPKYGFDYTLDEFTSSLESLINAVAPDKVSIV
VQGYFAPIVVKYASKHQDKLNHLILVNPPITDKHAKLPSTLACFSNFLLGEVFSQDPLRA
SDKALTSSGPYMMKEEDATVYRRPYLVSGSSGFALNAMTRAMGKDLKVVYIESMRSILVS
DSWNTKTTICWGLRDRWLSYDGVEDFCDGVKHKFVELPM
//
#	4490
Bits   Query         start end Target      start end   idels introns
310.71 LOC_Os04g33360   58  362 4:1101987..1102910    4  912    0    0
//
>4:1101987..1102910.pep
LEELELPTLDLEEESGLTEALAAACRDLGVFRLANHGIPADLSDRLFSLTRHLLEEPDAE
KKAKLPGYFSGTPALSLRVKELNWVEGFHVAPAAADADPDPTAADDDIGGEFGSFREVTA
EYVSRMARIARKLFDAMDLGLDASQRASYLAEHDGTFRAYRYPACPAGGHIGMEAHTDSS
VLSILNQQDLQESSLQVLLRPQGTWRSVQPVEGTLVVNIGDMMQAITGDAYRSVEHRVVP
LPDTDRMSLCYFAFPQDDAVISGCGEDDGEKGSCYRPFSYREFREQVQADIKATGAKVGL
ARF
//
#	2527
Bits   Query         start end Target      start end   idels introns
148.83 LOC_Os03g29614   12  120 2:9704618..9705217    1  327    0    0
//
>2:9704618..9705217.pep
LRRGPWTVEEDVLLAGYIKAHGEGRWNELARLAGLRRTGKSCRLRWLNYLRPGVRRGDFS
PQEQLLILELHFRWGNRWSRIAQELPGRTDNEVKNYWRTRVQKHAKQLR
//
#	9226
Bits   Query         start end Target      start end   idels introns
94.57 LOC_Os04g08600  153  305 3:17552134..17552622    6  489    1    0
//
>3:17552134..17552622.pep
GHGEQEHEXQQPWSYSCSFPTSFAWPPRSYQCSFCRREFRSAQALGGHMNVHRRDRARLR
HGSPPPPPNPAASANPNPRWAAAAAAIPNLNYPPPPPMAPPPSLYRPHSRSSKSHERSLS
VAAKARELEVEVNLELGVGVGVQCCAEEEDCLDLELRLGYS
//
#	5052
Bits   Query         start end Target      start end   idels introns
317.83 LOC_Os03g03540    1  142 1:73228289..73228869    1  581    0    1
//
Making a E in phase 1 intron
>1:73228289..73228869.pep
MESCVPPGFRFHPTDEELVGYYLRKKVASQKIDLDVIRDIDLYRIEPWDLTEHCGIGYEE
QSEWYFFSFKDRKYPTGTRTNRATMAGFWKATGRDKAVHERSRLIGMRKTLVFYKGRAPN
GQKTDWIMHEYRLETDENAPPQ
//
#	16297
Bits   Query         start end Target      start end   idels introns
1320.76 LOC_Os03g17000    8  679 3:6952614..6954737    1 2124    0    1
//
>3:6952614..6954737.pep
YTPKSILITGAAGFIASHVTNRIVRNYPDYKIVVLDKLDYCSNLKNLLPASSSPNFKFVK
GDIASADLVNFLLVTENIDTIMHFAAQTHVDNSFGNSFEFTKNNIYGTHVLLEACKVTGQ
IRRFIHVSTDEVYGETDEDAVVGNHEASQLLPTNPYSATKAGAEMLVMAYGRSYGLPVIT
TRGNNVYGPNQFPEKLIPKFILLAMRGKPLPIHGDGSNVRSYLYCEDVAEAFEVILHRGE
VGHVYNIGTKRERTVTDVAKDVCKLFNLEADKVIQYVDNRPFNDQRYFLDDAKLKSLGWS
ERTRWEEGLRKTMEWYVANSDYWGDVSGALLPHPRTLMMPGCEGSEEIKGMLNLFTNNQT
KMKTTTSNGSSQTHSLKFLIYGRTGWIGGLLGKICEKQGIPHEYGKGRLEERSSLILDIQ
TVKPTHVFNAAGVTGRPNVDWCESHKPDTIRTNVAGTLTLADVCREHGLLVMNYATGCIF
EYDANHPEGSGIGFKEEDKPNFTGSFYSKTKAMVEELLKEYDNVCTLRVRMPISSDLNNP
RNFITKISRYNKVVNIPNSMTVLDELLPISVEMAKRNLRGIWNFTNPGVVSHNEILEMYK
KYLDPSYKWTNFTLEEQAKVIVAPRSNNEMDATKLKKEFPELLSIKDSLVKYVFEPNRKV
PAN
//
#	7146
Bits   Query         start end Target      start end   idels introns
100.06 LOC_Os01g71330    1   91 2:57771040..57770807    4  234    0    0
//
>2:57771040..57770807.pep
RALAALSIQPRLGGGRPSIRFAAGPVGRRPMVVRAGGPPSTNVLILAFVLPLSLFVGTLV
AAARVADDLDERFLREV
//
#	2943
Bits   Query         start end Target      start end   idels introns
63.51 LOC_Os04g47080  399  453 2:6460726..6459288 1159 1323    0    0
//
>2:6460726..6459288.pep
NHVEAERQRREKLNQRFYALRAVVPNISKMDKASLLGDAIAYITDLQKKLKDMET
//
#	13538
Bits   Query         start end Target      start end   idels introns
164.19 LOC_Os06g27860   19  265 1:37182573..37178892    1 3266    5    2
//
Making a S in phase 1 intron
Making a F in phase 2 intron
>1:37182573..37178892.pep
KRRREKWEVEFARYFLRPRRGPATPPPPGLRYISRGKLRHQGTWLPAASPATLRIAPPSH
SFAAPVLTVSIGDVVYVRTELXPLPHSSFRSSPCVHPQLFMAAGCMHDTVPNXREQGGIH
ELFAFVSWTLXKECSRNTIDILTSRSDYVCEDSSSSEYTASDGLQYRXKIMKISVCRLRK
ILPSIXFYAQXDEATNFEEPTSYHGTYAPAVSYHEEPDQPVLRSPRATNIDEIYSGFPHC
YSEVLTSYSIKNEK
//
#	2318
Bits   Query         start end Target      start end   idels introns
189.28 LOC_Os03g38610    1  161 2:9351216..9351950    1  480    0    0
//
>2:9351216..9351950.pep
MARKKVTLQWIPNDATRRATFKKRRKGLMKKASELATLCDVKACVVVYGEGEAQPEVWPS
VAEAVPILNRFKDMPELDQCKKMMNQEDFLRQRIDKLREQIHKAGRENRERDTTSLVHKA
MVGCLPGLTGLTIEELTSVGWMVEMRLKGLSDRIASVRGQ
//
#	11317
Bits   Query         start end Target      start end   idels introns
61.43 LOC_Os03g25850  354  545 2:2842541..2841351  652 1185    0    0
//
>2:2842541..2841351.pep
EKHFPSRIMLQITPMQQTDILSVSLSRSSDNPTHEFGLEKGLEASFDPPNTFGLKASVAE
SLTLAMKPWKFEQSVHGNTATFSWFLHDGVNGREVYSSRPSKLSLLQPRAWFRDRYSNVC
RPFTKQGGVVFARDEYGDSVSWKVCGAALGKTMEWDVRGWIWVTYWPNKQRTSHSETR
//
#	182
Bits   Query         start end Target      start end   idels introns
174.71 LOC_Os03g18120  155  442 1:2712718..2714763  179 2046    2    2
//
Making a H in phase 1 intron
>1:2712718..2714763.pep
RFDAARMLGKLRGKRLAFVGDSLNRNQWVSMVCLIDTATPGLHKTLNTTGSLMSFRIHEY
NASVDFYWSPLLVESNSDDPVHHRAADRTVRAGSIAAHARRWAAAAVLVFNSYLWWRHGR
TTCRWGSSFDTTDGDYRATKEIDALRAFELALTTWAEWLEFHVDRDRTSLFFMSMSPTHL
GSDHWDSSPSSSSGIATSKSHEAAYGKCYNETEPIXQRTRGTSGARGEGGTRRWRXAVED
AVRGLGARGVGVRLLDVTRISERRKDAHPSVHRRQWEPLTEAQRREDPAGYADCVHWCLP
GVPDVWNHLLYAHI
//
#	6954
Bits   Query         start end Target      start end   idels introns
233.24 LOC_Os05g51780   37  165 2:12822578..12822121   55  458    1    0
//
>2:12822578..12822121.pep
PETPPGAGIKVAFRPSIAIVVGIFTMIFSLTFLLLMYAKFCHPSTPPSAATDTGXPPAGA
GDDDRRRRAKAVVESLPFFRFAALRGARQGLECAVCLARFDDADLLRLLPRCRHAFHLDC
VDRWLHSNASCPLC
//
#	11979
Bits   Query         start end Target      start end   idels introns
189.31 LOC_Os01g05120   10  281 2:2154445..2153477    1  969    0    1
//
Making a L in phase 2 intron
>2:2154445..2153477.pep
QTGRFAQFYRCRPMSLLDKKNAEDYDQGNKVIMPQSALERLSSINVQFPMVFSIENEGGG
ERGRSHCGVHEFVAEEGFVHLPTQMMEQLGVAAGEGGLVMMRNAELPKATFLKLQPHSSA
FLNIRDLKDLMSYNFGRYACVTEGDTIAVREKLHGLGGRGGGEAVYRFDVIEARPGGAVS
TVETDCEVDFAVPLDYKEPVLATPVPVPAAEAAEGPRRFAGVGFRMDGKPVEQERAPAAP
AKGDQGKRVLQFGGASAAAAGGAAAGGKKVGGGEEEEKKPAAARFTGKMYSLQ
//
#	11860
Bits   Query         start end Target      start end   idels introns
571.96 LOC_Os03g20450  301 1041 1:16644112..16641523   82 2590    0    1
//
Making a E in phase 1 intron
>1:16644112..16641523.pep
CNFAGPVPLVNSTTLKMLNLSSNVLSGSLPATVGKCISVDLSGNLISGELAILRAWDGVV
EGIDLSSNKLEGSYPNDASQFHNLVSLKLRNNSLSGSVPSVLGTYQKLSFLDLSLNALGG
PVLPIFILSPTLTVLNLSGNNFSGTIPFQNSHSTESIMLSSQPALKIVDLSSNSLSGQLP
PEISNLQRLEFLTLAMNELSGEIPDEINKLQGLEYLDLSHNHFSGRIPDMPQTGLKMFNV
SYNDLRGTVPKSLEKFPLSCFRPGNDLLHFPDGPPPGNIDDPKVAQSRAAHGHKGGVRVA
LIIGCIGGVVLLVFIALAVYVVRSQELCGRNGFRRQITMRDLKLGRLSRPNMFKTPKDNV
IPTKTSFSNDHLLTSAARSMSAQKELLSEAAVEYGYADPKEVIESTSSGVTEASAAVSVR
ESSPRSGLPTSPHFVDSRFHEEPVTFEVYSPDRLVGELIFLDNTLVFTAEDLSRAPAEVL
GRSSHGTTYKAALQSGHVLTVKWLRVGLVKHKKEFTKEIKRIGTIRHPNIISWRAFYWGP
KEQERLIISDYVEGDSLALYLYESTPRRYSRLSVCQRLKIAVDLARCLQFLHHEKGLPHG
NLKPTNIFLTGPDLSPKLVDYGLHRFTTPSGIAEQILNLGALGYRAPELASTTKPTPSFK
ADVYAFGVIVLEMLTRKSAGDIISGQSGAVDLTDWVQMCNREGRGTDCFDRDIAGLEESP
RAMDELLAISLRCILPVNERPNMKTVCDDLCSIT
//
#	10323
Bits   Query         start end Target      start end   idels introns
59.79 LOC_Os03g17220  203  318 2:53329071..53328730    1  342    0    0
//
>2:53329071..53328730.pep
GTVTLVDEQLHGKRESGLPLAGKLQGVLVAGLDGNSSTSRMVAVKALFAADGAEDSIRFF
GVLHDGLEESHVAVVGGTGRYDGASGFAVVKAADVPETGGNVSLSRALSFSVHL
//
#	14334
Bits   Query         start end Target      start end   idels introns
46.19 LOC_Os06g49185    1  239 3:34666229..34667047   79  801    0    0
//
>3:34666229..34667047.pep
MPEKNWVSWGAAIAGCVQNEQYTRGFELFTEMQRSGMGVSQPAYASVFRSCAAMSCLRTG
RQLHAHAIKNKFNTDRIVGTAIVDIYAKANSLVDARKAFFGLPNHTVETCNAMMVGLVRS
GLGIEAIELFQFMTRSGIGFDAVSLSGVFSACAEVNGYFQGVQVHCISIKSGFHVDICVR
NAILDLYGKCKALVEAYLIFQDMEQRDSVSWNAIIAALEQNGRYEDTILHFNEMLRFGMG
P
//
#	10576
Bits   Query         start end Target      start end   idels introns
118.08 LOC_Os01g62640   18  199 2:53590904..53590337    1  552    0    0
//
>2:53590904..53590337.pep
WCHTCTRLHRTRGGEAAEAVAACPICATPRSASSFEEIIDVVDSRTFLHGCHPATVPPPA
AARNCPDPLPLVTIHDDAGLSCPICLDELLEHAAVETPCCKNAYHKDCLEPWLEAGGTCP
LCRQWPAPTTAPSSSSSSSPDGLILCDLRRNGDFALGRRVAGRVHMVGVVGRDGELVRHC
VVPR
//
#	8133
Bits   Query         start end Target      start end   idels introns
179.41 LOC_Os01g68960    1  273 2:56629378..56630663    1 1286    2    2
//
Making a Y in phase 1 intron
Making a A in phase 1 intron
>2:56629378..56630663.pep
MPPPLRTVHLRRSEPESGTETAAAAITVEGGEGVDLARVGRALGLDPATVRLNGYYLSRV
YGGYVSLAVKWRALIDFFDARGLPAGAHPAAAVAVQGTPLPPSPGAPSLLCFCSVITRSX
FSSRSSRAAVLWRSREFSIMLALDSNRSADCMSXICDICGYASYIVQCRYRRSAKRKSGL
ETGNCSKRLQDNSSTLSKSGLDLLSDDITLGLKRRLRLDETTPSKKIKQHECSSAETQQP
VKFSCSFINGHRKRPRDEEIATSLSCKRVR
//
#	14574
Bits   Query         start end Target      start end   idels introns
157.11 LOC_Os02g20270  185  378 3:9858999..9855493    1 3507    0    5
//
>3:9858999..9855493.pep
IEDIIAEQWIQIRQFEQAFVLTKMMTSKVHERRLSGNAYYWPGKYTVPKYIRNLDLHGMF
LVGASLTRTCFSHTYKHWRSFVQAMNRCYHEASRFCKAIRRPCPPDIHRPDVFFLGGSIS
RSCISLPYKQFKILVSSAQRIHHKVQVNLQDVMRSNRYSRGLANEMITFCMAYLLVISPV
WIAWFIFSMRFGSKK
//
#	1338
Bits   Query         start end Target      start end   idels introns
66.02 LOC_Os05g01750  271  462 2:3542617..3541945  194  667    0    0
//
>2:3542617..3541945.pep
VINLDKPSNPSSHEVVAWIKRLLRVEKTGHSGTLDPKVTGNLIVCVDRATRLVKSQQGAG
KEYVCIARFHAAVPDTARVARALESLTGAVFQRPPLISAVKRQLRVRTIYESKLLEHDAE
RHLAVFWISCEAGTYVRTLCVHLGLLLGVGAHMQELRR
//
#	12987
Bits   Query         start end Target      start end   idels introns
257.29 LOC_Os03g25600  669  977 1:2487516..2490796 1189 3281    5    2
//
Making a G in phase 1 intron
>1:2487516..2490796.pep
GEHDHIAVLKALARALRKTEDAYLGIADKMVGEFPELALMGSCVLSMLMKGDDMYIMSVG
DSRAVLATTDGDXRSRARQRGFIRRIXLQGIARPACQPCSXTDHSTSVPEVIXCPPRRDS
SLIECLCSWSDXVSQMQEVRRIRNEHPDDPSAISKDRVKGSLKVTRAFGAGFLKQPKWND
ALLEMFRIDYVGSSPYITCNPSLFHHKLSRRDRFLILSSDGLYQYFTNEEAVAQVEMFIA
TTPEGDPAQHLVEEVLFRAANKAGMDFHELIEIPQGDRRRYHDDVSVIVISLEGRIWRS
//
#	9461
Bits   Query         start end Target      start end   idels introns
194.63 LOC_Os01g36830  113  352 2:9642966..9643772    1  801    0    1
//
Making a S in phase 2 intron
>2:9642966..9643772.pep
LRFFMSNNVTVQGLKVQNSPEFHFRFDSCRGVHVHGLSISSPALSPNTDGIHVENTQDVL
IANTVVSNGDDCVSIGAGTLNVHIENVTCGPGHGISIGSLGKQGTRACVSNITVRNAVIR
HSDNGVRIKTWQGGSGSVSGVTFENVRMDAVRNPIIIDQYYCLSKSCENATTAVFVNGVT
YSGIRGTYDVRGPPIHFGCSDAVPCTNITLSGVELLPATGDTVDSPFCWNVYGNA
//
