#	14666
Bits   Query         start end Target      start end   idels introns
111.33 GRMZM2G138683  210  284 2:9447068..9447918  537  845    0    1
//
Making a R in phase 2 intron
>2:9447068..9447918.pep
VSADVWAWRKYGQKPIKGSPYPRGYYRCSSSKGCPARKQVERSRSDPNTFILTYTGEHNH
SAPTHRNSLAGTTRN
//
#	8090
Bits   Query         start end Target      start end   idels introns
181.11 GRMZM2G032124    1  169 1:9277470..9276683    4  788    2    2
//
Making a A in phase 2 intron
Making a R in phase 2 intron
>1:9277470..9276683.pep
KPPCGVQERGGGNPPLLGRRSLPGAGLEAGHLQGHHPPAQGEEPTLQVLQACAGPHCRVG
XAGAAAAGEGEASGRLPDEDLDLPFVEFLKRQNLSPKMRAVVLYAIAMADYDQDGVESCE
RLLTTREGVKTIALYSSSIGRFANAEGAFIYPMYGHGELPQAFCRCAAVXVPYM
//
#	11328
Bits   Query         start end Target      start end   idels introns
84.95 Sb04g031485    58  166 11:21752357..21752683    1  327    0    0
//
>11:21752357..21752683.pep
VWDLGGQESLRTSWATYYRGTHAVIVVIDSTDRARINIIKDELFRLLQHGDLEGAVVLVF
ANKQDLKDAMSPAEITDALSLHSIKNHDWHIQASCAITGEGLYDGLGWI
//
#	7504
Bits   Query         start end Target      start end   idels introns
372.10 GRMZM2G023655   33  263 10:2828338..2829042    7  687    0    0
//
>10:2828338..2829042.pep
TFTITNNCAYTVWPGLLSSAGSAPLSTTGFALAPGASQAVPAPSGWSGRMWGRTLCAADG
AGAKFSCATGDCGSGDVQCNGGGAAPPATLAEFTLDGSGGLDFFDVSLVDGYNLPMLVTP
SATSGSGKCAATGCVAELNGACPADLRVASASGPAVACRSACEAFGSAEYCCSGAYGNPN
TCRPSAYSEFFKAACPRAYSYAYDDSTSTFTCAAGATDYAITFCPAA
//
#	3576
Bits   Query         start end Target      start end   idels introns
554.53 Sb08g019196    25  309 4:9382642..9381703   19  940    0    1
//
>4:9382642..9381703.pep
VFDCCFSTETMEQFEYKNYLDNIVLQLREQFVDSSLMVFNFRDEGKSLVSGLFSLYGITV
KDYPCQYLGCPLLPLEMVLHFLRLSERWLMLEGQQNFLLMHCEKGGWPVLAFMLAGLLLY
MKQYNGEERTLVMVYKQAPKELLQMLTTLNPQPSHLRYLQYICKMDDELEWPIQPIPFTL
DCVILREVPNFDGVGGCRPIVRVYGQDFLTVDKRCNVMLPPSKPRKHARRYKQQADNISV
KLNVGSCVQGDVVLECLHIDDSLEDERLMFRVMFNTYFIQSHILP
//
#	10444
Bits   Query         start end Target      start end   idels introns
65.14 Sb04g031690    45  142 3:1124610..1124323    1  288    0    0
//
>3:1124610..1124323.pep
EMEKVTVTGYVERQRVLKEVRRAGKKAEFWPNPDLPLYFTSAKDYFHDEESFRPSYNYYR
HGYNGDKHGHLPEPHRGADPVSNLFNDDDVNACSIM
//
#	1060
Bits   Query         start end Target      start end   idels introns
145.69 GRMZM2G468615    1  170 8:3935728..3936246    1  519    4    0
//
>8:3935728..3936246.pep
MARSTTPTXRPPPSAAASGSHPAPVHAXAAAAHAPXRMAAASSRPPSASRSPTPRPPSCR
RRAAAAASXARSRRRECACSPTTHPGSFRCALHRGAASPSRPSVAAACGGLREDARRSAM
ANSLVRIAAVEGGDHVRRAVAALIRPSSHHQRRRAAFRPRPSRLSAMSAAAAAS
//
#	10637
Bits   Query         start end Target      start end   idels introns
128.87 Sb07g025470     1   64 5:24990450..24990638    4  189    0    0
//
>5:24990450..24990638.pep
KQIHEIKDFLLTARRKDARSVRIKRSKDAVKFKVRCSRYLYTLCVHDTDKANKLKQSLPP
GM
//
#	10139
Bits   Query         start end Target      start end   idels introns
127.26 GRMZM2G027378   40  148 3:28778568..28779068    1  501    0    2
//
>3:28778568..28779068.pep
MDDADDIYMRSWTGTIIGPPNTVHEGRIYQLKLFCDTDYPDRPPTVRFQTRINMSCVNQE
TGMVEPSLFPMLGNWQREHTMQDILIGLKKEMSAPQNRRLHQPHDGNF
//
#	2809
Bits   Query         start end Target      start end   idels introns
151.84 GRMZM2G465053   16  201 8:321816..321253   10  564    0    0
//
>8:321816..321253.pep
GGGGRPPAARRPSLLSQALASTASLANLLPTGTVMAFQLLAPTFTNNGACDATTSLLTAA
LLALLALSCVLASFTDSVRGPDGRVYYGLATPRGLWLLDYPPAGAGAPPQPDTSRYRMRA
IDGVHALLSVGVFGVVAARDKNVVGCFWPSPAKGTEEVLGIVPLGVGVMCSLLFVVFPTT
RHGIG
//
#	9897
Bits   Query         start end Target      start end   idels introns
102.08 Sb08g023100     1  123 8:19188302..19188738    4  351    0    0
//
>8:19188302..19188738.pep
GGGGGGGTNQACAACKYQRRKCNPDCPMAPYFPADQQRRFLNAHRLFGVSNILKTLRHLK
PELCDDAMRTLIYQAEMRAHDPVGGCCRVICDLERQLELDTAELNTVLHHLAMCRQ
//
#	11401
Bits   Query         start end Target      start end   idels introns
400.70 GRMZM2G119766   18  335 6:1789100..1790080    1  981    0    0
//
>6:1789100..1790080.pep
LAAVAWRPWPPRNGSGEVEGIGASKKFEGSSDFVKLQYHMGPVLAADITVHPIWYGRWPA
EQKRTIRAFLRSLSPPGSGSGDGGIPSPSVAAWWRTVRLYTDQTSANVSGVVRLGREKCD
ARASRGGRLTRLDIQSVVRDAVTARTRPLPVDSSGVYLVLTSPEVVVENFCGQVCGFHYF
TFPSVVGYTLPYAWVGNSAARCPEVCAYPFAIPSYVGGGRRAEAPPNGDVGVDGMVSVIA
HELAELASNPLANAWYAGEDPSFPTEIADLCEGIYGTGGGGAYTGQLLTDGRSGASYNVN
GVGGRKFLVQWVWNPILSYCSGPNALD
//
#	8201
Bits   Query         start end Target      start end   idels introns
85.25 Sb10g012150    76  145 5:26743396..26743614   10  219    0    0
//
>5:26743396..26743614.pep
TVVAPIERAKLLLQTQDGNAALLGRARRFRGFADCVARTVRDEGVLSLWRGNGTAVIRYY
PSVALNFSLK
//
#	4606
Bits   Query         start end Target      start end   idels introns
129.42 Sb05g000310    44  123 7:19361717..19362310    1  231    0    0
//
>7:19361717..19362310.pep
AAGAGAPDPRAEALRCPRCDSANTKFCYYNNYSLSQPRHFCKACKRYWTRGGTLRNVPVG
GGCRKNKRSRSGGAAPG
//
#	8496
Bits   Query         start end Target      start end   idels introns
748.74 Sb01g033690     1  565 8:15432305..15430197    1 2109    1    2
//
Making a A in phase 1 intron
>8:15432305..15430197.pep
MSLSGRLRLDALLALSALRRLDLRGNAFHGDLSRHGSPRRAAPCALVEVDISSNTFNGTL
PRAFLASCGGLQTLNLSRNSLTGGGYPFPPSLRRLDMSRNQLSDAGLLNYSLTGCHGIQY
LNLSANQFTGSLPGLAPCTEVSVLDLSWNLMSGVLPPRFVAMAPANLTYLSIAGNNFSMD
ISDYEFAGNRFTGEISDKLSILCKTLVELDLSSNQLIGSLPASFGQCRFLQVLDLGNNQL
SGDFVETVITNISSLRVLRLPFNNITGANPLPALASRCPLLEKYXLLKLVDLVLWANNLS
GEIPDKFCFNSTALETLVISYNSFTGNIPESITRCVNLIWLSLAGNNLTGSIPSGFGNLQ
NLAILQLNKNSLSGKVPAELGSCSNLIWLDLNSNELTGTIPPQLAAQAGLITGAIVSGKQ
FAFLRNEAGNICPGAGVLFEFLDIRPDRLANFPAVHLCSSTRIYTGTTVYTFRNNGSMIF
LDLSYNSLTGTIPASFGNMTYLEVLNLGHNELTGAIPDAFTGLKGIGALDLSHNHLTGVI
PPGFGCLHFLADFDVSNNNLTGEIPTSGQLITFPASR
//
#	15597
Bits   Query         start end Target      start end   idels introns
239.87 GRMZM2G157313  110  835 3:7560618..7558528    1 2085    4    0
//
>3:7560618..7558528.pep
HGFAASVPASRADALRRHPAVLAAFEDQVRTLHTTRSPQFLGLRARLGLWSLADYGSDVV
VGVLDTGVWPERRSLSDRNLPPVPSRWRGGCDAGPGFPASSCNRKLVGARFFSQGHAAHY
GLAATASNGSVEFMSPRDADGHGTHTATTAAGSVAYDASMEGYAPGVAKGVAPKARVAAY
KVCWKGAGCLDSDILAGFDRAVADGVDVISVSIGGGNGVASPFYLDPIAIGAYGAVSRGV
FVATSAGNEGPTAMSVTNLAPWLATVGAGTIDRNFPAEIVLGDGRRMSGVSLYSGKPLTN
TMLPLFYPGRSGGLSASLCMENSIDPSVVSGKIVICDRGSSPRVAKGMVVKDAGGVAMVL
ANGAANGXALLETPMSFLLARWARTRETRSXYAANTTNPTATINFKGTVIGVKPAPVVAS
FSARGPNGLVPEILKPDFIAPGVNILAAWTGATGPTGLESDPRRTEFNILSGTSMACPHA
SGAAALLRSAHPGWSPAAIRSALMTTXRRHRQPRRXAVGDEAEPGRVATPFDYGAGHINL
GKALDPGLVYDIGDDDYVAFMCSIGYEANAIEVITHKPVACPATSRNPSGSDLNYPSISV
VFYGGNQSKTVIRTATNVGAAASATYKPRVEMASSAVSVTIKPEKLVFSPTAKTQRFAVT
VASSSSSPPASAPVYGHLVWSDGGGHDVRSPIVVT
//
#	4612
Bits   Query         start end Target      start end   idels introns
158.98 Sb06g001570     7  174 5:5261705..5261009    1  697    1    1
//
>5:5261705..5261009.pep
AIIPLARCNATATTAAAPSSLVLKVGDTLRERRRFTDGEVEAYAAVSGDRNPVHLDDAFA
RQVGGFGRGRVVHGMLVASLFPALIAAHFPGAVYARQSLKFAAPVYVGDKVLVQVQALHI
RASTXTCMLNSSFHFLVIKTRLFGVNHLLSDSVKFGTKCFTSDSDDLLAVDGEAMAVLPS
LYLRQQ
//
#	2127
Bits   Query         start end Target      start end   idels introns
205.74 GRMZM2G068699   69  321 5:2074299..2075069    1  771    0    0
//
>5:2074299..2075069.pep
QGCDGSILINSTPGHVAEKDSVANNPSMRGFEVVDDAKAIVEAHCPRTVSCADILAFAAR
DSAHLAGATVDYPVPSGRRDGRVSVSDEVLADNVPAPTFSLAQLVASFERKGLTADDMVT
LSGAHTIGRSHCSSFTARLYNFSGEAGRTDPAIDPAYAAELKRRCPPATDDQMDPTTVPL
DPVTPASFDNQYYKNVLKHRVVLNSDQALLDSPWTAGVVKLHSAVEKVFQVKFAAAMVKM
GNIDVLTGDEGEIREKC
//
