#	9841
Bits   Query         start end Target      start end   idels introns
114.93 GRMZM2G463415  157  220 3:67122089..67122292    1  204    0    0
//
>3:67122089..67122292.pep
RGPFLEEERERARKIAREIKGFGSFNLSSASHSHAMSQPQPGDGDDGSRGYGRSNSQYKE
RWRHDDDD
//
#	16329
Bits   Query         start end Target      start end   idels introns
206.98 GRMZM2G390489    1  211 7:2676153..2678183    1 2031    1    2
//
Making a E in phase 1 intron
Making a D in phase 1 intron
>7:2676153..2678183.pep
MHNLRSISKPRAWTNQAHDRTFRLGPSPTEGSLTKCNALFGPIKAQRRLAHVSLHHXSWS
LDGTTTPMDGADLPSYSAATAADGDRPPESAVDGGVENERAAAPTPERCEAPPPESAVDG
GVEDERAAAPTPERCEALASAIAGVLAGALREHEERAAATARSQDEVAAAVDRLNGELDR
LLENAPSMIIMQHSARISSIRKRISAMNMLLKSIQRRIDNIDRIISTDHSSPVQKAGNEL
GSR
//
#	11379
Bits   Query         start end Target      start end   idels introns
548.43 GRMZM2G130813   27  355 4:159147..160465    7 1319    0    2
//
Making a G in phase 1 intron
Making a D in phase 2 intron
>4:159147..160465.pep
ATAVPAGSTVVAGMVFCDQCKDGARGLFDYPLYGARVAIQCGGGDTPLTVRESNTNWFGG
FSVRMEGSPDMNRCTARVVQGTGHCGAGAGAGGGGAPRELTLAFRMLGLALYTVPPLLAQ
PEEAMDFCPGRGGGRAPVAQAPAPASSSPFWRRRPRLLPPVWRKPPTNLPQEQPQVPQVV
VPPPPPPTAPSQQGSACTYDMWASPEHRCHWKVLTPNTTVAMAFGPLAAQRYGSELTLGE
ALEGRGDMYRTLLREATAALLNAYYNAPGGPFLYPTTASVMDHMNGALLSSGQRVLLEGA
RFRRANAGGGGPAGRTRLPCDFTPC
//
#	7244
Bits   Query         start end Target      start end   idels introns
946.38 GRMZM2G420121    1  487 1:10609807..10607847    4 1949    0    4
//
Making a R in phase 2 intron
Making a S in phase 2 intron
>1:10609807..10607847.pep
NVLQSSSDKTSALLDTKEETKFVEPDILDKVWHILYDDCLYALGTCVEGELKHFHKARYK
LAQGLYRRGEAGDLERAKEELSFCFKSSRSSFTINMWEIDGTVRKGRRKNPNVGGSRKNL
EVSLSESSRKFITCIRKYMILYLNLLEKNRDLWTLEKAYTYLRTDKRFALCLGDIVPVGL
GKYLQVLTAAIHDPEIRRASGDASVEQLLEKMFTVFIDHANMWADISTIPEVNSPELSET
NLYSYIHQYIHLLESDVRLDVLEGLNEKIRKRFKTPKLSNSNFAKICKHASLAWCRCILI
KLASITPLPESTDATIQPAPLSNGLLLYVDLQPDELLISSPDGPAQFKGLDMNWFETLNR
IKNIPVKQTSEDNLETAVTLMKSTYNFYRESSCGTFPSGINLYIVIPSQASIEGLLQTDT
VVETLDLSIPRKLLLWVYTLVHGRYSNISSVVKYCDEMKLRSKRGTSAASASSQVVQPVS
HSTVSSQ
//
#	8527
Bits   Query         start end Target      start end   idels introns
212.75 GRMZM2G063462    1  202 10:3146611..3140623    1 5980    0    6
//
Making a G in phase 1 intron
Making a G in phase 1 intron
Making a S in phase 2 intron
Making a K in phase 2 intron
>10:3146611..3140623.pep
FQGTIFDPETGYRLHIELAKSTSRRPRGGGEVYRVIDKRTNKTEGNADENVGDEVDEEVW
GGDEDGANDDNGDGESDEPSGTENENSSDKNELPADQSDQPRHKKQNGKSLSNDGRDKSS
NDIPPCSTLFIANLGDTCTKDELNEVLSKEPGFDVLKMRRRGGMPVAFADFTDIESSTAA
MNSLQGTVLASSDSDGLHIEY
//
#	955
Bits   Query         start end Target      start end   idels introns
1634.80 GRMZM2G162781  308 1059 2:74067416..74064964    1 2453    0    1
//
Making a E in phase 1 intron
>2:74067416..74064964.pep
FSGSVPIVNSTTLKVLNLSSNVLSGSLPATMGKCTSVDLSGNLFSGELAILRSWDGIVEV
IDLSSNKLVGSYPNDASQFQNLASLKLRNNSLSGSLPSVLGTYQKLSVLDLSQNTLEGSV
LPTFFMSPTLTVLNLSGNKFSGTIPFQSTHSTESILLSSQPALRIVDLSSNSLTGPLPPD
ISNLQKLEFLILMMNELSGEIPSEISKLQALEYLDLSHNHLTGRIPDMPQNGLKMFNVSY
NNLQGTVPKSVEKFPLSCFRPGNDMLVFPDGLPASGNDDYTGVGQGQTSHGHKAGVRVAL
IIGCIGAVLLVIFIALAFYVVRSQELCGRNGFRNQITIRDLKGRISRPNLFKSPKDNVIP
SKTSFSNDHLLTAAARSMSAQKELLAEASVEYGYTDPKEVAESTSLGVTETSAIQAQEPS
PRSALPTSPHFADPRFLEEPVAFEVYSPDRLVGELIFMDSTLVFTAEDLSRAPAEVLGRS
SHGTTYKAVLQSGHVLTVKWLRVGLVKHKKEFTKEIKRIGSIRHPNIVSWRAFYWGPKEQ
ERLIISDYVNGDSLALYLYESTPRRYSRLSVSQRLRIAIDLARCLQFLHHEKGLPHGNLK
PTNIFLTGPDLSPKLVDYGLHRFMTPGGTAEQILNLGALGYRAPELANTAKPAPTFKSDV
YAFGVIVMEMLTRKSAGDIISGQSGAVDLTDWVQMCNREGRGTDCFDRDITGLEESPRIM
DELLAISLRCILPVNERPNMKTVCDDLCSITA
//
#	2995
Bits   Query         start end Target      start end   idels introns
84.00 GRMZM2G439297   16   83 9:44263209..44262772    1  438    0    2
//
Making a N in phase 1 intron
>9:44263209..44262772.pep
GRVCVPIDPSNCDDFDPAAVPTLSQLLGELNATGFKTDSENNLERTSLGKSISFFRTSFL
HPLLKACK
//
#	13445
Bits   Query         start end Target      start end   idels introns
760.63 GRMZM2G102944   64  602 2:74540439..74536605    1 3835    0   11
//
Making a C in phase 2 intron
Making a D in phase 2 intron
Making a W in phase 2 intron
Making a G in phase 1 intron
Making a S in phase 2 intron
>2:74540439..74536605.pep
NKSFEYRGRESIFVAPGASLQQKPCGALKRPPKPCNRKKHLGGPPPDFSKLKAYFEEVDA
SDLMEESPSPKNFASWNKEMKQNIITHDLPAILERWNISSLARRASSEPLFDIMETPILP
SVLSNNSTTNRGSGTCTAGRAIPEGYTDISLKSTAKDSLITSFGKVNIKEEPVEASIPWN
GEALTAFDQLLMVCRQSAPVTLAEVFSAYCEPGSIKKLGEGTYGEAYKAGRTVCKVVPFD
GDLLVNGESQKRSEEILEEVLLSLTLNNLRAGRGDDVKTNSCNGFIETKDFRVCQGPYDP
SLIRAWEDYDAERGSENDHPKEFTREQCYIVFVLADGGTDLESFALDDYKEAHSLLVQVT
ASLAVAESACEFEHRDLHWGNILLAHDETPDTNNTMSFTLEGKRMCTRTFGLNVSIIDFT
LSRINTGTAILFLDLSADPALFQGKRGDKQAETYRRMKQITQEHWEGSFPKTNVAWLIYL
VDMVLQKLKALAAGNKIERELRSFKKRLASYESAGDCLRDPFFADVLMAEDDELPSMPPL
//
#	8773
Bits   Query         start end Target      start end   idels introns
1351.17 GRMZM2G420723    1  659 8:47900286..47898298    1 1986    0    0
//
>8:47900286..47898298.pep
MRSRRLLRDLLPRLSKPTDSLAQIRQKPQLSTKSGQDAAQSAAAKAADPARAVSLLAERD
WFARINSEFAAPLRELGPRFVVRALQRAAAADEPLLCVRLYVWASRFGQRFARDRSVRRA
LGDALWRRGPVVLSAALVADVRGCGCEVSEDLLCALVESWGRLGLAHYAHEVFVQMPRLG
LRPSTAVYNAVIAASVRAGAVDAAYLRFQQMPADGCRPDCFTYNTLVHGVCRRGIVDEAL
RLVKQMEGVGIRPNVFTYTMLVDGFCNAGRVEEAVGVLERMKEKGVLATEPTYRTLVHGA
FRCLGKERAYRMLSEWIESDPTVHSSAYHTLLYCLSKNDMAREAVQFVKKMGKRGYLLDS
TTFSIVIPCAVKFLESNDLCELVDDFIKKGGNLGFDMYITIIKSLLRCKDISKAKLYLSQ
MVSDGLLSSVASYNMVIDCLAKAGEVERVLETIKVMQESGFSPNLVTFNTLINGYLKLGN
VHDAKAVLKMLMEHGFMPDVITFTSLIDGLCRAHQLDDAFTCFSEMSEWGVRPNVQTYNV
LIHGFCSAGHVNKAVEVLNKMKMDGITPDAYSFNAPILSFCRMRKIEKALKLFNAMSRYG
VSPDSYTYNALIKALCDERRVDEAKEIVLAMESSSCIAANQHTYWPVVGALTKMGRFNEA
GM
//
#	11049
Bits   Query         start end Target      start end   idels introns
167.90 GRMZM2G057388    1  101 9:56865435..56865122    1  311    1    0
//
>9:56865435..56865122.pep
MGLSPHPNFQTHPHAASRSQNPSLVAMASSLLRSGHRLFLRRHRLSAAFSTGAAEELIDV
RKLPTDYDPSTFDPSSPSRPPPSDRVXRLVXDVSSLTLAETSS
//
#	1299
Bits   Query         start end Target      start end   idels introns
1198.88 GRMZM2G131820   10  603 2:70601059..70599196    1 1864    0    1
//
Making a G in phase 1 intron
>2:70601059..70599196.pep
ARVAAARPLSVSARPRLPPPSPSPTTAVPAFTPHAFHTQLASVAPHLPSLLAALSRARAA
RLPLLPVTRALAASALLRHGRLPDALAHFSHLPDSDPTAPLPAPLCNSLLAALASSAGSL
VHARKVLDRMLARAVDLDTVGFGVFVKAAGRKDDGLAEVLRLVDVVGCQGRQVNRSVVVA
MVVDGMCREGRIEDAWRALEEMRLRGWKPDFVAYRIVAEGFRVAGRVEEEGRILKQKRKL
GVAPRKDEYRECVLVLVSNRLVTEAKEMAEAVVLGDFPIDDDVLNILVGSVSEIDADGAI
MFCKFMMEKERFPSNEMLVHLCESLCKSGKGDKMWEIFRALLDKGYCRNARDYHLVVSFL
GKAGKVREAYGVLKEMKKKRLEPDISSYNSLMEALCRNDLLRPAKKLWDEMFTSGCSPNL
QTYNILITKFTEMGESEEVQHLFDHMFQKGVAPDGATYTSFINMLCQENKYERALEIFKK
SWTQDAGVASSVLSSFILALCEQGNFKAALIVMCNVPSHVENLNSHIILLKYLTDVGEVE
MAIEHLKWIRSNCSSSFENVMNELMASLATSASLQHVTKLIQYLHSQRLVDDA
//
#	1318
Bits   Query         start end Target      start end   idels introns
1129.64 GRMZM2G127299   48  757 7:2482737..2477730    1 5008    0    9
//
Making a C in phase 1 intron
Making a D in phase 1 intron
Making a D in phase 1 intron
Making a G in phase 1 intron
Making a E in phase 1 intron
>7:2482737..2477730.pep
KRKCVASVNSEEGEGASGFSVPREVFSLPRMTAVDKKDLEMRLRHELAQVRDLQSRLFSR
GPAVSMNGAAVMPAPPAGDVHPKKKVEKLKRSESMQTDRGAPPPVAVAVAPPVASSFNYT
SSFKQCANLLKSLMGHGWAGPFLVPVDIVKLNIPDYFTIVKQPMDLGTIQKKMKAGMYST
PREFAADVRLTFSNAMNYNPVNNDVHLMAKTLSKNFETRWRLIEKKLPKPDEKPPRDERP
PQPDERPPQPVEKPPVREPTKKNSTKRVAIEKEDPSKKKPSKKNVPKQDIFREEDSADNP
VLQPKKRKTSPLVQDAPLVEDIVPTRKRMMTNEQKYDLSARLQSYGAFIPDHVVEFIRSH
ADNCDADEEELELDMDALGDDTLFELQKLLDDYDRVNPSRNLTEEEPHEVESQSQYELMN
PSVCNNELINPSVCNELIDEDVDIGENDPPVSTLPPVVLEDETADRSSKHSTSSSSSSGS
ESSSSDSDSSSSSGSDTDAKAPQQNSGPKEKILPVDGLDKEKDSLNTLNLPEQSTNPISV
SADGEGGNVSEKQVSPDNPDKQIRAALLRSRFADTILKAREKALDQTTKKDPEKLRRERE
ELERVQREERARLQAEAKAAEDVRKRAEAAAAAEAAAEAKRQRELEREAARKALQEMEKT
VDINEGSHFLKDLEMLGSVTGEQIPNLVGETSPGFEMGSNTLEKLGLYMKNDEDDEDADF
TDEPVVDVEEGEID
//
#	11176
Bits   Query         start end Target      start end   idels introns
37.48 GRMZM2G411260  237  377 10:84991..85936  536  946    0    0
//
>10:84991..85936.pep
YDHAGLVSLMNRLRSGSQDEQRAAAGEIRLLAKRNVNNRICIAEAGAIPLLVNLLSSSDP
RTQEHAVTALLNLSIHENNKANIVSSHAIPKIVEVLKTGSMEARENAAATLFSLSVVDEN
KVTIGGAGAIPPLINLL
//
#	6308
Bits   Query         start end Target      start end   idels introns
484.15 GRMZM2G124136   22  457 7:4619143..4620669    1 1524    0    1
//
Making a R in phase 1 intron
>7:4619143..4620669.pep
RKPPGLQLLGGAGSLRTYQTLVLVLTFFAYTCFHMTRKITSIVKSALDPQTKVGFSHWGR
LHMSKSNALNTGWLPFNTVDGSALLGEIDVAFLAVYSIGMFFAGHIGDRMDLRIFLTIGM
IGTAIFTTLFGAGYWLNVHSFYYFLVIQMLSGLFQSIGWPSVVAVVGNWFGKSKRGLIMG
IWNAHTSIGNIAGSLLAAFLLKFGWGWSFAVPSLIMALVGLMVYIFLPVNPEVMEIDIDS
GEFNCEKDAVKEPLLEPGQEVKHQAVGFLEAWRIPGVAPFALCLFFSKLVAYTFLYWLPF
YISHTRIGGQYLSDAMAGSLSTIFDVGGVLGGVLAGHISDRLNARAITAASFMYCAIPAL
FLYRTYGSMSIMWNISLMFITGMFVNGPYALITTAVSADLGTHSSLNGNSRALATVTAII
DGTGSVGAAIGPLLTGYISSKSWSAVFTMLMAAALLAGLLLT
//
#	12949
Bits   Query         start end Target      start end   idels introns
655.04 GRMZM2G058366    1  408 3:953162..950550    4 2613    1    5
//
Making a L in phase 2 intron
Making a G in phase 1 intron
>3:953162..950550.pep
PRPQTPXMFRPPNGFGAPPPFPPQPQPWQWQQPPPPPPSPSPAVTFWQRDNVRDHVRKLK
QTIELSTALIKELEEIPAARNSGDATTQESALSLAELPSGSGDSSEDKPLRFVELARSMG
ISQDTHESMATDAANYLCHQLQQLLGPISSATSQGGPWEERSAMVRLTQKLQKYKRNKRW
RQRRRKHVAELFQKERADYDRIDQEADEWRAKQIAKDIAKRKVESMQQIARKKANEERKH
LESELELALMVEKLQELRSIRVQKMKKQGHFLPEEDDKYLERVKAAVEEEERQAASAART
NAVKDAILTAEESRKPPQNANSQEGGSEQPSGPSEDKDLGDGGISERNDQASQKTEHEDE
GHRFEGKGLEHHDPVSNLPFEFYHYYHGSSYDMGTLIEV
//
#	15100
Bits   Query         start end Target      start end   idels introns
38.55 GRMZM5G885473   42   81 2:17121282..17121050    1  122    1    0
//
>2:17121282..17121050.pep
QAVYQKAGNIFFRKSVKSVITTEQSMLNCPSPLLXRLSPV
//
#	13617
Bits   Query         start end Target      start end   idels introns
204.01 GRMZM2G325008  159  589 1:1329589..1330902    1 1311    0    0
//
>1:1329589..1330902.pep
EHILGVNYGTLGDNLPLPQRGLELARSAGASAVRFYDANATMLAAAAASGLEFVPSVPNE
LIPSLAASQRAADAWVATTLLPFRGNPRLRYLFVGNEVLSDPTARSRWPRLVPAMANVHR
ALHRHGLGSVKVSTTFSMHELEGQNVFPPSAGAFRPDIAGAVVRPLLAFLDRTGSPLFVD
AYTYFTWSANHTVVPLPYALLAPASGYVYRDPGTGLSYTNLLDQMLDAVVAAMCRAGHCG
VGLALAETGWPTAGDLDQFGANVRNAATYNRNLARHLASGAGTPRRPRARVAPAMVFALF
NEDLKWGPGTERHWGLFYPNGSAVYEVDLTGRRRSLPSYPPLPPASNDRPYPGPLWCVVA
TDKGPVNETAVRAQVAAACADVPGLCDPVRPGGACFLPDTVSAHASYVFSAHWNRFSEDY
GGCYFAGFAVETTVDPS
//
#	12352
Bits   Query         start end Target      start end   idels introns
1586.88 GRMZM2G049759    2  969 3:63753628..63758498    2 4871    2    3
//
Making a V in phase 1 intron
>3:63753628..63758498.pep
XSSAAAVAGVGGPNPCCAKLWKKYQKLETSRTALREAVKLLQAENEKLQKENSELSKVCK
EERLRGDSAEAARATESDARDLLEKEIIELKTQNSSLKQTQNTCKNNDELLRISELEEEN
RKLIQVLGEERKKITSEKKKFEEEKCKTLEMQRILKSETQKSEEYRKVADTERKVANDWR
ASCERLRSEGNQIRAQLTAQIQKTEEMLKRVEAEKQKVAREKKHADSEKSLAEKNKTLIE
VERKKVTEEKCRADNLFAKLEEQKKLNEHLRTSIQVETKNAIEEKKRADHLFQKLEEVRK
QAEYLQRKTNELSAGRDVISSGKYGRRHVDRTSESANVKLLKEKLKLKKEQLKHVKNVSK
LDKAKTTLIRRELQRLKQDWMQLLGRFNILDDHLARGVEGIHVLTEVCILHSSYYCLHXF
VKLNQHPEIRGFEQKLLPNDSVPAPYFGLQAGIVPFGSSIPSEYTSYQLPRESCSRPISG
TSSELGPPLGSSHRTKSKSQHRSLCPTSISDEKFMGSQGKDRLFVSSTDIRKKHNSVVSE
LPPKVSNDRALPPEALRIPLSCGTEVTDKRETLGGDRKRKRTKRSPEPSAFLPSKSELHL
IPKLHAATSNVALAFEDDPSCLQQGNNTMCVTEGDMENHRRKYLAVSDKAPPSSFPSKVS
SCGGNGCASSKFSSLIPFEEVVRENCLKLLNMDDDADEEKYRKAKERPLSPNLTVIRPRR
TKVPTYAEPHGSVRSLNNCSALGSDAIDSKIRPKEVKEPAIQKLTQNCIQLDPSSNIIEC
SGIAKPLSTNDKSNAAVNVSCSTSLVLVPTSASFGSLLHEDVVQNSVASSAEGLDSISRP
VLSGSTCSGHSNSILHLSKEVPTKNSSHQICDKSSSPGLEANVGTSETTVTKPNNSVSNR
LLGHHCGSEKPPMHLVGVTGMKRSNMMNIFRYWEILSSQSQKHSNKASVDGPLLDKVSTD
TLLPTE
//
#	9853
Bits   Query         start end Target      start end   idels introns
349.60 GRMZM2G380195  376  830 10:7940629..7939010  253 1620    0    0
//
>10:7940629..7939010.pep
QLHAILVRLGVAADVRLMTTLLDSYAKCGDLASARRVFDEMSVRDVATWNALLAGLAQGT
EPNLALVLFRRLAGSFRELPPREEPNEVTVVAALSACAQLGALKDGLAAHDFARTIGAVG
NVRVCNALIDMYSKCGSLSRALEVFHSIKLEDRTLVSYNATIQALSMHGHGEDALKLFDE
MPARIEPDEVTYLAVLGGCNHAGLVDDGRRVFDSMRVPPNMKHYGTIVDLLGRAGRLAEA
HDMIMHMPFPADIVLWQTLLGAAKMHGNVDLAELAATKLADLGSNVDGDYVLLSNVYASK
SRWVDVGRVRDTMRSNDVKKVPGFSYTEIDGVMHKFINGDKEHLRWREIYRALDEIGSKI
CELGYEPETSNVLHDIGEEEKQYALSYHSEKLAIAFGLISTPPGETIRVIKNLRICGDCH
VVAKLISKAYGRVIIIRDRARFHQFEDGQCSCRDYW
//
#	828
Bits   Query         start end Target      start end   idels introns
599.98 GRMZM2G166931   55  371 1:3880067..3882365    1 2299    0    3
//
Making a G in phase 1 intron
Making a R in phase 2 intron
Making a G in phase 1 intron
>1:3880067..3882365.pep
RSLDMKKGQSRNSLKTFSSSGHSGVRLNNEDLINDRLLIDCGEDQDCVLGGIVALGKFDA
LHIGHRELAMHASKAGTPFLLSFVGMAEVLGWTYRPPIVAHCDRKRVLSSWAPYCRNVVP
LEYQVEFSKVRSLSPRQFVERLSKDLRIKGVVAGENYRFGYKASGDAAELVKLCEEFDLS
AFIVRSVMDTAKRSHNGVSAAINSSDKGQVSSSRVRHALAMGDMEYVSELLGRKHRLVLM
VNQHCLHEKKNIVLPNSCMLNMPPAEGLYENCDLVNGGYLGPCRVIIDSDTIIIEMKDEN
SLSLNPIQEVQQLGIEFG
//
#	6704
Bits   Query         start end Target      start end   idels introns
416.99 GRMZM2G021517   16  421 3:2116243..2117484    1 1239    0    0
//
>3:2116243..2117484.pep
YELGRMLGQGTFAKVYHGRNLASSQSVAIKVIDKEKVLRVGMIDQIKREISVMRLVRHPN
VVQLHEVMASKSKIYFAMEYVRGGELFARVARGRLKEDVARRYFHQLIGAVDFCHSRGVY
HRDLKPENLLVDEHGNLKVSDFGLSALKECQKQDGLLHTTCGTPAYVAPEIISKKGYDGA
KADIWSCGVILFVLLAGYLPFHDSNLMEMYRRISRGDVKYPQWFSSDLRRFMSKLLDPNP
NTRITIEKLVEHPWFKKGYKPAVMLAQPHGSNSLKDVQVAFSTADNEGGSKVEQPAGSSV
KPSSLNAFDIISHSKGFDLSGLFAVDQEQKASNSRFMTQKPASAIVSKLEQIAETESFMV
KKQDGLVKLQGSKEGRKGQLAIDAEIFEVTPAFYVVEVKKSAGDTLEYERFCN
//
#	2096
Bits   Query         start end Target      start end   idels introns
343.78 GRMZM2G389155   13  216 3:42083046..42083675    1  630    3    0
//
>3:42083046..42083675.pep
ADKDAELSPPRCEWEFRLAATVPTTALPGASDAIGSVDFDPTSRLLATGGIARKIRMYDV
ASMLLLDDSTGARAGPGPGPATCICVPAKLSSVRWRPGGGXASSSSSVVGCGDYDGVVTE
YDVERSXASWERDEHAGRRVWSLDYAPXGSAMAASRSDDRTTHVWGPRAPSGGWATARAG
GAVLCVEFDPSGAPHLAVGSADRRAVVYEM
//
#	14056
Bits   Query         start end Target      start end   idels introns
273.77 GRMZM2G312954  319  917 5:2777149..2774599  638 2356    0    0
//
>5:2777149..2774599.pep
LLKGLCDTKRVGEAMHVLLRQMPEVGCRLGVVSYNTLLKGLCDRRRAEEARELLHMMVDG
QDSSCSPDVVSYNIVINGFFNEGQVDKAYSLFLEMGVSPDVVTYNTIIDGLCKAQEVDRA
EDVFQQMVEKGVKPNNVTYNTIIDGLCKAQEVDMAEGVFQKMVDKGVKPSNVTYNTIIDG
LCKAQAVDRAEGVFQQMIDRGVKPDHVTYNTIIDGLCKAQAIDKAEGVFQQMIDKGVKPD
NLTYTIIIDGLCKAQSVDRAEGVFQQMIDKGVKPNNGTYNCLIHGYLSTGQWEEVVQRIK
EMSAHDLEPDVFTYGLLLDYLCKNGKCNEARSLFDSMIRKGIKPSVTIYGIMLHGYGKKG
ALSEMHDLLNLMVANGISPNHRIFNTVICAYAKRAMIDEVMHIFIKMKQQGLSPNVVTYG
TLIDALCKLGRVDDAVLQFNQMINEGVTPNNVVFNSLVYGLCTVDKWEKVEELFLEMLNQ
GIRPDIVFFNTVLCNLCKEGRVMEARRLIDSMVCMGLKPDVISYNTLIDGHCFASRMDEA
VKLLDGMVSAGLKPNIVSYNTLLHGYCKAGRID
//
#	3967
Bits   Query         start end Target      start end   idels introns
719.43 GRMZM5G809078    2  631 2:67461385..67452155    2 9231    1   12
//
Making a R in phase 2 intron
Making a R in phase 2 intron
Making a E in phase 1 intron
Making a G in phase 1 intron
Making a V in phase 1 intron
Making a V in phase 1 intron
>2:67461385..67452155.pep
RFLARXAASASKFTGRKQMSPVVFYGTPQGVQVKQPQSFLKLLHVIRIDLKKQTDFIPRD
VVWATFPRQDGAIRFSKAHTHTNVFSYQDHRSGTRRFLVSTYEEFWKRYNDMDSNIRHHY
EVIQEGSPCHIYFDLEFDTRLNKKRDTDEMVDILIAVVFSALRDKYSIEGHEEWITELDS
STEEKFSRHLIIRIPKIAFKDNSHVGAFVCEVCSQIAAQRAANPDLDKLYITKESSSGPI
DQLFMDTAVYSRNRCFRLVFSSKSGKKSFLVPTKRFKCQEMNDKDVFMESLICRLDDNCE
KLLICKLDLECKKTLHFDSEISMPQIQGRSYRDCIATYRSDLSQSYTYGKSPFPALDGFI
ESIASFGNVSGKIRSWFWFSQESLIIYNILRSRYCENIGREHKSNHVFYIVDFQRAAYYQ
KCHDPDCQVGYRSPLRPVPWDVVPELMESDQIEYQGNVMEKNIENGNINGKSSMEADAED
PGWWEEVVKFADSIENMDHALCTLEVKSDTSMENMDHAPSWCSLGENGYFDADPEWLIHA
ESAMQQYEEQSRGSQSQATSQVFDL
//
#	16276
Bits   Query         start end Target      start end   idels introns
140.43 AC211512.4_FG002    1   88 2:74031054..74031506    1  453    0    1
//
>2:74031054..74031506.pep
MEWVMKKRKAFDQRGDMAVAAWAEQQQREMTLRARRLSRSKVDPEEERKLFAKEKKASME
FYSTTLKRHTLVLRKRDIMRKKAEEERD
//
#	12256
Bits   Query         start end Target      start end   idels introns
176.41 GRMZM2G009014    1   88 1:70797288..70797025    1  264    0    0
//
>1:70797288..70797025.pep
MDRRILRSSSCNGSGKNPPPSSPAAVSRSASSGGIGSKDVDAAGERTALLPQQPPGGIAR
KGRKGPKRRVQWKDRHGSRLTDVREFQP
//
#	9201
Bits   Query         start end Target      start end   idels introns
1241.60 GRMZM2G078416   55  623 1:7175997..7174300    1 1698    2    0
//
>1:7175997..7174300.pep
QKASFSTVGFDLPDWFLNPKDGEPCSRLDGNGDEDFVLPAKSDFSEEQGCPATNGGSRPL
SILASCPASHEDAEFEADVDEVSRILRSRFASPEAIVISMDCCPVRVSARLVNKVLSRFS
NDWVAAFGFFTWAGTQAGYCHSADLYDMMVDILGKFKQFDLMCGLISQMHEIGGLVSLAT
MMKVMRRLCGANRWSDAIDAFHKMDRFGVAKDTKAMNVLLDTLCKERSVKRARGAFQALK
GTIPPDESSFNTLVHGWCKARMLKEARETMKEMERHGFSPSVITYTSLIEAYCMEKDFQT
VDDILDEMHTKGCTPNIVTYTIMMHALGKAGRTQEALDTFDKVKQDGCALDASFYNSLIY
ILCRSGRLQDANFLVEEMHRTGISPNLTTFNTLISAACDHSQAENALKLLVRMEEQSCKP
DIKTYTPLLKLCCRRQWVKTLLFLICHMFRKDITPDFSTYTLLVSWLCRNGRLTQSCLFL
EEMVLKGFAPQQETFDLVLDKLKKMNMLSAVRKIQLLRMHTEGTRCRSGVPSYLREDGHG
RQCYAVLSNTSEAESXIDXKKVPRAV
//
#	4348
Bits   Query         start end Target      start end   idels introns
173.08 GRMZM5G856067    1   87 9:7388644..7388303    4  333    0    1
//
Making a C in phase 2 intron
>9:7388644..7388303.pep
RSDEFCRCQACLGKYTLLGDEENPRLSIYDRRLPCCGCGIGWSCFLLGFLCPIIWYVAAL
LYCCKYYNRDPRERPGLAASAVL
//
#	2873
Bits   Query         start end Target      start end   idels introns
133.97 GRMZM2G050218   40  186 4:8350844..8350216    1  629    0    2
//
Making a D in phase 1 intron
>4:8350844..8350216.pep
SFSKHFEKYGAITDSVIMKDKHTKMPRGFGFVTFSDPSVIDKVLEDDHVIDGRTVEVKRT
VPREEMTTKDGPKTRKIFIGGLPPSLTEDELKDHFSSYGKVVEHQIMLDHSTGRSRGFGF
VTFESEDSVERVISEGRMRDLGGKQV
//
#	12610
Bits   Query         start end Target      start end   idels introns
105.74 GRMZM2G045779  158  278 2:5297800..5297239    7  381    0    0
//
>2:5297800..5297239.pep
LRALGYDAAVCTSRWEKTPSHPAGEHEYIDALVVESGSGSGSGAGRLVVEVDFRSEFEVA
RPTKAYRLALQALPPLFVGTPDRLGRIVAVVTEAARQSLRKRGLHFPPWRNHEYMRAKWL
SPHSR
//
#	7093
Bits   Query         start end Target      start end   idels introns
147.47 GRMZM2G113287    1  125 1:66486912..66486388    1  525    0    1
//
Making a G in phase 2 intron
>1:66486912..66486388.pep
LNGMLRLHAGASTVACAPATPLPRQVTPRRAARGRRLGPCSAKKKKNAASEDEDEDDRRA
GGGGVLSRTVLLRAGVALFALGFVDAGYSGDWSRIGAISKDTEELLKLGAYAVVPLSMAL
VFSLSEDHSDRK
//
#	8510
Bits   Query         start end Target      start end   idels introns
175.83 GRMZM2G395672   19  138 8:5751073..5750361    1  482    0    1
//
Making a K in phase 2 intron
>8:5751073..5750361.pep
KGAWTKEEDQRLVAYIKAHGEGCWRSLPKAAGLLRCGKSCRLRWINYLRPDLKRGNFTQE
EDELIIKLHQILGNKWSLIAGRLPGRTDNEIKNYWNTHIKRKLIARGIDPRTHQPASAGA
//
#	14620
Bits   Query         start end Target      start end   idels introns
142.97 GRMZM2G457147  108  398 7:668934..668042    7  893    3    0
//
>7:668934..668042.pep
RTAPSAXACVLMRRELDEYMSYDVGAHCPDDWDLGQRLMLGGCDPLPRRRCLVPASKLFH
RPLPINESLWTLPDDGNVRWSRYHCRGYRCLSARNQRRGYDXAWGASTWTGRSSGGWWAR
RRRPXNRTAAASSLLADFRIDDVLAAAKPGEVRIGLDMSVGTGSFAARMRERGVTVVSAA
MNLGAPFAETMALRGLVPLYATMSQRLPLFDNTMDLVHTAGLLEGWVDLQLLDFVLFDWD
RVLRPGGLLWVDKFACARKDLDDYMYMFLQFRYKKHRWVVSFKSKDQVYLSALLEK
//
#	10152
Bits   Query         start end Target      start end   idels introns
89.61 AC194104.3_FG010    1   59 8:3558133..3558294    1  156    0    0
//
>8:3558133..3558294.pep
MERAENERLRRMAQGKCLENLLIMQENEWMRRKAQQLDQENKALLAELKQRQ
//
#	14257
Bits   Query         start end Target      start end   idels introns
161.16 GRMZM2G073700    1  114 4:57398089..57397619   28  471    0    1
//
>4:57398089..57397619.pep
PAHAPPGGGGGSGGPHNHRSRFGDTTLTKVFVGGLAWETPSEGLRQHFEVYGEILEAVVI
TDRETGRSKGYGFVIFRDPDAAARAVQNPNPVIAGRRANCNIAAFGPPRAAQ
//
#	9973
Bits   Query         start end Target      start end   idels introns
702.90 GRMZM2G160046    1  391 1:2696741..2698194    1 1454    0    3
//
Making a R in phase 2 intron
Making a R in phase 2 intron
>1:2696741..2698194.pep
IIGFSICMQLSEVSDRCYGLTLAPGEQMIAVVRSLDLNLLNQMYQVRTQKAVVEFIWIGG
QFVGIPLDRSIDICSPESADLSSSNLMWWRSNILWSLKKYENVEKRLVLWDVVAALQELK
KSAPAFLETLVHSWVSALFSGDPGCVSINAPSCSMHDMMPYVSSRKLHLLNIICRKVMLS
NHAQHGPGAENSNEETTDLWNTLLVRSETELRERLVGFTFAAVLKRTASLFNGTSTETCW
FPVGVAQMDSWVSMNYEKVHSQLQSIRSKIKDLGSRIDGYSDVESCPYCSSPVHFESPDV
AICRERHTLSRCRASMILCSVVQPVWHCVCCGGTVDKLLPESFFSMQTSTIHDEGSLDLS
AASVALCPFCGILLQRSMPAFLLSTSPV
//
#	12652
Bits   Query         start end Target      start end   idels introns
497.67 GRMZM2G060987    1  378 9:3937377..3933864    1 3514    0    9
//
Making a D in phase 1 intron
Making a R in phase 2 intron
Making a S in phase 2 intron
Making a K in phase 2 intron
>9:3937377..3933864.pep
MGKASKGSRKGKKAWRANIRTDDIDDFFEKQTRDAHAGAAAIPSLPSDSLFFVDKPAASA
STSAAGASDTTTKDIPVKRKIEKKREKVLYHESLLKRNPFVQPIPSSVVSKKDKKKAKKK
ELQETQGEKSVPMEDDSVVKNFDIWAVDGRGDSKAKKRSTTSVIPAVEVEPAGCSFNPPL
EAHQDSLAQAVADEKRKEYMKELGPAPVPLIVPGEAITEEDKFFLDADDGDEDAAEEDGD
QDADNSVGQRKNKTKRVTRVELNKRARRKERLRAEAEAKKMENISKEIDSLPNIMNEIAK
EDKEKEKRRIRRTVVKEERRKLGPPRLGRHKFEPAPVQVLLTEEISGSLRKLKGCCNLAR
DRYKSIEKRGILAPSKRI
//
#	6845
Bits   Query         start end Target      start end   idels introns
364.11 GRMZM2G168959   33  381 7:6011259..6008097   68 3163    6    3
//
Making a R in phase 2 intron
>7:6011259..6008097.pep
RLSLKTLCSSSSSSDYSPARTPPPLHGPSLRRGRAPPDHPDDPFARSFDLAALRVPAAAC
APLERRLRGHLLNWPRVRNVVRLPNDQEGLLALPSPPRLSAEELGTPSPVARREKLAREF
NARGFVRFPNLARLSRPSRPAARKRRERKAGGESDEEATRGRDKGKVYVVEVVGEGRKAX
EDDDDLKGLVGEEGLGRXVRRTGPSRXLLLDEKYAGRRGDELPKPVRXVLGHESHQNGSS
AYELVHCQLTLFYNYWLMHDXHEALLPDEGVIIPTGFETVGYIAHLNLWDEHLPYKKLIA
QVVLDKNKPKVXTVVNKTDSIQNDYXTVQLEVLAXMIRNDSLRTTVIESGLRFQVDLGTV
Y
//
#	3965
Bits   Query         start end Target      start end   idels introns
102.11 GRMZM5G889520   92  200 1:69200535..69201099  239  565    0    0
//
>1:69200535..69201099.pep
KEEGDDEEDDDERDATIPEVVTNRMMRRVGASVGLPLALGVGFFPVFYYLKAVAKVDVPT
WIPFGVSFVFFGAALAGVSYGIVSASWDPAREGSLLGWNEARRNWPVFW
//
#	14104
Bits   Query         start end Target      start end   idels introns
555.07 GRMZM2G315594    1  408 4:154647..151323    1 3325    0    8
//
Making a R in phase 2 intron
Making a I in phase 2 intron
>4:154647..151323.pep
MEATSPPHPPTTVRRNPPRRARPPPTPFTGAKSKASSVSRLLEEAASAASVPRPPPQQDR
LKVFLRIRPLPDQRDRRRPVPAPKEPRRKPKQAGAGVEPGPEEVCLAPTGPNSVALTVPR
SKLVDAKRGRTEVFDGFSAVFPSNSTQHDIFVQVMNPLVDDFLGGKSGLLVAMGPTGSGK
THTIFGSPRNPGILPLTLRRIFDTQGENKVASKPARSFFLSMFEILSEGKGERILDLLSD
SVECVLQQSAIKGLQEVVALSNPTDAESLVLRGMLKRSTAATNANSNSRHALALLTNIRS
QCIITIRADSEHPLSSAVLTIADLAGAERERRTGNQGSRLLESNFINNTSMVFSLCLRSL
LEHQKNQKKPLEKHFKNSMLTRYLRDYLEGRKKMTLILNVKPGDDDYLDTSFLLRQASPY
MKIKY
//
#	11984
Bits   Query         start end Target      start end   idels introns
1385.67 GRMZM2G057646    2  901 1:63276546..63282290    2 5745    1   10
//
Making a R in phase 2 intron
Making a R in phase 2 intron
Making a R in phase 2 intron
Making a S in phase 2 intron
Making a R in phase 2 intron
Making a S in phase 2 intron
>1:63276546..63282290.pep
RGXSADQDTRFSNKQAKLLKTQKFAPELDHLVDMSKVKMDVMKPWIAKRVTELLGFEDEV
LINFIYGLLEEKEADGKKIQIQLTGFMEKNTVKFMKELWSLLLSAQQNASGVPQQFLDEK
EAEIQQKKAEDDRIAQEIQKKREKEAKDSELEKNKMTDGDAGNSRSFGDPVGSALNSTNF
NADEEKDNDFKRSLRPKNRGSRRSRSISLSPRGRQRSISPRNNSRSPPRRSRSIDRHRRS
SRRSPSPRHSVSPRRHSPRTTTSISRRRSPYSRRGSPSLSRYPSPSSRRRSPRRRKSPSS
GPERSLSPRHRRSPARAPRRSPSPTSRRSPVRRRFSPGRRPSPSPARRRPRSPSPGRRRP
RSPSPGRRRPRSPSPRRRRLRSPSPGWRRPRSPSPGRRRPRSPSPGRRRPRSPSPGRRRP
RSPSPGRRRPWSRSPIRRRSPSPKRRRRSPSSPKTRSANRRSSPQGRRSITPKTSRSPDR
SRRSLSRDIEKETNGIPSIKDRDVHPRGQEQKSDDADRDVARIGGRHSPDSEHRLSKSLR
SPNYEERNSKRDSSFKNSGKHIPSQGSADTSGDEEGSRARENARKANSARRKTKDFSAGL
ELKKVGAGDSSPREKSPFSLRQSGKGVQKKHPDQLSESSEDELVGTGIKRQTDSPEDSHG
KQCSPTRIENDATYSKDGRNSEHVMRGLRDDSDDAIDAKKYLSKVNEDSQLEDGSPLKKT
KKRTYGNSHNDSGSSGSEERDKHRSHSEKRRHKKAHKHKKQYDDSSESDSEPDGKEAKKR
RKEEKRLRKEERRRRREERYRRRAERHASKQKLKNTDTAAVPSDSEKDRDSDSDVAVRKR
GSHAGREESDQKKLEIELREKALETLRAKKAINN
//
#	13388
Bits   Query         start end Target      start end   idels introns
299.95 GRMZM2G163436    1  163 1:22285536..22284629    4  899    0    2
//
Making a R in phase 2 intron
>1:22285536..22284629.pep
REGFLGSTHEFRNRFQNPIENGQHMNSTSDDVKIMNQRSHILFEQLKGFVQRKSMNVVKN
DLPPKKVFVITVKLSQLQRKLYKRFLDVHGFSSSGYSEKSHSSFFAKYQTLAQVWNHPGL
LQMAKEQRGNLRREDTVENFMMDESSSDDNVENYLPNG
//
#	8557
Bits   Query         start end Target      start end   idels introns
1135.09 GRMZM2G004736   66  722 1:55652881..55648867    1 4015    0    6
//
Making a S in phase 2 intron
Making a V in phase 1 intron
Making a R in phase 2 intron
>1:55652881..55648867.pep
TLLGVTQEFRIVKDNRIKLKEVSETLPEASQNGDSSNECAFSNVKDKSSTEKLAAQQHLV
TCNTNGHGAAHADNVIKSATQAHDKEVKPSIVIKLEQSEGGQSSLVGSPAVSGKGNQNTV
DTAASGKNNFGVELCCSSSDPIHVPSPGSKSAGTFGAIKREVGVVGARQRPSNSAATTTS
ASNGLVKVVSAPKVSPHLEWKPKSVSPSSISHAVTAAPPAAPSPVDDGSKTEVSALSKKL
SHANVSHEHVIIPEHIRIPDSERTHFIFGSFESEIDPKASLTASCDIVAKEELNDHSPSR
MDNVVSCSPLPQSESAVSVSEHQQSLTECVEVRTPGVVGEYGTNEMISSKVTHSQPRLQH
QETTQNFKAYEPDSGYGMSFITKVVDGEAAQSIAYSSEAMVLHSVNAYQLPASTATQQPV
PQMFSQQFQVPHYPNFLPYRQVFSPQFGSPMVVPNYSSNPAFPQLPHTSSYVVMPNGASQ
LSANGMKYGSNHQYKQVFQGAPAGYGYANHNGYPVSNGVIGGTGAIEDTNMSKYKDNSLY
APNPQVVETADVWFQGHRESANMPSAPFYNMVGQPVSPHAAYLPPHSGHTAFNPAPSHPA
HLQYPSFAHALHPTSMTMVQNPQAMVHQPGAPPLAGNLGLDMAAMVPGSQVGAFQQNQWT
TQSF
//
#	8076
Bits   Query         start end Target      start end   idels introns
2224.35 GRMZM2G429213    2 1329 2:75116098..75121951    2 5854    1    9
//
Making a R in phase 2 intron
Making a E in phase 1 intron
Making a X in phase 2 intron
Making a L in phase 2 intron
>2:75116098..75121951.pep
XSDASSPKSGNQIQSRIGGARSPPQQMSRLSGSNELNTLAISPPKPSILSATRRTGISPL
DATDDDHLTPSTEFEREEQAKAKRLARFHVELSRPVENTNDFVKALKSSADKSKQATSVG
KTPMRTNDDTDESTLADMDSTSLAAIVGLCPDMCPEPERAERERKGDLDRYERLHGDRNL
TTELLAVKKIRLHIIAMHELCEYNKGEGFSEGFDAHLNIEQMNKTSVELFQMYDDHRREG
VFFSTEKEFRGYYALLKLDKHPGYKVEPAELSLDLAKMSREIRGSPEILFAREVARXACR
MGNFISFFRLARKATYLQACLMHAHFAKLRRQALASLHSGLQNGQGIPISQVVEWLGMED
EDVESLLEYHGFGLRQYEELYLVKEGPFLNSESDFPSGCSQLVHSKKSQRVVDDVSSGPV
CAPIGKEKTVFPYPGQLAAGKRDLFLPQNAPGIPPDGRRDLDPSFPGPVSTTPDRQISSL
FSGPFSPKAANKLFSSTHPKPLSPTDARKDGFSSFPTAASPRTGKRDIFSKTPKVASPKT
EGKTKLANDLIAEGRDSGVAEVPQKVEMQTDLLWSQANTQHVNALAEPIVSHSLADSISL
EYSNMYGPEDDFRAHVSGIGTDMDEGTPPDHEVLVEPGSPISSPLPDHEEYEDHSISNSA
NDDWLPIVTSTKKLISDENLKAILRLKWRQRAADKRLIREQKNALAVAALCSLSLGPPVH
KNTMVPKLAVEELDIGHAFKERQARKQRSWSRLNVSELSGPIINENNPDARCLCWKLLVL
VPPGAMESQTNSYASKWLLRKLMGYGIGESGLVVSSAGLSIWTEWISFPNACCLSVVRTS
DQQVIDNDTANSTSSVVFVVSESISWEMQKERFNSLLAYIPDGSNLPLLILSGDTYNEGY
DYASKYIIDRLGLSGLIGGKIGSSLVIFLVENYTEDHANGFFDDDKLREGLKWLISSLAR
QPDVTFVKTHELLLDFLNPQLELLNTHVAPGAGPGDCISVFNNAVNQLAEEILAAARANS
SQWPPPEIDLLERTSNERIYAEMFLPSIGWSSPSRIQPLLAAINSCKIPDFSYDLSWLNH
GSHMGQQIQDQKLLLQECLARYLTESVRLLDETQVVTEVDIMVQKCVGLELRDSSYYLAP
RWVAIFRRIYNWRLAKLSTGEFSEAYVLTQHLYQSPAAAGSNGTTQGLTANNTTRDDVAI
LEDHIMMPAVSTGISLDEIIEISCDLDAVDAQPVTPLPPRLPAQVHEEPQAPTDTN
#	290
Bits   Query         start end Target      start end   idels introns
85.41 GRMZM2G079397   81  117 2:73621289..73621399    1  111    0    0
//
>2:73621289..73621399.pep
MFDDQDLGFFANFLGIFIFVLVIAYHFVMADPKYEGN
//
#	12579
Bits   Query         start end Target      start end   idels introns
530.76 GRMZM2G055141    1  281 7:5409877..5405706    1 4172    0    3
//
Making a W in phase 2 intron
Making a G in phase 1 intron
Making a R in phase 2 intron
>7:5409877..5405706.pep
MRGSCPGGGASASLAPSFNGFRAMIWPATVNCTSRIGISFIQTAKTGPFRAGDRATGGIC
YASQAVELLPTLCPEIVVRDARLEDCWEVADTHCSSFFPGYKFPLDLVLRIDRYIALLSG
FSVPPGCMKTCLVAVNSNSVNNSFTIECGDVTDASFQEYSLSRGSIAGILTLDTVADYLP
RRGPLKQRRTGIAYIANVAVRKEERRKGIAKMLVQEAEARARSWGCRSMALHCDVNNIAA
LRLYKNQGFKCIRVPEGAKWPEPKIAKGVQYNFMMKLVPKA
//
#	12423
Bits   Query         start end Target      start end   idels introns
1219.33 GRMZM2G399212    2  921 1:21282482..21294995    2 12505    1   12
//
Making a F in phase 2 intron
Making a R in phase 2 intron
Making a G in phase 1 intron
>1:21282482..21294995.pep
XFPLSRFASSPLKTLGALRTLVVMSYRGGRGGGGPNSHRGRGRGGGGGRGGRGGGGGRGE
QRWWDPEWRAERLRQMHGEVEKVDENEWWNKIGQLREGSQQELVVKRNFGRDGQNILANM
AQRQGLYFNAYNRGKTLVFSKVPLPDYRADLDDRHGSTQKEIKMSNQTEARVENLLSRSK
WNTNNSASTSTVSMRQFLPSTSSSVVEPAAPIGKEKLSSQLRDLQNSRKTTASARSMQSF
REKLPAFSMREEFLKAVAANQVLVISGETGCGKTTQLPQFILEEEINSLRGSDCSIICTQ
PRRISAISVAARVAAERGEELGEAVGYQIRLESKRSAQTRLLFCTTGVLLRRLVQEPDLI
GVSHLLVDEIHERGMNEDFLIIILRDLLPRRPDLRLVLMSATINAELFSKYFGDAPVMHI
PGFTFPVAELFLEDVLEKTRYRINSECDNVAGSSRRKRFSSVKSDPLTDVFEDIDINKEY
GNYSITTRQSLESWSAADLDLSLVESTIEYICRYEAEGAILVFLTGWDEISKLLDKIKGN
NFLGSPNRFLVLPLHGSMPTVNQREIFDRPPANMRKIVLATNIAESSITIDDVVYVIDCG
KAKETSYDALNKLACLLPSWISKASAHQRRGRAGRVQPGFCYRLYPKIIHDAMPQFQLPE
ILRTPLQELCLTIKSLQLGAVSSFLAKSLQPPDPLSVKNAIELLKTIGALDDTEELTSLG
RHLCTLPVDPNIGKMLLMGSVFQCLDPVLTIAAALAYRNPFVLPIDRKEEADAVKRSFAG
DSC
//
#	9960
Bits   Query         start end Target      start end   idels introns
456.40 AC155390.2_FG002  121  665 10:5285353..5283301  320 2053    0    1
//
Making a V in phase 2 intron
>10:5285353..5283301.pep
PDSTTLASSLRAAAEASHVAMGRCVHGYGVKCGLAEHEHVVTGLMSLYSKCGDMDCARSL
FDRMEDPDLVAYNALISGYSVNGMVESSVELFKELAASDWRPNSSTLVAVIPVLNDMESA
RSIFDAMPEKTMESWNAMISGYAQNGLTEMAVELFQLMQELNVQPNPTTISSTLSACAQL
GALSLGTWVHRIIAKENLELNVYVMTALIDMYAKCGSIAEARSIFDRMDNKNVVSWNAMI
SGYGLHGRGAEALKLYKSMLDACILPTSSTFLSVLYACSHGGLVDEGQKVFRVMTNEYRI
SPGIEHCTCMVDLLGRAGKLNEALDLISEFPQSAIGPGVWGALLSACMVHKNSDLAKLAS
QKLFELDSENAGYYVLLSNLYTSKKHYSEAAVVRQEAKNRKLVKTPGCTLIEIGDKPHVF
MAGDRFHPQSEVIYSYLEKLTAKMIEAGYQPVTEAALYDVEEEEKEHMVKVHSEKLAIAF
GLLSTEPGTEIRIIKNLRVCLDCHNATKFISKVTQRLIVVRDASRFHHFRDGVCSCGDYW
//
#	3179
Bits   Query         start end Target      start end   idels introns
83.73 GRMZM2G373040   37   75 1:5296661..5296545    1  117    0    0
//
>1:5296661..5296545.pep
TLLISKIREEYPDRMMLTFSVFPSPKVSDTVVEPYNATL
//
#	12461
Bits   Query         start end Target      start end   idels introns
116.57 GRMZM2G423734   20   77 1:4026179..4025997   10  183    0    0
//
>1:4026179..4025997.pep
DRKREAVVLEHQRKVQEAMKAKARVPDEMEMKAIKTMGAMEEGDAVFGAGAEVNLDSQ
//
#	11297
Bits   Query         start end Target      start end   idels introns
402.43 GRMZM2G176396  107  387 9:54845280..54842217    1 3064    2    7
//
Making a A in phase 1 intron
>9:54845280..54842217.pep
VFLHGGPGAGTSPGNRRFFDPEFYRIVLFDQRGAGRSTPHACLEQNTTWDLVADIEKLRE
HLDIPEWQAIIFFFFLLTLITHSSVLGLSAAGQCXVFGGSWGSTLALAYSQEHPDKVTGL
VLRGIFMLRKKELDWFYEGGAAAIFPDAWEPFRDFIPEDERNCFIDAYNKRLTSSDPIVQ
VEAAKRWTMWEMMTAHLIQNNDNIKRGEDDKFSLXAFARIENHYFVNKGFLPSDSFLLDN
VDKIRHIKAFIVQGRYDVCCPMMSAWDLHKAWPEAEFKVVPDAGHSANEVGIAAELRSAT
EKLRDLLSK
//
#	5995
Bits   Query         start end Target      start end   idels introns
533.98 GRMZM2G153275  163  920 10:8758267..8760552    7 2286    0    0
//
>10:8758267..8760552.pep
GRAVHARVVQRGGVAQLDTFCANVLLNLYAKLGPLAAARRLFDGMPERNMVSFVTLVQGY
ALRGGFEEAAGLFRRLQREGHEVNHFVLTTILKVLVAMDAPGLTCCIHACACKLGHDRNA
FVGSSLIDAYSLCGAVSHARCVFDGIIWKDAVTWTAMVSCYSENDIPEDALNTFSKMRMA
GAKPNPFVLTSVLKAAVCLSSAVLGKGIHGCAVKTLCDTEPHVGGALLDMYAKCGYIEDA
RTVFEIIPHDDVILWSFLISRYAQSYQNEQAFEMFLRMMRSSVVPNEFSLSGVLQACANV
AFLDLGQQIHNLVIKLGYESELFVGNALMDVYAKCRNMENSLEIFRSLRDANEVSWNTII
VGYCQSGFAEDALSVFQEMRAAHVLSTQVTFSSVLRACANTASIKHTVQIHSLIEKSTFN
NDTIVCNSLIDTYAKCGCIRDALKVFESIIQCDVVSWNAIISGYALHGRATDALELFNRM
NKSDTKPNDVTFVALLSVCGSTGLVNQGLSLFNSMTMDHRIKPSMDHYTCIVRLLGRAGR
LNDALKFIGDIPSTPSPMVWRALLSSCVVHKNVALGKFSAEKVLEIEPQDETTYVLLSNM
YAAAGILDQVALLRKSMRNIGVKKEVGLSWVEIKGEVHAFSVGSADHPDMRIINAMLEWL
NLKASREGYVPDINVVLHDVDEEEKARMLWVHSERLALAYGLSMTPPGHPIRIMKNLRSC
LDCHTVFKVISKIVQREIVVRDINRFHHFDEGICSCGDYW
//
#	6818
Bits   Query         start end Target      start end   idels introns
141.06 GRMZM2G029514  167  437 4:67567607..67566442  357 1166    0    0
//
>4:67567607..67566442.pep
MRARGLAPDAHACTALLTALARARMTATARRVFDEMARAGLAVSTHVYNAMLHVCLKAGD
AARAEALVTRMDAAGVPLDRFSYNTVIALYCKKGMRYEAMCVRDRMDKEGIRADTVTWNS
LIHGLCKYGRVKEAAQLFTEMAAAQATPDNVTYTTLIDGYCRAGNIEEAVKLRGEMEATG
MLPGVATYNAILRKLCEDGKMKEVNQLLNEMDERKVQADHVTCNTLINAYCKRGHMTSAC
KVKKKMMESGLQLNQFTYKALIHGFCKAKE
//
#	7646
Bits   Query         start end Target      start end   idels introns
56.29 GRMZM2G321053  264  297 4:6257467..6256723  644  745    0    0
//
>4:6257467..6256723.pep
PSAPGEKLDVAKVVGQWETTAVAAARFSGELDPE
//
#	9445
Bits   Query         start end Target      start end   idels introns
1002.12 GRMZM2G028307   29  644 8:6901429..6906957   10 5529    2   11
//
Making a V in phase 1 intron
Making a S in phase 2 intron
Making a S in phase 1 intron
Making a G in phase 1 intron
Making a G in phase 1 intron
>8:6901429..6906957.pep
GTSEANEEHAVLPPRGWNSYDSFSWTVDENAYLQNAQIMAEKLLPHGYQYAVIDFLWYRK
YVEGAYTDSYGFDNIDEWGRPFPDLQRFPSSRVDKGFSQIASKVHGMGLKFGIHLMKGIS
VQAVNANTPILDIKTGRPYLEDGRQWTARDIGLSHRTCAWMTHGFMSVNTDIGAGRAFLR
SLYRQYADWGVDFVKVDCIFGTDYSPEEIITISELLQEIDRPIILSISPGTEVTPALAEN
ISDHVNMYRITGDDWDNWKDVSSHFGVSSSFAAAKKIGATGLRGRSWPDLDMLPFGWLTD
PSVNQGPHRKCNLTLDEQKSQMALWSMAKSPLMYGGDLRNLDDSTLNIITNPALLKINHY
SRNNMEFHYVYSERTSNEEHPGHFRSPYPVHLTKNDGMFVSLTTCSDDAANGWYMFPQDG
KPDHICRNYEILNDKNVSFCLGKTKRLLPSXIHPINKQRSAHSMICINTFYTLXKKEHLS
KFHISVTNTDDTCLDASAGQRRTASEIRFPMFSACRWHAKQMWELNANGNLVSSYSGLCA
KVESRDEGGTSGGRAWVATGSKGEIYLAFFNLDSVSRKMTVQISDLGKVLRRTFLKKELC
SCTEVWSGKNFGPVKEEISAVVNSHGSMVFEITC
//
#	6026
Bits   Query         start end Target      start end   idels introns
760.85 GRMZM2G016774    2  603 1:1340643..1348595    2 7953    5   13
//
Making a S in phase 2 intron
Making a G in phase 1 intron
Making a G in phase 1 intron
Making a R in phase 1 intron
>1:1340643..1348595.pep
TYXLQLEHQVRRKCSPLLESVLLPGGSDSTVHEWKAVPDIWRTAAEKYADLVAVIDPYHE
PPTEWTYTQLYMFXIYMHNSLFIIFMAAIQRLPLXIDDLTLTXNTGIMATGAINVVRGTR
SSDEELFQIYTHSESPQFFNRLAESFISRINTRFIILLWGDKSCIDSQAVKDIPLYGYKD
ITKLGRESRNALFLSGQQGQQDVFETISPEDVATLIYTSGTSGTPKGVMLTHGNLLHQIN
NLWEIVPAEPGDRFLSMLPPWHAYERACEYFIFSYGIQQVYTTVKYLKILVYKKIHSAIG
ISKAGISGGGSLPMHVDKFFEAIGIKVQNGYGLTETSPVVAARRPFCNVLGTIGHPIKHT
EIKVFDIETGEVLPDGSKGIVKIKGPQVMKGYYKNPLATNEAFDQEGWFSTGDIGWIVPH
HGIGPSRQCGGMIVLEGRAKDTIVLSTGENVEPAEIEEAAGRSNLINQIVVIGQDQRRLG
AIIVPNNDEILAEAKRKSILGENGDLAKDKVMNMLYDELKTWXRTPNYILLINFRTMHCS
FRVGPIMIVDEPFTIDNGLMTPTMKIRRDKVTDKYRREIEALFK
//
#	10489
Bits   Query         start end Target      start end   idels introns
122.31 GRMZM2G399098   11   95 9:40550771..40550459    1  255    0    0
//
>9:40550771..40550459.pep
KKGCMRGKGGPDNTQCGYRGVRQRTWGKWVAEIREPNRVNRLWLGTFPTAEDAARAYDEA
ARAMYGDLARTNFPRPHAATYAQAA
//
#	834
Bits   Query         start end Target      start end   idels introns
1279.89 GRMZM2G160702    2  856 6:61019973..61013582    2 6392    1   13
//
Making a I in phase 1 intron
Making a G in phase 1 intron
Making a S in phase 1 intron
Making a N in phase 1 intron
Making a R in phase 2 intron
Making a R in phase 2 intron
>6:61019973..61013582.pep
XEFVAHSSNVNCLKIGRKTSRVLVTGGEDHKVNLWAIGKPNSILSLSGHTSAVESVGFDS
TEVFVAAGAASGTIKLWDLEEAKIVRTLTGHRSNCMSVDFHPFGEFFASGSLDTNLKIWD
IRRKNCIHTYKGHTRGVNAIRFTPDGRWVVSGGEDNIVKLWDLTAGKLLHEFKCHEGQIQ
CIDFHPHEFLLATGSADKTVKFWDLETFELIGSTGPETTGVRSMTFNPDGRSLLCGLHES
LKVVFSWEPIRCHDTVDVGWSKLADLNVHEGKLLGCSFNQSCVGIWVVDLTRLEPYATGT
STKLNGHSELKTVSSGTLPLQNDSGSRANIGRSSTLQTSENNLKASSGRLSAQNSDSAPK
ETKLAPSSGLVPSTPQRAGVSSNNRSVGNSAFQSGGTTLKRSSLRSNSASNVHNFSKADV
VPVIVPRTSSGGELATDSRSDAADVAPVLPKVTRRVDPATDSRKESNDVDLVIPKASSRV
EIASDSAPVSTFKSGRRLEAAPDSKKESADTTPVVPNPRANARMEMASDSAPALSKANRK
LDSGTDSKKESVDAVPAIVPRANSRMEMNSDSRREPSAGRVSPFRIQSRYAELRKLTHAK
IDANKVDSGSKITETDDFNCQIFLPRRNGVFQISSEESREDVKCGPADRMGFSNSSEPNA
SVRNLYETFPLLQRGSKQASETPIIVSDEDVLSLLMEQHDLFLSSTKSRLTKLQIIHQMW
ERNDIRGVLSAMERMGDHAVCADMASVLMEKSEIITLDLCTSILPAVTDLLESKIDRHLS
VTLELLVKLVRTFGPMIHSTVSSGPCVGVDLEAEQRRERCNLCFIELEKAKNKLPSLTR
//
#	11789
Bits   Query         start end Target      start end   idels introns
237.46 GRMZM2G090647    1  191 3:51039533..51044057    1 4525    0    7
//
Making a P in phase 2 intron
Making a A in phase 2 intron
Making a R in phase 2 intron
>3:51039533..51044057.pep
MACLHDHSCEDHNCAADWSLYNHVDVPKVVALNESVPGSVKSVFKPWEQRLDTSGGFLES
NEGDPELLIFIPFTSDVKIKSISVVGGADGTSPSRMRAFINREGIDFSDAQNMQPVQEWE
LAENLQGALEYQTRYSRFQGVANLTLHFPDNFGGDTTKIYYIGLRGEATQNKRDVVATIV
YEVMPNPSDHK
//
#	3359
Bits   Query         start end Target      start end   idels introns
834.63 GRMZM2G089565    1  410 8:1460056..1461282    1 1227    0    0
//
>8:1460056..1461282.pep
MASIISEARNIRALSLRLRTLGETFQHGPFNRSVQRRWKKPVDSARTRLEGRTRDHRLDK
LMVQLRNLRLALALHEVISQQRNGYASLQLLSKWRHEVGLNIEIGAFLKKYPHIFQIYVH
PVKKNHCCKITQKMSDLIAEEDAVIRENEVDIVQRLKKLLMLSVNGTLNMHALWLIRREL
GLPDDYRSSILPNHQHYLPFESPDTLSLVSRDEALAVAKVEEWRKREYTEKWLAESETKY
AFPISFPTGFKIEKGFREKLKNWQRLPYTKPYEKNDSHLIHNVERLEKHIVGVLHELLSL
TVEKMMPIERLSHFRRVYAMEVNLREFLLKYPGIFYISTKGSAQTVILRESYSKGCLIEP
NPVYIVRRKMLDLILSGCRNIGECQQDSATWSAEYDLASSHRCXDNICQ
//
#	13836
Bits   Query         start end Target      start end   idels introns
61.66 GRMZM2G141499   50   81 7:22401264..22401169    1   96    0    0
//
>7:22401264..22401169.pep
GAKHQSHQDYMEKANKARSERLSSGQPSALKE
//
#	15612
Bits   Query         start end Target      start end   idels introns
337.05 GRMZM2G060507    1  191 1:71941225..71937813    1 3413    0    3
//
Making a G in phase 1 intron
>1:71941225..71937813.pep
MLLCSFREQLQQHVRVHAVEAVMACREIEQSLQDLTGATLEEGTGATMSEDEDEPPMLEG
ALDMGSDGHDMMGFGPLLPTDSERSLMERVRQELKIELKQGFKSRIEDVREEILRKRRAG
KLPGDTTSILKQWWQQHSKWPYPTEDDKAKLVEETGLQLKQINNWFINQRKRNWHNNSQT
STLKSKRKR
//
#	12779
Bits   Query         start end Target      start end   idels introns
38.89 GRMZM5G838496   47  171 3:165700..165428    1  273    0    0
//
>3:165700..165428.pep
KSSSDLESIEVQGFRDLGFVFEHEELRESLADVLPGLKQQTKSTSTSPRPRPYLSEAWQQ
VRRPALARVQSAAEMKDQLRMWAQAVACNVR
//
#	7576
Bits   Query         start end Target      start end   idels introns
839.76 GRMZM2G134508    5  451 2:61498119..61495279    1 2841    0    3
//
Making a E in phase 2 intron
>2:61498119..61495279.pep
FQTPAASNPFQTPAAPNPFQTPAPATSQAPSLSPSPFQFSFQQQQPQPQPQQQVAPAAQP
QQPQPQQQKLMLYTTDMKPAGYNTKWEELHAESQKALLQIEDKIRDYRDESERLDQCSRL
YDSSISNVNFEIDANRIAQQELGGTTTVMEREKASIQELMTVVNEMMWNTEFAIRSYLML
RPRFTRPGAGVANGGSSNPSSGAPPNQPVVDFYSGVPKRPSIFMQRTVNRFECYLAECCK
WIGELEQLVQMETNKRSSDSLESLPKVMSNVHDYFIFVASKVENLHQYVESMKTEYLNAQ
RRIGNGSDPFLEANRREAAKQEAAARRVHPTLHLPTPAQPMAQIAAPATTTSQPQQSSFP
SAATSSSALSTFSTPASAPSSSSLFATPTTPAPSGNLFGASGSAQLTTPFGTASTPTLTS
TPAPGFGTSTTSLGGTSLFSTPFGGTHTCS
//
#	8085
Bits   Query         start end Target      start end   idels introns
2312.96 GRMZM2G703415    1 1169 5:61156009..61161760    1 5752    0    6
//
Making a R in phase 2 intron
>5:61156009..61161760.pep
MAAQEATAAADSSGPRFAPDDPTLPAPWKALIDGATLYYWNPETNVTQYEKPAAATAGVP
PMPAGPPPPTPAQGPEPAPGVYSQPNIGQAGQAGHQYPQAGQAAYPQAGQLGQQHTQQPA
QQHVPAQHQASFQQVPYQQQQAYMPNQPHQYHSAHPQHMPYQHGPYMQPQQQQQAPPYSY
QADQQPQMPQTAYNQAQQSPMPQAAYNQGQSQQPPMPQAAYNQGQVQQPPMPQPSYNQGQ
VQQPPMPQPSYNQGQQSMIPQSAYNQPQQPQMPHGAYNQGQQPQGVRIPQSQGQHPQQSL
SFHHPAQATQSPQVSQPQGLKMPSQQGQLQHGLPFTQHGKPPLSHGQQSPLLKDDDGVYE
GKRTGFSLPLSQQRGQAPLPNQQLPSSHQNPGALSSQPNIPGVGGPLYPAKHLPGGSSSA
ETNNMGFMNSPAHMHQGGADTNYQQKPVSGHAVPNHAGPSPIRPPMGFDMGNSDGHFERD
DSHSYGRFDGTKALQQQPKLAPIPTSQNPMGMHNGPPYPRPDNFGGYNMAPPHSVPNPHN
LGPLPIGTSVRPPSSMFAPPDFPSVSSADAYRQHHEVTAMGENVPAPFMTFEATGFPPEI
LREIHAAGFSNPTPIQAQTWPVALQNRDIVAIAKTGSGKTLGYLIPAFIHLRRCHNNPML
GPTVLVLAPTRELASQIQDEVVKFGQSSRVSCTCLYGGASKGPQLRELERGADIVVATPG
RLNDILEMKKISLHQVSLLVLDEADRMLDMGFEPQIRKIVDEIPNTRQTLMYTATWPKEV
TKIAGDLLRDPVQVNIGSIDELVANKSITQYVEVVPPMDKQRRLEQILRDQERGSKIIIF
CSTKKMCDQLARGIGRNFNAVSIHGDKSQAERDNVLNQFRTGRAPILVATDVAARGLDIK
DIRVVINYDFPTGIEDYVHRIGRTGRAGATGVSYTFFSEQDWKYAGDLVKLLQGANQHVP
PQLQDMAARSASGGPRNQAAGMSRWDGPGGRRFDPGAGGPVGYGGVREGPGGFSGREGPG
GFGVRESPAMFGGREGPDGLGGRAGPGGFGSREGPGGFGGHEGPGGFGGREGPGGFGGRK
GPGGFGGRDGPGSGGFGGRGERGSGGFGSRGGASPGGFGGRGGRGDSPGFGGRGRGDFSS
FGGRGRGDSPGFGGRGRGDFSGGRGGRGRGFGGRGRSDR
#	15993
Bits   Query         start end Target      start end   idels introns
291.95 GRMZM2G120814    1  184 3:69038983..69036597    1 2387    0    3
//
Making a W in phase 2 intron
Making a E in phase 1 intron
>3:69038983..69036597.pep
MAPGALARLLRLAPTPRLARPFAAKARASRRPQEPELPSEDDNDFAGGEVAAPTEGIGRP
LAEVLKELGKRVPDSLVKTRVEDNGFAIKYIPWHIVNKILNIHAPEWSGEVRSIVYSSDG
KSVSVVYRVTLHGIDAEIYREATGTASVDDTSYGDPVQKAEAMAFRRACARLGLGLHLYH
EDVS
//
#	11933
Bits   Query         start end Target      start end   idels introns
998.91 GRMZM2G063897  122  670 4:712622..710555    1 2068    0    4
//
>4:712622..710555.pep
SGSSEEGKRHVSSKTVIITLLVCVILTTTAFLVTTVYYFRRKDALSPRSQIYSFDKYTSW
SSRSNLVSNRSSPLPQLKSKPRLGVLKGKLNLYTFPFLCSCNLICGGESGTFPGVIIRFS
YAELEQATGKFSDEHLIGVGGSSKVYRGQLGDGKVVAVKKLRPLGGADEDFEFLSEIELL
SRLNHCHVVPLLGYCSESQGRQLERLLVFECMSNGNLRDCLDLKQGRRPMDWQTRVSIAL
GAARGVEYLHEAAAPRILHRDIKSTNILLDDKFRAKITDLGMAKCLMNDGVTSCSSSPAR
MLGTFGYFAPEYAIVGKASLKSDVFSFGVVVLELITGRPPIHKSSSTRADESLVIWATSR
LRDSRLVVTELPDPTLQGKFPAEEMQIMAHLARECLQWDPEARPTMTEVVQILATIAPLQ
QGAKRRNLPIAAAFNLTASPHVGRCDPEPKDDDDDIERQQLQQQECSPTTPVQWKQQARR
APSPPPGRASWPGDRGNVVSRGAVVSGELVNGTLLMSPHGRGSWRRPPPPPGDDEEAVDV
DLTEPRMEAFTQPAAFR
//
#	9963
Bits   Query         start end Target      start end   idels introns
444.54 GRMZM2G462625  194  829 1:5534023..5536128    1 2106    0    1
//
>1:5534023..5536128.pep
SLLSMYAKSGRLADARVVFAQMPERDAVSWTVMVVGLNRAGRFWDAVKTFLDMVGEGLAP
SQFMLTNVLSSCAATEARGIGRKVHSFVIKLGLSSCVPVANSVLYMYGKCGDAETARAVF
ERMKVRSESSWNAMVSLYTHQGRMDLALSMFENMEERSIVSWNAIIAGYNQNGLDDMALK
FFSRMLTASSMEPDEFTVTSVLSACANLRMLKMGKQMHSYILRTGMPYSSQIMNALISTY
AKSGSVETARRIMDKAVVADLNVISFTALLEGYNGQNDEAMELFRSMIRSGPEPNSHTLA
AVLSACASLAYLGYGKQIHCRAIRSLQEQSVSVSNAIITVYARSGSVPLARRVFDQICWR
KETVTWTSMIVALAQHGLGEQAIVLFEEMLRVGVKPDRVTYIGVFSACTHAGFIDKGKRY
YEQMLNEHGIVPEMSHYACMVDLLARAGLLTEAHEFIQRMPVAPDTVVWGSLLAACRVRK
NADLAELAAEKLLSIDPDNSGAYSALANVYSACGRWNDAARIWKLRKDKAVKKETGFSWT
HVQSKVHVFGADDVLHPQRDAICKKAAEMWEEIKKAGFVPDLNSVLHDVDDELKEELLSR
HSEKLAIAFGLISTPEKTTLRIMKNLRVCNDCHTAIKFISKVVDREIIVRDATRFHHFRD
GYCSCKDYW
//
#	10901
Bits   Query         start end Target      start end   idels introns
483.96 AC203841.3_FG002  235  941 9:5538876..5541248   64 2373    0    1
//
>9:5538876..5541248.pep
WNLLVRAHIEEGRLDRAIGVSCRMLRAGTKPDHFTLPYALKACGELPSYRSGSAFHGLIC
CNGFESNVFVCNALVAMYSRSGSLEDASLVFDEITRKGIDDVISWNSIVAAHVKGSNPRT
ALDLFSEMTTIVHEKATNERSDIISIVNILPACASLKALPQTKEIHSYAIRNGTFADAFV
CNALIDTYAKCGSMKDAVNVFNVMEFKDVVSWNAMVTGYTQSGKFGAAFELFKNMRKENI
PLDPNSVTIISLLSACASLGALSQGMETHAYSLKKCLLSLDNDFGGDGDGEDLVVHNALI
DMYSKCRSFKAARTIFNSIPRRERNVVTWTVMIGGYAQYGDSNDALKLFSEMISKPYAVA
PNAYTISCILMACAHLSSLRMGKQIHAYVTRHHEYESSVYFVANCLIDMYSKCGDVDTAR
NVFDSMPKRNEVSWTSMMSGYGMHGRGKEALDIFDKMQKAGFVPDDISFLVLLYACSHSG
MVDQGLDYFDIMRSDYGVIASAQHYACVIDLLARSGRLDKAWKTIQEMPMEPSAAIWVAL
LSACRVHSNVELAEYALNKLVSMKAENDGSYTLISNIYATARRWKDVARIRQLMKKSGIK
KRPGCSWVQGKKGTASFFVGDRSHPLSPEIYSLLERLIGRIKVMGYVPETNFALHDVDDE
EKNNLLTEHSEKLALAYGLLTTSPGCPIRITKNLRVCGDCHSAFIYISKIVDHEIIVRDS
SRFHHFKNGSCSCGGYW
//
#	3603
Bits   Query         start end Target      start end   idels introns
136.72 GRMZM2G171420  131  382 1:8893760..8892963    1  798    0    0
//
>1:8893760..8892963.pep
NRRIAEVKEKERRRTLEEILYALVVQKFVEADVSLVPALSHSIDSSGRVDQWTETVEEKL
QRLHSPEAYEMIENHLSLILGQRQGDATIAAISKLRVGQVYAASVMYGYFLKRVDQRFQL
EKTMKSLPWGSEEEDSALNQVMTTDSMPSARVSSSHPEMGSWTAPDFNAGGPSQSIKPSR
LRSYVMSFDSDTLQRYATVRSKEAFGIIEKHTEALFGKPEIVITPEGAVDSSKDEHIRIS
FSGLRRLILEAVTFGSFLWDVESFVD
//
#	13440
Bits   Query         start end Target      start end   idels introns
424.50 GRMZM2G476593   78  585 10:2298210..2296687    1 1524    0    0
//
>10:2298210..2296687.pep
DVVSWTALVSAYARRGMLRDARELFDRPDARRNVVTWTALLSGYARARLVDEAEALFQRM
PQRNVVSWNTMLEAYAAAGRVGDACALFDRMPVRDAGSWNILLATLVRSGSVDKARELFG
RMPERDVMAWTTMVDGVARSGKVDEARVLFDSMPERNVVSWNAMISGYTRNHRIDEALDL
FMKMPERDIASCNIMVTGFIQNKDLKRARELFDEMPERNVVTWTTMMNGYLKGKQSELAL
GLFSGMLMAGTRPNQVTFLGALDACSDLAALCEGKQVHQMICKTTFQFDAFVESALMNVY
AKCGEIGLARKLFDLSREKDLISWNGIIAAYAHHGVGIEAILLYEKMQENGYRPNDVTYV
VLLSACSHSGLVDEGLKIFESMVNDRSIAVRDEHYTCLIDLCSRAGRLDDAKRLIHYLKI
KPASGSVWSALLGGCNAHGNESIGNLAARNLLQAEPDNAGTYTLLSNIYASAGKWKEAAE
IRSEMNNRGLKKQPGCSWIEVANKVHVF
//
#	14917
Bits   Query         start end Target      start end   idels introns
120.70 GRMZM2G150193   51  177 4:1087978..1089864   10 1875    0    4
//
Making a R in phase 2 intron
Making a E in phase 1 intron
>4:1087978..1089864.pep
EKPRNHLDLRNRLNSKGQREGKVIDYRVSELRVVELLDGLCDKMQDYTLKKLESGEKGWV
KVTDWNSFQTEKKAAARAHSKNLSTFCGRYNIFPLAEWIKTSSTESENVSKALCEDISKH
CQST
//
#	7353
Bits   Query         start end Target      start end   idels introns
174.07 GRMZM2G061702   21  281 4:5712985..5714980   10 1996    0    5
//
Making a G in phase 1 intron
Making a A in phase 1 intron
Making a R in phase 2 intron
Making a G in phase 1 intron
>4:5712985..5714980.pep
SGTSAAHPAYADATAYGLAAASALEAGLEEYGGGRIVDITHAYRPELPFPGRDGLGAVTR
LTESMANGSVNNVSELRMVVHSGTHVDAPGHMVQEHFVAGLGVDKLDLDVLNGPALLIDV
PRDTNITAQAMESLNITQGIRRVLFRTLNTDRKLMWTKEIDTSFVGFTEDGAQWLVDNTD
IKLVGIDYLSVAAFDHLISAHLVFLNRRDIIPIEGLKLDHVKTGVYMLHCLPLRLIGCDG
SPIRCILIK
//
#	8698
Bits   Query         start end Target      start end   idels introns
119.61 GRMZM2G428356   83  133 1:19821339..19821187    1  153    0    0
//
>1:19821339..19821187.pep
GWQEKLSSLQDRARIFFAVLFWMSLFFWGSAWDGSNNSGGKKRQRFRKKSK
//
#	6806
Bits   Query         start end Target      start end   idels introns
468.92 GRMZM2G377780   31  791 1:217815..220082    4 2268    0    0
//
>1:217815..220082.pep
QSYIVYLGAHSYGRDASAEEHARATQSHHHLLASILGGDDETARQSIFYSYTKSTLNGFA
AHLEESVAQQIQEHPEVVAVVESKMLQLHTTRSWDFMDLERDGHVLPGSIWNHAKFGQDV
IIASLDSGVWPESHSFADDGGDLAEAVPARWKGTCQDTVKYGVACNRKLIGARFFNRDML
LSNPSVVGANWTRDTEGHGTHTLSTAAGSFVPRASLFGYANGTAKGGAPRARVAAYKVCW
SGECAAADVLAGFESAIHDGADVISVSFGQDAPLADDAKSLFQEPVTLGSLHAAVHGVSV
VCSAGNSGPYDNTIVNAAPWVTTVAATTVDRDFPNVLTLGNSVRLKGMSLESTTLHSNTL
YPMVDAARAASATSNTYDASSCALGTLDPAAVKGKIVVCRRGGGGGGGGGQVSRVTKGMA
VLDAGGAGMILANDRMDGEDIVADAHVLPATMITYSEAVSLYAYMASTANPVANISPSKT
EVGVKNSPSVAGFSSRGPSGTLPYVLKPDIAAPGVDILAAFTEYVGPTELASDKRRSEYA
ILSGTSMSCPHVSGIIALLKAARPEWSPAAMRSAIMTTARTQDNSGAPIRDHDGREANAF
AYGAGNVHPNRAVDPGLVYDATPDDYFTFLCSMGFSEADMKRLSAGKFACPAKVPAMEDL
NYPSIVVPSLRGTQTVTRRVKNVGRPAKYLASWRAPVGITMEVKPTVLEFSKGVGEEEEF
KVTVTSHKDKIGLGYVFGRLVWTDGTHYARSPVVV
//
#	11051
Bits   Query         start end Target      start end   idels introns
1325.45 GRMZM2G159744    2 1056 10:49759584..49753571    2 6014    1   13
//
Making a R in phase 2 intron
Making a R in phase 2 intron
Making a S in phase 2 intron
Making a R in phase 2 intron
Making a G in phase 1 intron
>10:49759584..49753571.pep
XQYGTDYPLERRMYGEHSANLGRRDGLSDLDRRYTDQIASGHQGSSMRHQQLLKGQLQPG
SDTRQADYFAGRSAPVHQASQEIGVYGRVEADNRNMSILGTAPYGRQQAASLLEGAPRTN
IDSLYGQGSSSTGYGAGLPPGRDYASGKGLLHPSSDPDYRDSILPRVHPGVSMVDDRRVD
RIGYRRELDLRDEERRRDLMLEREKELEWERERERERELRDFRDRERERERERDHERLLR
ERERERERERERERERERLRERREKERERDRKHGADPRRELTSPRGPGDRRRSSSVRSEK
PVRRISPRRDAVHRHRSPVKEIKREYICKVLPFRFVDDERDYLSVTKRYPRLAITPEFSK
IVLNWAKENLNLPLHTPVSLEHDVLDSDDGADEGAIVATEKTSPATIWNAKVLLMSGMSK
GAFADITSLRSTEERVAHLNNILKFAVLKKDRSLFAIGGPWNAAIDGGDPSVDCSCLIRT
AIRCVKEMVQVDLSSCIHWNRFVEVHYNRIGKDGLFSHKEITVLFVPNLSDCLPSVDVWK
NNWILYKKSKAERDQLTVIKEKSPGDSKEQMQGELNKGKNLDADQLKEGDLGCSDMKNEK
GDADMKQQDDDVEGKVKGEEPVQKMGGDVEGKTTGDSSIDHVAGDKKPTKKKIIKKVVKV
VRKKTTGPSADKSSEDKNAVAESANKTAEGGQSQQKNEDGGKEQEGAGISQQPEAKKTGK
KKIIRRIVKRKVSGSGSQLTAPATPAETSKQETVQPDKNVESSTDVGSPQTKLQEGSKIP
SGEDISNQKKEEKPEENEHPLNDRSSNEDKGNHKEAMEQKDTKKDGKKDKTKDDKEKKNR
DLKMDPKQKPLNDTKEKKRSDEPPKYPGFILQAKRNKESKLRSTSLSLDGLLDYTAKDIE
ESVFELSLFAESFGEMLQHRMGCVILSFLE
//
#	3523
Bits   Query         start end Target      start end   idels introns
39.53 GRMZM2G312838   85  166 2:972829..973273  200  442    0    0
//
>2:972829..973273.pep
QEVFDKDTFSKDDMMGDAEFDIEALVQMIQMDLEDIRSGTVVRTVRPGGKDSCLADESHI
IWDNGQVVQDILLKLRNVHTG
//
#	16194
Bits   Query         start end Target      start end   idels introns
689.57 GRMZM2G006197    1  462 4:1286626..1291145    4 4520    0    1
//
>4:1286626..1291145.pep
PDDGGGGMVTTTTAMIPPDDLRSRRRLAAVLAPLLLFLAAALSFPSTLRLAAIPLPTLPR
ERPLMTTTTTPHQPGRRTTTTPTSTTAPPPPPRRVAVCLVGGARRFELTGPSIARHVLTS
GAFFAVVPAKAAAVDVFLHAPLDADAYKLSLLARAVAGGSTSTSNNVSLAAVRVFRPEHL
DETTPPARAHVLTAHNSPNGIQGLLQYFRLVEGCLDLIRDRESRGNFTYAAVLRTRLDGF
WTAPLRLDADDNLLLHSATDYYVVPEGSRYGGLNDRLGYGGRHATASALSRLSMLPQLAA
AGYAGLNSEAAFAAQLAVSGVSARERRLPFCVLSDRQYTFPPVTGYGVPVASVASAGPLS
GAKCRPCRPACVGECAERNVARLQSGWSWTEYRNGTVELCDASEPWEDGWEAMFDAVAGD
DAARIRRSVARMGAKECVDQMEKFKALAERWDAPSPAEICRIGFRARAAAA
//
#	2794
Bits   Query         start end Target      start end   idels introns
1183.92 GRMZM2G360352    1  553 7:389081..390766    4 1686    0    0
//
>7:389081..390766.pep
LAAAGRDGADLILSLPEDVLALISAHLRPRDLLALSAASRRLRRALSADKAWLAQCRRLL
PSPAHLLAWRAAAAGDSLAVCRFLHSAAPLLGLWAHQNPELGNLVAAVPGFLSVVAARAI
PQELSPRLRWAPVFELLADDHGRPALLFLHGHHHAHLFPGLLASLQPHANVIFLEAHTAR
DPLASSSSSSSSSCPQCFARLSFGDRRRLLDSLVAACRITLPPDLVDAPLFACSDDDLPL
LAKRREAMLRLHREAAGGMVRTPEVQGLLLEAKKKAATTPSPTDGGRRIPLRRSLSAVAG
YFRNGLRQMVTRSASANSRTDYVDAKHLALSDFLHDGESVGLSLRGARMRLSTYRAWPSM
HDNRFALYKLTVQTPMPGREYAGLWGGTFGWPPGRPSDECKPKKALFFLLLSYEEDSEGK
LQLIATKVLEGTHYVVHPNGSSMFIARMGEQSTEPFPWQTDGESRNVDVERGFAGEGIAN
GYGFRYPGSKPGSLFVLQDGLLAFVWKETGAVLTLQRLDLEELLKKGERVPALQPVPNFA
YLTKSYSNVFTGFPGSSASPR
//
#	10063
Bits   Query         start end Target      start end   idels introns
303.64 GRMZM2G326545    1  141 4:6407122..6407544    1  423    0    0
//
>4:6407122..6407544.pep
MQDPRDDDFSAPKLHKKKVVYRPLPSGQLKGEPELLRREFPQSSGMVQKPPKRSLKVEPH
TSPSDRGTPDSLTESGPTDEYRALRRKYLMLEEENFALDKELSMEEEEMKALEDEKLALL
DQLVVLEGLVEPSQLQSQRRP
//
